Date,cape,dy
1871-01,,5.86
1871-02,10.92,5.78
1871-03,11.19,5.64
1871-04,12.05,5.49
1871-05,12.59,5.35
1871-06,12.59,5.39
1871-07,12.27,5.5
1871-08,12.55,5.43
1871-09,12.31,5.37
1871-10,11.47,5.66
1871-11,11.6,5.6
1871-12,11.59,5.49
1872-01,11.9,5.42
1872-02,11.96,5.47
1872-03,12.18,5.36
1872-04,12.25,5.28
1872-05,12.28,5.34
1872-06,12.27,5.46
1872-07,12.38,5.55
1872-08,12.13,5.69
1872-09,11.83,5.86
1872-10,12.13,5.9
1872-11,11.71,5.99
1872-12,12.17,5.92
1873-01,12.25,5.92
1873-02,12.05,5.92
1873-03,11.95,6.02
1873-04,11.78,6.15
1873-05,12.05,6.19
1873-06,12.22,6.33
1873-07,12.16,6.39
1873-08,12.12,6.44
1873-09,11.16,7.03
1873-10,10.4,7.76
1873-11,10.31,8.11
1873-12,10.96,7.47
1874-01,11.33,7.08
1874-02,11.63,6.88
1874-03,11.43,6.98
1874-04,11.26,7.17
1874-05,11.02,7.37
1874-06,11.19,7.4
1874-07,11.07,7.4
1874-08,11.14,7.38
1874-09,11.28,7.27
1874-10,11.4,7.28
1874-11,11.56,7.22
1874-12,11.45,7.27
1875-01,11.41,7.21
1875-02,11.35,7.17
1875-03,11.48,7.03
1875-04,11.51,6.88
1875-05,11.33,7.1
1875-06,11.28,7.19
1875-07,11.29,7.12
1875-08,11.24,7.03
1875-09,11.24,7.04
1875-10,11.06,7.09
1875-11,11.34,6.92
1875-12,11.45,6.86
1876-01,11.79,6.73
1876-02,11.96,6.64
1876-03,11.95,6.65
1876-04,11.63,6.91
1876-05,11.63,7.18
1876-06,11.88,7.23
1876-07,11.75,7.32
1876-08,11.18,7.63
1876-09,10.42,8.13
1876-10,10.2,8.17
1876-11,9.94,8.33
1876-12,9.74,8.38
1877-01,9.52,8.19
1877-02,9.23,8.43
1877-03,9.2,8.6
1877-04,8.31,8.96
1877-05,8.18,8.65
1877-06,8.05,8.97
1877-07,8.35,8.27
1877-08,9.29,7.43
1877-09,9.99,6.71
1877-10,10.22,6.29
1877-11,10.27,6.11
1877-12,10.25,5.85
1878-01,10.57,5.82
1878-02,10.45,5.92
1878-03,10.88,5.79
1878-04,11.29,5.61
1878-05,11.71,5.56
1878-06,12.21,5.43
1878-07,12.31,5.29
1878-08,12.06,5.31
1878-09,12.3,5.18
1878-10,12.28,5.22
1878-11,12.37,5.21
1878-12,12.58,5.22
1879-01,12.87,5.08
1879-02,13.18,4.94
1879-03,13.09,5.07
1879-04,13.66,4.95
1879-05,14.25,4.78
1879-06,14.45,4.8
1879-07,14.54,4.75
1879-08,14.61,4.75
1879-09,14.59,4.62
1879-10,15.29,4.2
1879-11,15.26,4.02
1879-12,14.77,4.07
1880-01,14.87,4.01
1880-02,15.12,4.04
1880-03,15.23,4.06
1880-04,15.46,4.25
1880-05,14.63,4.72
1880-06,14.95,4.8
1880-07,15.59,4.69
1880-08,16.1,4.62
1880-09,15.86,4.73
1880-10,16.26,4.69
1880-11,16.87,4.55
1880-12,17.33,4.45
1881-01,18.47,4.28
1881-02,18.15,4.38
1881-03,18.28,4.41
1881-04,17.95,4.5
1881-05,18.88,4.38
1881-06,19.04,4.41
1881-07,18.11,4.65
1881-08,17.28,4.84
1881-09,16.72,4.88
1881-10,16.25,5.04
1881-11,16.48,5.09
1881-12,15.96,5.32
1882-01,15.68,5.41
1882-02,15.15,5.53
1882-03,15.08,5.54
1882-04,14.92,5.54
1882-05,14.56,5.6
1882-06,14.33,5.63
1882-07,15.23,5.33
1882-08,15.53,5.18
1882-09,16.07,5.13
1882-10,15.76,5.27
1882-11,15.19,5.51
1882-12,15.38,5.48
1883-01,15.27,5.52
1883-02,14.75,5.66
1883-03,15.05,5.61
1883-04,15.47,5.51
1883-05,15.33,5.62
1883-06,15.91,5.58
1883-07,15.96,5.69
1883-08,15.2,5.97
1883-09,15.49,5.92
1883-10,15.05,6.1
1883-11,15.41,6.03
1883-12,14.89,6.18
1884-01,14.43,6.34
1884-02,14.8,6.14
1884-03,14.73,6.13
1884-04,14.35,6.39
1884-05,13.46,6.92
1884-06,12.9,7.17
1884-07,13.05,7.14
1884-08,13.86,6.68
1884-09,13.57,6.86
1884-10,13.28,7.06
1884-11,13.31,7.17
1884-12,13.43,7.14
1885-01,13.13,7.17
1885-02,13.39,6.83
1885-03,13.74,6.68
1885-04,13.54,6.56
1885-05,13.71,6.5
1885-06,13.97,6.4
1885-07,14.33,6.04
1885-08,15.13,5.59
1885-09,15.11,5.54
1885-10,15.98,5.12
1885-11,16.83,4.69
1885-12,16.31,4.62
1886-01,16.7,4.58
1886-02,17.01,4.47
1886-03,16.84,4.53
1886-04,16.81,4.56
1886-05,16.87,4.62
1886-06,17.82,4.38
1886-07,17.85,4.28
1886-08,17.72,4.22
1886-09,18.14,4.08
1886-10,18.55,3.95
1886-11,18.96,3.83
1886-12,18.2,3.9
1887-01,17.52,3.99
1887-02,17.12,4.06
1887-03,17.47,4.01
1887-04,17.82,3.97
1887-05,18.07,3.94
1887-06,17.71,4.1
1887-07,17.42,4.25
1887-08,16.74,4.4
1887-09,16.67,4.51
1887-10,15.88,4.71
1887-11,15.95,4.67
1887-12,15.45,4.74
1888-01,15.36,4.68
1888-02,15.41,4.67
1888-03,14.8,4.82
1888-04,15.02,4.77
1888-05,15.38,4.68
1888-06,15.08,4.79
1888-07,15.27,4.64
1888-08,15.6,4.51
1888-09,15.98,4.37
1888-10,15.72,4.36
1888-11,15.22,4.42
1888-12,14.94,4.47
1889-01,15.81,4.37
1889-02,16.19,4.31
1889-03,16.07,4.38
1889-04,16.05,4.38
1889-05,16.92,4.24
1889-06,17.22,4.16
1889-07,16.89,4.23
1889-08,17.14,4.16
1889-09,17.34,4.05
1889-10,17.05,4.11
1889-11,16.9,4.13
1889-12,16.61,4.14
1890-01,17.22,4.09
1890-02,17.03,4.14
1890-03,16.9,4.17
1890-04,17.26,4.08
1890-05,17.78,3.91
1890-06,17.68,3.94
1890-07,17.58,3.97
1890-08,16.6,4.07
1890-09,16.16,4.14
1890-10,15.48,4.33
1890-11,14.74,4.67
1890-12,14.44,4.78
1891-01,15.43,4.55
1891-02,15.47,4.49
1891-03,15.06,4.57
1891-04,15.4,4.43
1891-05,15.57,4.44
1891-06,15.66,4.54
1891-07,15.61,4.61
1891-08,16.16,4.46
1891-09,17.72,4.13
1891-10,17.72,4.13
1891-11,17.66,4.19
1891-12,18.2,4.07
1892-01,19.01,4.02
1892-02,19.03,4.05
1892-03,19.73,4.03
1892-04,19.95,4.07
1892-05,19.92,4.1
1892-06,19.77,4.15
1892-07,19.22,4.18
1892-08,19.2,4.15
1892-09,18.69,4.29
1892-10,19.03,4.23
1892-11,18.46,4.28
1892-12,18.02,4.36
1893-01,17.65,4.29
1893-02,17.13,4.39
1893-03,16.9,4.57
1893-04,17.1,4.58
1893-05,15.79,5.05
1893-06,15.42,5.31
1893-07,14.35,5.88
1893-08,14.58,6.05
1893-09,15.02,5.66
1893-10,15.27,5.52
1893-11,15.93,5.45
1893-12,15.62,5.67
1894-01,15.74,5.71
1894-02,16.19,5.55
1894-03,17.18,5.32
1894-04,17.42,5.18
1894-05,16.8,5.3
1894-06,16.6,5.3
1894-07,16.28,5.33
1894-08,16.45,5.06
1894-09,16.53,4.91
1894-10,16.51,4.99
1894-11,16.55,4.91
1894-12,16.66,4.88
1895-01,16.51,4.9
1895-02,16.32,4.93
1895-03,16.35,4.89
1895-04,16.39,4.65
1895-05,17.07,4.38
1895-06,17.21,4.26
1895-07,17.54,4.2
1895-08,18.08,4.11
1895-09,18.2,4.05
1895-10,17.95,4.07
1895-11,17.35,4.18
1895-12,16.54,4.4
1896-01,16.58,4.43
1896-02,17.5,4.23
1896-03,17.22,4.28
1896-04,17.65,4.22
1896-05,17.84,4.22
1896-06,17.78,4.28
1896-07,16.64,4.56
1896-08,15.7,4.81
1896-09,16.55,4.55
1896-10,16.44,4.43
1896-11,17.09,4.13
1896-12,16.5,4.27
1897-01,17.03,4.27
1897-02,16.9,4.31
1897-03,16.96,4.3
1897-04,16.71,4.43
1897-05,17.05,4.41
1897-06,17.85,4.22
1897-07,18.65,4.04
1897-08,18.99,3.79
1897-09,19.36,3.61
1897-10,19.03,3.73
1897-11,18.36,3.87
1897-12,18.75,3.79
1898-01,19.25,3.72
1898-02,18.91,3.76
1898-03,18.03,3.98
1898-04,17.7,4.09
1898-05,17.6,3.87
1898-06,19.53,3.75
1898-07,19.86,3.77
1898-08,20.55,3.67
1898-09,20.45,3.71
1898-10,19.95,3.82
1898-11,20.53,3.73
1898-12,21.39,3.54
1899-01,22.92,3.3
1899-02,23.04,3.2
1899-03,23.27,3.16
1899-04,23.16,3.14
1899-05,22.1,3.29
1899-06,21.2,3.38
1899-07,21.57,3.28
1899-08,21.72,3.21
1899-09,20.6,3.26
1899-10,20.15,3.29
1899-11,20.21,3.24
1899-12,18.51,3.49
1900-01,18.67,3.57
1900-02,18.71,3.62
1900-03,18.78,3.71
1900-04,18.95,3.79
1900-05,18.41,4.1
1900-06,17.99,4.35
1900-07,17.7,4.48
1900-08,18.07,4.55
1900-09,17.35,4.78
1900-10,18.1,4.74
1900-11,19.42,4.51
1900-12,20.75,4.37
1901-01,20.97,4.27
1901-02,21.69,4.18
1901-03,22.36,4.06
1901-04,24.4,3.77
1901-05,23.06,3.99
1901-06,25.23,3.65
1901-07,23.15,3.93
1901-08,23.07,3.9
1901-09,22.6,3.94
1901-10,22.26,4.0
1901-11,22.37,3.94
1901-12,21.69,4.03
1902-01,22.34,3.95
1902-02,22.46,3.93
1902-03,22.41,3.93
1902-04,22.83,3.81
1902-05,22.42,3.83
1902-06,21.97,3.86
1902-07,22.4,3.79
1902-08,23.17,3.7
1902-09,22.87,3.7
1902-10,20.62,3.83
1902-11,20.41,4.0
1902-12,19.64,4.1
1903-01,20.32,3.92
1903-02,20.11,3.96
1903-03,19.89,4.15
1903-04,18.99,4.34
1903-05,18.96,4.45
1903-06,17.83,4.74
1903-07,16.93,4.99
1903-08,16.31,5.18
1903-09,15.65,5.33
1903-10,15.26,5.54
1903-11,15.4,5.55
1903-12,16.04,5.33
1904-01,15.86,5.19
1904-02,15.02,5.28
1904-03,15.09,5.25
1904-04,15.56,5.07
1904-05,15.52,5.13
1904-06,15.47,5.07
1904-07,16.03,4.82
1904-08,16.31,4.61
1904-09,16.74,4.37
1904-10,17.63,4.09
1904-11,18.07,3.83
1904-12,18.16,3.76
1905-01,18.46,3.7
1905-02,19.17,3.56
1905-03,19.84,3.48
1905-04,19.49,3.54
1905-05,18.63,3.74
1905-06,18.73,3.72
1905-07,19.2,3.63
1905-08,19.58,3.51
1905-09,19.74,3.52
1905-10,19.89,3.49
1905-11,19.45,3.53
1905-12,19.57,3.46
1906-01,20.13,3.4
1906-02,19.86,3.49
1906-03,19.26,3.63
1906-04,18.87,3.75
1906-05,18.06,3.91
1906-06,18.18,3.92
1906-07,18.19,4.09
1906-08,18.96,3.87
1906-09,19.21,3.81
1906-10,18.1,3.99
1906-11,18.14,3.97
1906-12,17.67,4.07
1907-01,17.22,4.22
1907-02,16.22,4.39
1907-03,14.69,4.91
1907-04,14.68,4.93
1907-05,13.8,5.14
1907-06,13.14,5.36
1907-07,13.58,5.2
1907-08,12.51,5.67
1907-09,12.33,5.77
1907-10,10.84,6.53
1907-11,10.6,6.99
1907-12,11.34,6.7
1908-01,11.9,6.38
1908-02,11.56,6.57
1908-03,11.99,6.26
1908-04,12.45,5.89
1908-05,13.08,5.55
1908-06,13.05,5.5
1908-07,13.35,5.26
1908-08,13.89,5.0
1908-09,13.71,5.02
1908-10,13.69,4.92
1908-11,14.44,4.57
1908-12,14.58,4.43
1909-01,14.77,4.45
1909-02,14.17,4.62
1909-03,14.33,4.6
1909-04,14.64,4.43
1909-05,14.96,4.33
1909-06,15.04,4.29
1909-07,15.23,4.26
1909-08,15.43,4.19
1909-09,15.25,4.22
1909-10,14.99,4.24
1909-11,14.74,4.29
1909-12,14.75,4.27
1910-01,14.54,4.39
1910-02,14.0,4.58
1910-03,14.04,4.49
1910-04,13.56,4.63
1910-05,13.57,4.73
1910-06,13.01,5.0
1910-07,12.34,5.3
1910-08,12.75,5.2
1910-09,12.94,5.19
1910-10,13.92,4.99
1910-11,14.16,5.02
1910-12,13.74,5.19
1911-01,14.05,5.07
1911-02,14.73,4.98
1911-03,14.37,5.04
1911-04,14.76,5.06
1911-05,15.05,4.96
1911-06,15.33,4.86
1911-07,15.08,4.88
1911-08,13.91,5.13
1911-09,13.0,5.42
1911-10,13.07,5.39
1911-11,13.73,5.18
1911-12,13.93,5.16
1912-01,13.8,5.16
1912-02,13.53,5.22
1912-03,13.64,5.08
1912-04,13.66,4.94
1912-05,13.65,4.95
1912-06,13.78,4.96
1912-07,13.8,4.96
1912-08,13.99,4.86
1912-09,13.93,4.84
1912-10,13.9,4.86
1912-11,13.75,4.92
1912-12,13.4,5.12
1913-01,13.15,5.16
1913-02,12.68,5.35
1913-03,12.44,5.45
1913-04,12.43,5.46
1913-05,12.22,5.61
1913-06,11.49,5.91
1913-07,11.53,5.83
1913-08,11.85,5.68
1913-09,11.84,5.63
1913-10,11.47,5.81
1913-11,11.07,5.96
1913-12,11.17,5.97
1914-01,11.64,5.68
1914-02,11.91,5.54
1914-03,11.69,5.59
1914-04,11.52,5.67
1914-05,11.48,5.57
1914-06,11.43,5.54
1914-07,10.69,5.79
1914-08,10.49,5.73
1914-09,10.5,5.66
1914-10,10.61,5.6
1914-11,10.52,5.53
1914-12,10.17,5.71
1915-01,10.36,5.63
1915-02,10.33,5.71
1915-03,10.71,5.58
1915-04,11.4,5.2
1915-05,11.03,5.34
1915-06,11.15,5.29
1915-07,11.11,5.32
1915-08,11.58,5.11
1915-09,12.01,4.94
1915-10,12.55,4.69
1915-11,12.86,4.54
1915-12,12.88,4.54
1916-01,12.54,4.72
1916-02,12.35,4.91
1916-03,12.18,5.04
1916-04,11.91,5.22
1916-05,12.03,5.22
1916-06,12.0,5.29
1916-07,11.79,5.48
1916-08,11.73,5.56
1916-09,11.94,5.45
1916-10,12.05,5.39
1916-11,12.05,5.38
1916-12,11.41,5.71
1917-01,10.99,5.96
1917-02,10.06,6.44
1917-03,10.33,6.36
1917-04,9.64,6.58
1917-05,9.14,6.93
1917-06,9.15,6.91
1917-07,9.0,7.23
1917-08,8.57,7.58
1917-09,7.95,8.1
1917-10,7.39,8.7
1917-11,6.75,9.65
1917-12,6.41,10.15
1918-01,6.64,9.43
1918-02,6.78,9.02
1918-03,6.69,9.07
1918-04,6.52,9.02
1918-05,6.58,8.6
1918-06,6.5,8.46
1918-07,6.37,8.26
1918-08,6.3,8.05
1918-09,6.15,7.96
1918-10,6.29,7.51
1918-11,6.33,7.2
1918-12,6.13,7.22
1919-01,6.1,7.22
1919-02,6.24,7.15
1919-03,6.36,6.9
1919-04,6.46,6.64
1919-05,6.83,6.17
1919-06,7.02,5.97
1919-07,7.05,5.75
1919-08,6.48,6.13
1919-09,6.56,5.99
1919-10,6.79,5.67
1919-11,6.47,5.8
1919-12,6.16,5.94
1920-01,5.99,5.98
1920-02,5.46,6.5
1920-03,5.8,6.06
1920-04,5.6,6.08
1920-05,5.19,6.47
1920-06,5.04,6.57
1920-07,5.08,6.55
1920-08,5.02,6.8
1920-09,5.3,6.54
1920-10,5.35,6.51
1920-11,5.13,6.84
1920-12,4.78,7.49
1921-01,5.12,7.11
1921-02,5.27,7.11
1921-03,5.19,7.23
1921-04,5.3,7.14
1921-05,5.61,6.87
1921-06,5.22,7.4
1921-07,5.2,7.36
1921-08,5.16,7.39
1921-09,5.38,7.15
1921-10,5.48,6.99
1921-11,5.84,6.58
1921-12,6.11,6.29
1922-01,6.29,6.36
1922-02,6.46,6.28
1922-03,6.82,6.1
1922-04,7.27,5.81
1922-05,7.59,5.64
1922-06,7.56,5.74
1922-07,7.6,5.75
1922-08,8.02,5.59
1922-09,8.27,5.49
1922-10,8.43,5.42
1922-11,8.0,5.75
1922-12,7.96,5.81
1923-01,8.15,5.75
1923-02,8.53,5.53
1923-03,8.7,5.46
1923-04,8.37,5.68
1923-05,8.0,5.98
1923-06,7.67,6.24
1923-07,7.35,6.47
1923-08,7.44,6.46
1923-09,7.46,6.44
1923-10,7.32,6.56
1923-11,7.55,6.39
1923-12,7.81,6.2
1924-01,8.07,6.02
1924-02,8.16,6.01
1924-03,8.06,6.15
1924-04,7.92,6.31
1924-05,7.9,6.36
1924-06,8.05,6.26
1924-07,8.38,6.0
1924-08,8.72,5.82
1924-09,8.58,5.89
1924-10,8.42,5.99
1924-11,8.89,5.69
1924-12,9.31,5.41
1925-01,9.69,5.24
1925-02,9.83,5.23
1925-03,9.52,5.41
1925-04,9.48,5.51
1925-05,9.73,5.38
1925-06,9.8,5.32
1925-07,9.96,5.22
1925-08,10.11,5.18
1925-09,10.36,5.1
1925-10,10.72,4.98
1925-11,10.89,4.86
1925-12,11.15,4.82
1926-01,11.34,4.8
1926-02,11.39,4.85
1926-03,10.71,5.27
1926-04,10.4,5.49
1926-05,10.58,5.51
1926-06,11.2,5.33
1926-07,11.87,5.17
1926-08,12.49,5.03
1926-09,12.69,5.01
1926-10,12.43,5.18
1926-11,12.62,5.17
1926-12,13.01,5.11
1927-01,13.19,5.2
1927-02,13.63,5.15
1927-03,14.03,5.12
1927-04,14.49,5.04
1927-05,15.0,4.92
1927-06,15.12,4.9
1927-07,15.82,4.84
1927-08,16.86,4.64
1927-09,17.82,4.43
1927-10,17.54,4.54
1927-11,18.13,4.47
1927-12,18.65,4.41
1928-01,18.81,4.43
1928-02,18.87,4.52
1928-03,19.94,4.33
1928-04,21.26,4.11
1928-05,21.83,4.02
1928-06,20.91,4.26
1928-07,21.08,4.26
1928-08,21.76,4.16
1928-09,23.0,3.92
1928-10,23.58,3.87
1928-11,25.12,3.66
1928-12,25.3,3.67
1929-01,27.08,3.46
1929-02,27.13,3.48
1929-03,27.68,3.46
1929-04,27.57,3.52
1929-05,27.7,3.51
1929-06,27.94,3.48
1929-07,29.93,3.23
1929-08,31.48,3.09
1929-09,32.56,3.0
1929-10,28.96,3.39
1929-11,21.17,4.66
1929-12,22.01,4.53
1930-01,22.31,4.47
1930-02,23.7,4.21
1930-03,24.59,4.06
1930-04,25.84,3.82
1930-05,24.31,4.07
1930-06,21.87,4.53
1930-07,21.55,4.63
1930-08,21.3,4.7
1930-09,21.07,4.7
1930-10,18.21,5.46
1930-11,16.94,5.89
1930-12,16.06,6.32
1931-01,16.71,6.05
1931-02,18.16,5.54
1931-03,18.58,5.36
1931-04,16.87,5.84
1931-05,15.4,6.37
1931-06,15.06,6.49
1931-07,15.52,6.19
1931-08,15.01,6.28
1931-09,12.82,7.27
1931-10,11.15,8.26
1931-11,11.42,8.02
1931-12,9.31,9.72
1932-01,9.31,9.56
1932-02,9.34,9.32
1932-03,9.41,8.96
1932-04,7.19,11.36
1932-05,6.39,12.46
1932-06,5.57,13.84
1932-07,5.84,12.64
1932-08,8.83,8.06
1932-09,9.76,7.02
1932-10,8.48,7.77
1932-11,8.46,7.47
1932-12,8.26,7.33
1933-01,8.73,6.98
1933-02,7.83,7.84
1933-03,7.87,7.78
1933-04,8.72,6.97
1933-05,11.25,5.36
1933-06,13.1,4.52
1933-07,13.75,4.14
1933-08,13.0,4.31
1933-09,12.92,4.3
1933-10,11.7,4.71
1933-11,12.01,4.55
1933-12,12.28,4.41
1934-01,13.03,4.18
1934-02,13.93,3.9
1934-03,13.25,4.12
1934-04,13.52,4.06
1934-05,12.18,4.53
1934-06,12.29,4.48
1934-07,11.74,4.71
1934-08,11.32,4.91
1934-09,10.91,5.04
1934-10,11.11,5.01
1934-11,11.45,4.88
1934-12,11.64,4.86
1935-01,11.5,4.86
1935-02,11.09,5.01
1935-03,10.4,5.35
1935-04,11.1,4.94
1935-05,11.99,4.55
1935-06,12.54,4.35
1935-07,13.2,4.13
1935-08,14.11,3.87
1935-09,14.42,3.79
1935-10,14.83,3.78
1935-11,16.13,3.53
1935-12,16.16,3.6
1936-01,17.09,3.49
1936-02,18.1,3.37
1936-03,18.66,3.36
1936-04,18.72,3.47
1936-05,17.75,3.79
1936-06,18.39,3.74
1936-07,19.36,3.66
1936-08,19.62,3.72
1936-09,19.86,3.8
1936-10,20.91,3.83
1936-11,21.5,3.94
1936-12,21.13,4.22
1937-01,21.62,4.15
1937-02,22.24,4.09
1937-03,22.04,4.15
1937-04,20.56,4.59
1937-05,19.47,4.98
1937-06,18.71,5.37
1937-07,19.65,4.93
1937-08,19.81,4.74
1937-09,16.85,5.36
1937-10,14.36,6.35
1937-11,13.16,7.05
1937-12,13.01,7.26
1938-01,13.51,7.01
1938-02,13.26,7.13
1938-03,12.38,7.57
1938-04,11.79,7.75
1938-05,11.99,7.55
1938-06,12.29,7.25
1938-07,14.77,5.83
1938-08,14.9,5.58
1938-09,14.28,5.62
1938-10,16.06,4.67
1938-11,16.15,4.28
1938-12,15.76,4.02
1939-01,15.6,4.11
1939-02,15.66,4.17
1939-03,15.73,4.2
1939-04,13.92,4.83
1939-05,14.5,4.69
1939-06,14.83,4.64
1939-07,15.27,4.61
1939-08,15.12,4.77
1939-09,16.45,4.39
1939-10,16.82,4.5
1939-11,16.6,4.74
1939-12,16.28,5.01
1940-01,16.38,5.07
1940-02,16.22,5.13
1940-03,16.17,5.19
1940-04,16.37,5.19
1940-05,14.14,6.08
1940-06,12.84,6.72
1940-07,13.37,6.57
1940-08,13.65,6.5
1940-09,14.21,6.3
1940-10,14.33,6.24
1940-11,14.64,6.1
1940-12,13.91,6.36
1941-01,13.9,6.38
1941-02,13.0,6.84
1941-03,12.96,6.83
1941-04,12.43,7.09
1941-05,12.04,7.28
1941-06,12.16,7.07
1941-07,12.74,6.76
1941-08,12.46,6.82
1941-09,12.28,6.84
1941-10,11.58,7.15
1941-11,10.91,7.54
1941-12,10.09,8.11
1942-01,10.1,7.88
1942-02,9.68,8.05
1942-03,9.0,8.44
1942-04,8.54,8.67
1942-05,8.51,8.45
1942-06,8.91,7.92
1942-07,9.15,7.48
1942-08,9.01,7.37
1942-09,9.08,7.14
1942-10,9.6,6.55
1942-11,9.66,6.34
1942-12,9.62,6.2
1943-01,10.15,5.85
1943-02,10.71,5.52
1943-03,10.85,5.33
1943-04,11.04,5.16
1943-05,11.36,4.96
1943-06,11.52,4.88
1943-07,11.77,4.8
1943-08,11.21,5.08
1943-09,11.34,5.0
1943-10,11.19,5.08
1943-11,10.63,5.35
1943-12,10.74,5.31
1944-01,11.05,5.18
1944-02,10.95,5.24
1944-03,11.22,5.12
1944-04,10.94,5.24
1944-05,11.1,5.18
1944-06,11.53,4.97
1944-07,11.74,4.87
1944-08,11.54,4.97
1944-09,11.33,5.08
1944-10,11.58,4.96
1944-11,11.48,4.99
1944-12,11.64,4.89
1945-01,11.96,4.77
1945-02,12.34,4.64
1945-03,12.32,4.67
1945-04,12.63,4.55
1945-05,13.04,4.39
1945-06,13.13,4.31
1945-07,12.87,4.42
1945-08,12.92,4.43
1945-09,13.8,4.17
1945-10,14.37,4.0
1945-11,14.85,3.87
1945-12,15.02,3.81
1946-01,15.62,3.7
1946-02,15.76,3.73
1946-03,15.13,3.88
1946-04,16.04,3.64
1946-05,16.01,3.64
1946-06,15.77,3.66
1946-07,14.51,3.79
1946-08,13.98,3.88
1946-09,11.84,4.57
1946-10,11.39,4.72
1946-11,11.11,4.79
1946-12,11.37,4.69
1947-01,11.47,4.69
1947-02,11.95,4.54
1947-03,11.29,4.75
1947-04,10.9,5.02
1947-05,10.73,5.21
1947-06,11.08,5.12
1947-07,11.7,4.88
1947-08,11.34,5.05
1947-09,10.83,5.25
1947-10,11.13,5.22
1947-11,10.98,5.39
1947-12,10.68,5.59
1948-01,10.42,5.69
1948-02,10.0,6.0
1948-03,10.19,5.94
1948-04,10.78,5.52
1948-05,11.24,5.26
1948-06,11.58,5.05
1948-07,11.13,5.22
1948-08,10.72,5.42
1948-09,10.55,5.52
1948-10,10.83,5.5
1948-11,10.25,5.95
1948-12,10.16,6.12
1949-01,10.25,6.16
1949-02,9.87,6.52
1949-03,9.9,6.57
1949-04,9.78,6.67
1949-05,9.69,6.81
1949-06,9.07,7.3
1949-07,9.61,6.96
1949-08,9.85,6.76
1949-09,9.88,6.71
1949-10,10.17,6.75
1949-11,10.22,6.87
1949-12,10.53,6.89
1950-01,10.75,6.81
1950-02,10.91,6.74
1950-03,10.91,6.74
1950-04,11.18,6.61
1950-05,11.46,6.45
1950-06,11.55,6.4
1950-07,10.54,7.15
1950-08,11.04,6.98
1950-09,11.34,6.97
1950-10,11.66,6.93
1950-11,11.54,7.18
1950-12,11.31,7.44
1951-01,11.9,7.01
1951-02,12.14,6.83
1951-03,11.84,7.03
1951-04,11.95,7.0
1951-05,11.86,7.05
1951-06,11.62,7.24
1951-07,11.78,7.05
1951-08,12.26,6.7
1951-09,12.44,6.47
1951-10,12.31,6.35
1951-11,11.85,6.37
1951-12,12.15,6.02
1952-01,12.53,5.84
1952-02,12.36,5.96
1952-03,12.36,5.96
1952-04,12.24,6.02
1952-05,12.2,6.07
1952-06,12.45,5.95
1952-07,12.67,5.78
1952-08,12.68,5.76
1952-09,12.43,5.85
1952-10,12.13,5.92
1952-11,12.47,5.69
1952-12,12.93,5.41
1953-01,13.01,5.39
1953-02,12.86,5.45
1953-03,12.83,5.43
1953-04,12.16,5.72
1953-05,12.14,5.7
1953-06,11.62,5.93
1953-07,11.75,5.85
1953-08,11.72,5.82
1953-09,11.14,6.1
1953-10,11.39,5.97
1953-11,11.64,5.88
1953-12,11.75,5.84
1954-01,12.0,5.72
1954-02,12.22,5.62
1954-03,12.42,5.53
1954-04,12.91,5.3
1954-05,13.31,5.07
1954-06,13.36,5.01
1954-07,13.83,4.83
1954-08,14.04,4.76
1954-09,14.36,4.67
1954-10,14.62,4.64
1954-11,15.12,4.54
1954-12,15.79,4.4
1955-01,15.99,4.34
1955-02,16.44,4.22
1955-03,16.22,4.27
1955-04,16.69,4.14
1955-05,16.52,4.17
1955-06,17.37,3.95
1955-07,18.45,3.72
1955-08,18.22,3.78
1955-09,18.84,3.65
1955-10,17.77,3.86
1955-11,18.84,3.63
1955-12,18.94,3.61
1956-01,18.29,3.78
1956-02,18.27,3.83
1956-03,19.37,3.64
1956-04,19.37,3.65
1956-05,18.54,3.82
1956-06,18.16,3.89
1956-07,18.86,3.72
1956-08,18.67,3.77
1956-09,17.84,3.93
1956-10,17.42,3.91
1956-11,17.12,3.88
1956-12,17.2,3.75
1957-01,16.72,3.82
1957-02,15.84,3.99
1957-03,15.9,3.93
1957-04,16.12,3.84
1957-05,16.6,3.7
1957-06,16.73,3.64
1957-07,16.87,3.59
1957-08,15.87,3.82
1957-09,15.16,4.0
1957-10,14.15,4.29
1957-11,13.74,4.41
1957-12,13.67,4.44
1958-01,13.79,4.34
1958-02,13.78,4.31
1958-03,13.93,4.2
1958-04,13.91,4.15
1958-05,14.32,3.99
1958-06,14.64,3.87
1958-07,14.96,3.76
1958-08,15.54,3.63
1958-09,15.93,3.53
1958-10,16.56,3.41
1958-11,16.99,3.32
1958-12,17.36,3.27
1959-01,17.98,3.16
1959-02,17.76,3.22
1959-03,18.2,3.15
1959-04,18.43,3.11
1959-05,18.69,3.08
1959-06,18.45,3.12
1959-07,19.09,3.01
1959-08,18.96,3.04
1959-09,18.12,3.17
1959-10,18.02,3.19
1959-11,18.07,3.19
1959-12,18.62,3.1
1960-01,18.34,3.22
1960-02,17.55,3.41
1960-03,17.29,3.53
1960-04,17.43,3.49
1960-05,17.26,3.53
1960-06,17.82,3.41
1960-07,17.38,3.49
1960-08,17.58,3.45
1960-09,17.05,3.56
1960-10,16.61,3.63
1960-11,17.15,3.52
1960-12,17.56,3.43
1961-01,18.47,3.26
1961-02,19.23,3.13
1961-03,19.84,3.03
1961-04,20.38,2.95
1961-05,20.6,2.92
1961-06,20.33,2.96
1961-07,20.15,2.97
1961-08,20.94,2.88
1961-09,20.71,2.91
1961-10,20.92,2.91
1961-11,21.86,2.81
1961-12,22.04,2.82
1962-01,21.2,2.93
1962-02,21.45,2.9
1962-03,21.44,2.9
1962-04,20.66,3.01
1962-05,19.09,3.26
1962-06,16.83,3.7
1962-07,17.14,3.63
1962-08,17.57,3.54
1962-09,17.32,3.59
1962-10,16.74,3.73
1962-11,17.85,3.52
1962-12,18.59,3.4
1963-01,19.26,3.28
1963-02,19.47,3.25
1963-03,19.29,3.27
1963-04,20.15,3.15
1963-05,20.51,3.11
1963-06,20.38,3.14
1963-07,19.97,3.19
1963-08,20.47,3.11
1963-09,20.96,3.03
1963-10,20.89,3.06
1963-11,20.72,3.11
1963-12,21.04,3.07
1964-01,21.63,3.0
1964-02,21.83,2.99
1964-03,22.17,2.96
1964-04,22.42,2.94
1964-05,22.57,2.93
1964-06,22.3,2.97
1964-07,22.98,2.88
1964-08,22.65,2.95
1964-09,22.89,2.93
1964-10,23.21,2.9
1964-11,23.23,2.9
1964-12,22.75,2.98
1965-01,23.27,2.92
1965-02,23.37,2.92
1965-03,23.25,2.94
1965-04,23.42,2.92
1965-05,23.71,2.9
1965-06,22.39,3.07
1965-07,22.3,3.09
1965-08,22.67,3.06
1965-09,23.37,2.98
1965-10,23.78,2.93
1965-11,23.93,2.93
1965-12,23.69,2.97
1966-01,24.06,2.94
1966-02,23.7,2.98
1966-03,22.61,3.13
1966-04,23.11,3.05
1966-05,21.85,3.24
1966-06,21.56,3.29
1966-07,21.38,3.32
1966-08,19.91,3.56
1966-09,19.16,3.71
1966-10,18.83,3.74
1966-11,19.71,3.55
1966-12,19.74,3.53
1967-01,20.43,3.41
1967-02,21.07,3.31
1967-03,21.44,3.24
1967-04,21.69,3.19
1967-05,21.95,3.13
1967-06,21.55,3.17
1967-07,21.8,3.13
1967-08,22.03,3.08
1967-09,22.22,3.05
1967-10,22.07,3.05
1967-11,21.26,3.15
1967-12,21.75,3.06
1968-01,21.51,3.08
1968-02,20.42,3.24
1968-03,19.93,3.31
1968-04,21.28,3.1
1968-05,21.63,3.04
1968-06,22.0,2.98
1968-07,21.75,2.99
1968-08,21.14,3.07
1968-09,21.68,2.99
1968-10,22.0,2.93
1968-11,22.2,2.9
1968-12,22.28,2.88
1969-01,21.19,3.02
1969-02,20.9,3.04
1969-03,20.2,3.12
1969-04,20.43,3.07
1969-05,20.97,2.98
1969-06,19.71,3.16
1969-07,18.68,3.31
1969-08,18.43,3.34
1969-09,18.4,3.33
1969-10,18.45,3.3
1969-11,18.44,3.28
1969-12,17.33,3.47
1970-01,17.09,3.5
1970-02,16.37,3.63
1970-03,16.53,3.58
1970-04,15.87,3.69
1970-05,13.98,4.18
1970-06,13.8,4.21
1970-07,13.73,4.2
1970-08,14.1,4.09
1970-09,14.84,3.86
1970-10,15.06,3.76
1970-11,14.95,3.75
1970-12,15.87,3.49
1971-01,16.46,3.35
1971-02,17.03,3.21
1971-03,17.4,3.12
1971-04,17.92,3.02
1971-05,17.56,3.05
1971-06,17.08,3.11
1971-07,16.89,3.13
1971-08,16.52,3.18
1971-09,16.86,3.11
1971-10,16.43,3.17
1971-11,15.64,3.32
1971-12,16.6,3.1
1972-01,17.26,2.97
1972-02,17.46,2.92
1972-03,17.81,2.85
1972-04,17.92,2.82
1972-05,17.66,2.85
1972-06,17.64,2.84
1972-07,17.4,2.87
1972-08,17.94,2.77
1972-09,17.61,2.82
1972-10,17.53,2.83
1972-11,18.34,2.72
1972-12,18.65,2.68
1973-01,18.71,2.67
1973-02,17.89,2.77
1973-03,17.41,2.82
1973-04,16.94,2.89
1973-05,16.31,2.99
1973-06,15.81,3.07
1973-07,15.89,3.06
1973-08,15.28,3.13
1973-09,15.48,3.1
1973-10,15.91,3.01
1973-11,14.65,3.28
1973-12,13.49,3.57
1974-01,13.53,3.54
1974-02,12.96,3.66
1974-03,13.31,3.53
1974-04,12.55,3.74
1974-05,12.0,3.88
1974-06,11.89,3.9
1974-07,10.39,4.45
1974-08,9.82,4.68
1974-09,8.68,5.27
1974-10,8.74,5.17
1974-11,8.95,5.01
1974-12,8.29,5.37
1975-01,8.92,4.99
1975-02,9.76,4.55
1975-03,10.16,4.38
1975-04,10.23,4.35
1975-05,10.82,4.1
1975-06,11.01,4.02
1975-07,10.9,4.01
1975-08,10.09,4.33
1975-09,9.92,4.38
1975-10,10.33,4.18
1975-11,10.44,4.1
1975-12,10.25,4.15
1976-01,11.19,3.8
1976-02,11.59,3.66
1976-03,11.63,3.65
1976-04,11.69,3.64
1976-05,11.53,3.69
1976-06,11.54,3.69
1976-07,11.76,3.64
1976-08,11.6,3.7
1976-09,11.81,3.65
1976-10,11.35,3.84
1976-11,11.25,3.94
1976-12,11.6,3.87
1977-01,11.44,3.95
1977-02,11.01,4.1
1977-03,10.9,4.17
1977-04,10.64,4.29
1977-05,10.55,4.36
1977-06,10.53,4.39
1977-07,10.57,4.4
1977-08,10.27,4.56
1977-09,10.07,4.68
1977-10,9.77,4.86
1977-11,9.77,4.89
1977-12,9.68,4.98
1978-01,9.24,5.22
1978-02,9.05,5.35
1978-03,8.95,5.4
1978-04,9.26,5.22
1978-05,9.63,5.0
1978-06,9.55,5.03
1978-07,9.43,5.09
1978-08,10.02,4.8
1978-09,9.94,4.83
1978-10,9.53,5.01
1978-11,8.93,5.34
1978-12,9.01,5.28
1979-01,9.26,5.13
1979-02,9.0,5.25
1979-03,9.07,5.19
1979-04,9.13,5.14
1979-05,8.79,5.31
1979-06,8.85,5.25
1979-07,8.83,5.25
1979-08,9.13,5.08
1979-09,9.11,5.07
1979-10,8.68,5.32
1979-11,8.52,5.4
1979-12,8.75,5.24
1980-01,8.85,5.14
1980-02,9.05,4.99
1980-03,8.08,5.54
1980-04,7.84,5.68
1980-05,8.1,5.47
1980-06,8.51,5.18
1980-07,8.88,4.99
1980-08,9.07,4.88
1980-09,9.2,4.8
1980-10,9.36,4.69
1980-11,9.65,4.52
1980-12,9.39,4.61
1981-01,9.26,4.66
1981-02,8.83,4.86
1981-03,9.08,4.71
1981-04,9.09,4.7
1981-05,8.82,4.82
1981-06,8.77,4.83
1981-07,8.45,4.98
1981-08,8.4,5.0
1981-09,7.58,5.51
1981-10,7.65,5.47
1981-11,7.81,5.36
1981-12,7.83,5.36
1982-01,7.39,5.68
1982-02,7.18,5.84
1982-03,6.95,6.06
1982-04,7.26,5.8
1982-05,7.19,5.82
1982-06,6.69,6.21
1982-07,6.64,6.24
1982-08,6.64,6.23
1982-09,7.4,5.6
1982-10,8.0,5.17
1982-11,8.35,4.97
1982-12,8.47,4.93
1983-01,8.76,4.77
1983-02,8.91,4.7
1983-03,9.23,4.55
1983-04,9.53,4.39
1983-05,9.87,4.22
1983-06,10.0,4.17
1983-07,10.01,4.17
1983-08,9.73,4.3
1983-09,9.98,4.19
1983-10,10.0,4.19
1983-11,9.85,4.27
1983-12,9.82,4.31
1984-01,9.89,4.28
1984-02,9.32,4.55
1984-03,9.33,4.56
1984-04,9.31,4.58
1984-05,9.23,4.64
1984-06,9.01,4.77
1984-07,8.87,4.85
1984-08,9.62,4.47
1984-09,9.69,4.44
1984-10,9.6,4.51
1984-11,9.69,4.5
1984-12,9.6,4.58
1985-01,10.0,4.41
1985-02,10.49,4.21
1985-03,10.37,4.27
1985-04,10.4,4.26
1985-05,10.61,4.17
1985-06,10.81,4.1
1985-07,11.0,4.04
1985-08,10.74,4.15
1985-09,10.47,4.26
1985-10,10.55,4.22
1985-11,11.16,3.99
1985-12,11.69,3.81
1986-01,11.72,3.81
1986-02,12.39,3.64
1986-03,13.19,3.45
1986-04,13.55,3.38
1986-05,13.56,3.39
1986-06,13.89,3.3
1986-07,13.62,3.39
1986-08,13.89,3.34
1986-09,13.47,3.45
1986-10,13.43,3.47
1986-11,13.87,3.37
1986-12,14.09,3.33
1987-01,14.92,3.14
1987-02,15.82,2.96
1987-03,16.43,2.85
1987-04,16.2,2.9
1987-05,16.16,2.93
1987-06,16.83,2.83
1987-07,17.31,2.76
1987-08,18.33,2.61
1987-09,17.68,2.72
1987-10,15.53,3.11
1987-11,13.59,3.58
1987-12,13.39,3.66
1988-01,13.9,3.54
1988-02,14.3,3.45
1988-03,14.67,3.37
1988-04,14.43,3.44
1988-05,14.03,3.57
1988-06,14.77,3.41
1988-07,14.61,3.46
1988-08,14.24,3.56
1988-09,14.37,3.53
1988-10,14.81,3.44
1988-11,14.45,3.56
1988-12,14.7,3.53
1989-01,15.09,3.45
1989-02,15.47,3.38
1989-03,15.3,3.42
1989-04,15.69,3.35
1989-05,16.19,3.27
1989-06,16.64,3.2
1989-07,17.01,3.16
1989-08,17.73,3.06
1989-09,17.71,3.09
1989-10,17.64,3.12
1989-11,17.24,3.22
1989-12,17.65,3.17
1990-01,17.05,3.28
1990-02,16.51,3.4
1990-03,16.83,3.34
1990-04,16.81,3.38
1990-05,17.39,3.3
1990-06,17.82,3.24
1990-07,17.75,3.26
1990-08,16.17,3.56
1990-09,15.3,3.75
1990-10,14.82,3.88
1990-11,15.19,3.81
1990-12,15.85,3.68
1991-01,15.61,3.72
1991-02,17.36,3.34
1991-03,17.82,3.25
1991-04,18.16,3.19
1991-05,18.03,3.21
1991-06,18.01,3.21
1991-07,18.1,3.21
1991-08,18.51,3.14
1991-09,18.36,3.17
1991-10,18.35,3.17
1991-11,18.29,3.17
1991-12,18.44,3.14
1992-01,19.77,2.94
1992-02,19.58,2.98
1992-03,19.28,3.03
1992-04,19.3,3.02
1992-05,19.66,2.97
1992-06,19.31,3.02
1992-07,19.62,2.97
1992-08,19.72,2.96
1992-09,19.71,2.96
1992-10,19.37,3.0
1992-11,19.83,2.93
1992-12,20.45,2.84
1993-01,20.32,2.85
1993-02,20.54,2.82
1993-03,20.85,2.77
1993-04,20.46,2.82
1993-05,20.52,2.81
1993-06,20.61,2.79
1993-07,20.56,2.8
1993-08,20.81,2.76
1993-09,20.99,2.73
1993-10,21.11,2.7
1993-11,21.04,2.71
1993-12,21.16,2.7
1994-01,21.41,2.67
1994-02,21.26,2.69
1994-03,20.83,2.74
1994-04,20.05,2.85
1994-05,20.19,2.84
1994-06,20.29,2.82
1994-07,20.07,2.85
1994-08,20.53,2.78
1994-09,20.57,2.77
1994-10,20.39,2.8
1994-11,20.21,2.84
1994-12,19.91,2.89
1995-01,20.22,2.83
1995-02,20.8,2.73
1995-03,21.15,2.67
1995-04,21.64,2.61
1995-05,22.19,2.54
1995-06,22.72,2.48
1995-07,23.37,2.41
1995-08,23.28,2.42
1995-09,23.94,2.35
1995-10,23.93,2.34
1995-11,24.35,2.3
1995-12,25.03,2.24
1996-01,24.76,2.26
1996-02,25.97,2.16
1996-03,25.63,2.18
1996-04,25.42,2.19
1996-05,25.81,2.15
1996-06,25.96,2.14
1996-07,24.86,2.24
1996-08,25.41,2.19
1996-09,25.68,2.17
1996-10,26.48,2.1
1996-11,27.58,2.01
1996-12,27.72,2.0
1997-01,28.33,1.95
1997-02,29.26,1.88
1997-03,28.8,1.9
1997-04,27.58,1.98
1997-05,29.93,1.82
1997-06,31.25,1.73
1997-07,32.76,1.64
1997-08,32.58,1.65
1997-09,32.66,1.64
1997-10,32.9,1.62
1997-11,32.33,1.64
1997-12,33.03,1.61
1998-01,32.86,1.61
1998-02,34.71,1.52
1998-03,36.29,1.45
1998-04,37.27,1.42
1998-05,36.95,1.43
1998-06,36.8,1.44
1998-07,38.26,1.38
1998-08,35.42,1.5
1998-09,33.53,1.58
1998-10,33.77,1.57
1998-11,37.37,1.41
1998-12,38.82,1.36
1999-01,40.57,1.3
1999-02,40.4,1.31
1999-03,41.35,1.28
1999-04,42.7,1.23
1999-05,42.55,1.23
1999-06,42.18,1.24
1999-07,43.83,1.2
1999-08,41.93,1.25
1999-09,41.32,1.26
1999-10,40.55,1.28
1999-11,43.21,1.2
1999-12,44.19,1.17
2000-01,43.77,1.17
2000-02,42.18,1.21
2000-03,43.22,1.16
2000-04,43.53,1.15
2000-05,41.96,1.18
2000-06,42.78,1.14
2000-07,42.75,1.13
2000-08,42.87,1.11
2000-09,41.89,1.11
2000-10,39.37,1.17
2000-11,38.78,1.18
2000-12,37.27,1.22
2001-01,36.98,1.21
2001-02,35.83,1.23
2001-03,32.32,1.35
2001-04,32.17,1.33
2001-05,34.07,1.24
2001-06,33.07,1.27
2001-07,32.16,1.3
2001-08,31.4,1.33
2001-09,27.67,1.51
2001-10,28.58,1.46
2001-11,30.01,1.39
2001-12,30.5,1.37
2002-01,30.28,1.38
2002-02,29.09,1.43
2002-03,30.29,1.36
2002-04,29.01,1.42
2002-05,28.13,1.48
2002-06,26.39,1.58
2002-07,23.46,1.77
2002-08,23.59,1.74
2002-09,22.36,1.82
2002-10,21.96,1.86
2002-11,23.35,1.76
2002-12,23.1,1.79
2003-01,22.9,1.8
2003-02,21.21,1.93
2003-03,21.31,1.92
2003-04,22.43,1.82
2003-05,23.59,1.73
2003-06,24.83,1.64
2003-07,24.87,1.64
2003-08,24.64,1.66
2003-09,25.24,1.63
2003-10,25.68,1.62
2003-11,25.95,1.63
2003-12,26.64,1.61
2004-01,27.66,1.55
2004-02,27.65,1.56
2004-03,26.89,1.6
2004-04,26.9,1.61
2004-05,25.9,1.67
2004-06,26.4,1.64
2004-07,25.7,1.7
2004-08,25.17,1.74
2004-09,25.67,1.71
2004-10,25.41,1.72
2004-11,26.47,1.66
2004-12,27.14,1.62
2005-01,26.59,1.67
2005-02,26.74,1.66
2005-03,26.34,1.69
2005-04,25.41,1.76
2005-05,25.65,1.76
2005-06,26.07,1.74
2005-07,26.29,1.73
2005-08,26.1,1.74
2005-09,25.73,1.75
2005-10,24.88,1.82
2005-11,25.93,1.78
2005-12,26.44,1.76
2006-01,26.47,1.75
2006-02,26.25,1.77
2006-03,26.33,1.76
2006-04,26.15,1.77
2006-05,25.65,1.8
2006-06,24.75,1.87
2006-07,24.7,1.88
2006-08,25.05,1.85
2006-09,25.64,1.83
2006-10,26.54,1.79
2006-11,26.93,1.77
2006-12,27.28,1.76
2007-01,27.21,1.76
2007-02,27.32,1.75
2007-03,26.23,1.81
2007-04,26.98,1.76
2007-05,27.55,1.72
2007-06,27.42,1.73
2007-07,27.41,1.74
2007-08,26.15,1.84
2007-09,26.73,1.8
2007-10,27.32,1.77
2007-11,25.73,1.88
2007-12,25.96,1.87
2008-01,24.02,2.03
2008-02,23.5,2.07
2008-03,22.61,2.15
2008-04,23.36,2.08
2008-05,23.7,2.04
2008-06,22.42,2.14
2008-07,20.91,2.29
2008-08,21.4,2.25
2008-09,20.36,2.37
2008-10,16.39,2.96
2008-11,15.26,3.23
2008-12,15.38,3.23
2009-01,15.17,3.24
2009-02,14.12,3.43
2009-03,13.32,3.6
2009-04,14.98,3.15
2009-05,16.0,2.9
2009-06,16.38,2.76
2009-07,16.69,2.67
2009-08,18.09,2.42
2009-09,18.83,2.29
2009-10,19.36,2.19
2009-11,19.81,2.1
2009-12,20.32,2.02
2010-01,20.53,1.98
2010-02,19.92,2.03
2010-03,21.0,1.9
2010-04,21.8,1.83
2010-05,20.48,1.95
2010-06,19.74,2.03
2010-07,19.67,2.05
2010-08,19.77,2.05
2010-09,20.38,1.99
2010-10,21.24,1.92
2010-11,21.7,1.89
2010-12,22.4,1.83
2011-01,22.98,1.79
2011-02,23.49,1.76
2011-03,22.9,1.8
2011-04,23.14,1.78
2011-05,23.06,1.8
2011-06,22.1,1.89
2011-07,22.61,1.86
2011-08,20.05,2.1
2011-09,19.7,2.15
2011-10,20.16,2.12
2011-11,20.35,2.12
2011-12,20.52,2.13
2012-01,21.21,2.06
2012-02,21.8,2.0
2012-03,22.05,1.97
2012-04,21.78,2.0
2012-05,20.94,2.09
2012-06,20.55,2.14
2012-07,21.0,2.11
2012-08,21.41,2.08
2012-09,21.78,2.05
2012-10,21.58,2.1
2012-11,20.9,2.2
2012-12,21.24,2.2
2013-01,21.9,2.13
2013-02,22.05,2.1
2013-03,22.42,2.07
2013-04,22.6,2.07
2013-05,23.41,2.01
2013-06,22.93,2.06
2013-07,23.49,2.02
2013-08,23.36,2.04
2013-09,23.44,2.04
2013-10,23.83,2.01
2013-11,24.64,1.95
2013-12,24.86,1.94
2014-01,24.86,1.94
2014-02,24.59,1.97
2014-03,24.96,1.94
2014-04,24.79,1.96
2014-05,24.94,1.96
2014-06,25.56,1.92
2014-07,25.82,1.91
2014-08,25.62,1.94
2014-09,25.92,1.93
2014-10,25.16,2.0
2014-11,26.61,1.91
2014-12,26.79,1.92
2015-01,26.49,1.97
2015-02,27.0,1.94
2015-03,26.73,1.96
2015-04,26.79,1.96
2015-05,26.81,1.96
2015-06,26.5,1.99
2015-07,26.38,2.01
2015-08,25.69,2.07
2015-09,24.5,2.19
2015-10,25.49,2.11
2015-11,26.23,2.07
2015-12,25.97,2.11
2016-01,24.21,2.27
2016-02,24.0,2.3
2016-03,25.37,2.17
2016-04,25.92,2.12
2016-05,25.69,2.14
2016-06,25.84,2.13
2016-07,26.69,2.08
2016-08,26.95,2.07
2016-09,26.73,2.09
2016-10,26.53,2.11
2016-11,26.85,2.1
2016-12,27.87,2.03
2017-01,28.06,2.02
2017-02,28.66,1.98
2017-03,29.09,1.96
2017-04,28.9,1.98
2017-05,29.31,1.96
2017-06,29.75,1.94
2017-07,30.0,1.94
2017-08,29.91,1.95
2017-09,30.17,1.93
2017-10,30.92,1.89
2017-11,31.3,1.88
2017-12,32.09,1.84
2018-01,33.31,1.77
2018-02,32.04,1.84
2018-03,31.81,1.85
2018-04,30.97,1.9
2018-05,31.24,1.88
2018-06,31.63,1.85
2018-07,31.89,1.84
2018-08,32.39,1.82
2018-09,32.62,1.8
2018-10,31.04,1.9
2018-11,30.2,1.96
2018-12,28.29,2.09
2019-01,28.38,2.08
2019-02,29.54,1.98
2019-03,29.58,1.96
2019-04,30.13,1.9
2019-05,29.24,1.95
2019-06,29.28,1.94
2019-07,29.99,1.88
2019-08,28.71,1.96
2019-09,29.23,1.92
2019-10,28.84,1.93
2019-11,29.84,1.86
2019-12,30.33,1.83
2020-01,30.99,1.79
2020-02,30.73,1.8
2020-03,24.82,2.25
2020-04,25.93,2.16
2020-05,27.33,2.04
2020-06,28.84,1.92
2020-07,29.6,1.85
2020-08,31.16,1.74
2020-09,30.84,1.75
2020-10,31.28,1.72
2020-11,32.47,1.65
2020-12,33.77,1.58
2021-01,34.51,1.53
2021-02,35.1,1.49
2021-03,35.04,1.47
2021-04,36.72,1.39
2021-05,36.55,1.39
2021-06,36.7,1.37
2021-07,37.44,1.34
2021-08,37.97,1.32
2021-09,37.62,1.33
2021-10,37.25,1.34
2021-11,38.58,1.29
2021-12,38.31,1.29
2022-01,36.94,1.33
2022-02,35.29,1.39
2022-03,34.27,1.41
2022-04,33.89,1.43
2022-05,30.67,1.57
2022-06,29.05,1.64
2022-07,29.0,1.65
2022-08,30.7,1.56
2022-09,28.23,1.7
2022-10,27.08,1.77
2022-11,28.38,1.69
2022-12,28.32,1.71
2023-01,28.34,1.7
2023-02,28.92,1.66
2023-03,27.94,1.72
2023-04,28.77,1.66
2023-05,28.76,1.65
2023-06,29.94,1.58
2023-07,30.89,1.53
2023-08,30.09,1.56
2023-09,29.8,1.57
2023-10,28.7,1.64
2023-11,30.01,1.57
2023-12,31.45,1.5
2024-01,31.97,1.47
2024-02,33.04,1.41
2024-03,33.76,1.37
2024-04,33.03,1.4
2024-05,33.78,1.37
2024-06,34.81,1.33
2024-07,35.48,1.31
2024-08,35.08,1.33
2024-09,35.7,1.3
2024-10,36.59,1.28
2024-11,37.36,1.25
2024-12,37.72,1.24
2025-01,37.14,1.26
2025-02,37.19,1.25
2025-03,34.79,1.34
2025-04,32.63,1.43
2025-05,35.08,1.32
2025-06,36.12,1.28
2025-07,37.48,1.23
2025-08,37.85,1.22
2025-09,38.59,1.19
2025-10,39.31,1.17
2025-11,39.16,1.17
2025-12,39.59,1.15
2026-01,39.65,1.15
2026-02,39.02,1.16
2026-03,37.04,1.21
2026-04,38.15,1.16
2026-05,40.11,1.1
2026-06,40.16,1.1
2026-07,40.02,1.09
2026-08,41.13,1.06
2026-09,40.9,1.06
