a,b,rho
US eq,US eq,1.0
US eq,Intl eq,0.8556077710184837
US eq,EM eq,0.7313103732615024
US eq,Long UST,-0.05358656119535609
US eq,Interm UST,-0.031100266041271234
US eq,TIPS,0.3048158169225424
US eq,IG credit,0.32239394920583003
US eq,HY,0.7233997071983743
US eq,REITs,0.7322489576773458
US eq,Gold,0.08543671596169085
US eq,Commod,0.47212899908686756
Intl eq,US eq,0.8556077710184837
Intl eq,Intl eq,1.0
Intl eq,EM eq,0.9111977902967845
Intl eq,Long UST,-0.02373165079237017
Intl eq,Interm UST,0.040869070011548006
Intl eq,TIPS,0.3672025308136814
Intl eq,IG credit,0.3806059625678548
Intl eq,HY,0.748813177023161
Intl eq,REITs,0.6923525087556893
Intl eq,Gold,0.26923909089631776
Intl eq,Commod,0.6024766416467588
EM eq,US eq,0.7313103732615024
EM eq,Intl eq,0.9111977902967845
EM eq,EM eq,1.0
EM eq,Long UST,-0.04330834374427917
EM eq,Interm UST,0.0011267329412203418
EM eq,TIPS,0.33902598060516204
EM eq,IG credit,0.31277437479084813
EM eq,HY,0.6743505637789406
EM eq,REITs,0.5827326005817474
EM eq,Gold,0.32174172928920897
EM eq,Commod,0.6086049896150441
Long UST,US eq,-0.05358656119535609
Long UST,Intl eq,-0.02373165079237017
Long UST,EM eq,-0.04330834374427917
Long UST,Long UST,1.0
Long UST,Interm UST,0.8707610510924717
Long UST,TIPS,0.6368623223985979
Long UST,IG credit,0.8278804547895235
Long UST,HY,0.0779974250590102
Long UST,REITs,0.16867729357808267
Long UST,Gold,0.2683445223280546
Long UST,Commod,-0.14329563288163286
Interm UST,US eq,-0.031100266041271234
Interm UST,Intl eq,0.040869070011548006
Interm UST,EM eq,0.0011267329412203418
Interm UST,Long UST,0.8707610510924717
Interm UST,Interm UST,1.0
Interm UST,TIPS,0.7309952804378834
Interm UST,IG credit,0.7318516328396257
Interm UST,HY,0.12149102633253683
Interm UST,REITs,0.15081597490548038
Interm UST,Gold,0.3609822163447311
Interm UST,Commod,-0.017000735262478247
TIPS,US eq,0.3048158169225424
TIPS,Intl eq,0.3672025308136814
TIPS,EM eq,0.33902598060516204
TIPS,Long UST,0.6368623223985979
TIPS,Interm UST,0.7309952804378834
TIPS,TIPS,1.0
TIPS,IG credit,0.723073159037822
TIPS,HY,0.5214896430466125
TIPS,REITs,0.4014303385768651
TIPS,Gold,0.4464408281884038
TIPS,Commod,0.4282262234745243
IG credit,US eq,0.32239394920583003
IG credit,Intl eq,0.3806059625678548
IG credit,EM eq,0.31277437479084813
IG credit,Long UST,0.8278804547895235
IG credit,Interm UST,0.7318516328396257
IG credit,TIPS,0.723073159037822
IG credit,IG credit,1.0
IG credit,HY,0.5187274317812157
IG credit,REITs,0.4555225494566784
IG credit,Gold,0.30682551065504826
IG credit,Commod,0.1519229742836215
HY,US eq,0.7233997071983743
HY,Intl eq,0.748813177023161
HY,EM eq,0.6743505637789406
HY,Long UST,0.0779974250590102
HY,Interm UST,0.12149102633253683
HY,TIPS,0.5214896430466125
HY,IG credit,0.5187274317812157
HY,HY,1.0
HY,REITs,0.711243235741069
HY,Gold,0.2154466058526674
HY,Commod,0.5336907470177351
REITs,US eq,0.7322489576773458
REITs,Intl eq,0.6923525087556893
REITs,EM eq,0.5827326005817474
REITs,Long UST,0.16867729357808267
REITs,Interm UST,0.15081597490548038
REITs,TIPS,0.4014303385768651
REITs,IG credit,0.4555225494566784
REITs,HY,0.711243235741069
REITs,REITs,1.0
REITs,Gold,0.13362409409053866
REITs,Commod,0.35926604928360867
Gold,US eq,0.08543671596169085
Gold,Intl eq,0.26923909089631776
Gold,EM eq,0.32174172928920897
Gold,Long UST,0.2683445223280546
Gold,Interm UST,0.3609822163447311
Gold,TIPS,0.4464408281884038
Gold,IG credit,0.30682551065504826
Gold,HY,0.2154466058526674
Gold,REITs,0.13362409409053866
Gold,Gold,1.0
Gold,Commod,0.42840963858487824
Commod,US eq,0.47212899908686756
Commod,Intl eq,0.6024766416467588
Commod,EM eq,0.6086049896150441
Commod,Long UST,-0.14329563288163286
Commod,Interm UST,-0.017000735262478247
Commod,TIPS,0.4282262234745243
Commod,IG credit,0.1519229742836215
Commod,HY,0.5336907470177351
Commod,REITs,0.35926604928360867
Commod,Gold,0.42840963858487824
Commod,Commod,1.0
