date,dr2,equal_rho,pca_entropy,min_torsion,rho_bar,erc_vol,stress_month
2007-11-30,3.5981188361747782,3.5199284380649387,3.626067474505204,10.538347242131808,0.21250635328390907,0.03979651088895613,False
2007-12-31,3.625708312384454,3.5472065987169916,3.7320319840545353,10.543016581029283,0.21010316692517006,0.03933303266239679,False
2008-01-31,4.041434671039573,3.9112532961767235,4.275511186949866,10.400887430460386,0.18123977577091657,0.03901215687230378,True
2008-02-29,4.110049278302937,3.979313333289798,4.149502901436618,10.437525874995737,0.17642960176011135,0.039065749025200366,True
2008-03-31,4.357117829587256,4.195741451517079,3.959977548227321,10.422630724995095,0.16217058718007196,0.03728009974954569,True
2008-04-30,4.529884344068559,4.332297109149738,4.222659418725575,10.409242223548649,0.1539068702552322,0.03721384910420327,False
2008-05-30,4.479978119970159,4.273821656464456,4.2929998240262695,10.361513822321884,0.15738088493612565,0.03734498313637021,False
2008-06-30,4.543967370286731,4.390731028257736,5.141453767345776,10.308402316428365,0.15052775788829983,0.03902012464223719,True
2008-07-31,4.31063554740623,4.1412935786022755,4.581534296387751,10.356435843960984,0.16561748862326736,0.03947149103615267,True
2008-08-29,4.409175235639662,4.250028446300885,4.159997579980526,10.3626378144562,0.15882179705347893,0.038734703287530474,True
2008-09-30,3.747436788646414,3.371929892653072,3.39369602975021,10.624139980415096,0.22622267811579788,0.04499146467787318,True
2008-10-31,2.045964132034513,1.9251896314670478,2.238326833643029,10.7608026989496,0.4713722856286991,0.07120478795668178,True
2008-11-28,2.4251212309983927,2.2211744730665712,2.7726024229257877,10.452584098893713,0.39523349621487913,0.07513045576087185,True
2008-12-31,2.2258100914989867,2.090377939398818,2.598582250318817,10.590461231316448,0.426220631813764,0.085012451443761,True
2009-01-30,2.196016496349183,2.101301314642105,2.3069787259482957,10.814048777401855,0.4234851338716041,0.08949322881255134,True
2009-02-27,2.151453649054598,2.06269617526792,2.3044435730591872,10.827710627062384,0.43328261000780827,0.09182170077805009,True
2009-03-31,2.0940565605355284,2.010011536194123,2.22885754375057,10.787066517544899,0.4472605406448594,0.0958949466213998,True
2009-04-30,2.214495249527371,2.111832448098441,2.7224119123105797,10.674605446232984,0.420874656031767,0.0953485538377045,True
2009-05-29,2.2627293020877346,2.1293716484684184,2.737326033371584,10.641317648375367,0.4165843176277805,0.09487580527057814,True
2009-06-30,2.2670521657492904,2.1365856210031677,2.7054739880070557,10.652397657462853,0.41484012116655966,0.09492959836387486,True
2009-07-31,2.264990193258245,2.1321333096491126,2.72931707431181,10.633990773435395,0.4159152080321976,0.0954121779885137,True
2009-08-31,2.267939867139756,2.135397773607695,2.7484400152121164,10.632144760504845,0.4151265087916528,0.09517366706768302,True
2009-09-30,2.2301917987381046,2.1029884465605306,2.72741390727172,10.637415143531394,0.42306516557381313,0.09604651602446439,True
2009-10-30,2.236437125188381,2.1086525154538234,2.723519647108682,10.64016287210719,0.4216601559234421,0.09602981086170152,True
2009-11-30,2.2225610504819366,2.100976333710856,2.7127954356988746,10.645983069676042,0.4235661070284984,0.09711637037410767,True
2009-12-31,2.2463672866967954,2.1188129750324904,2.782334094401939,10.575159419493893,0.41915861048714426,0.09863866822516124,True
2010-01-29,2.2573623748132943,2.1280295315751623,2.7885946626314166,10.572404992773084,0.41691011975091474,0.09852168427358066,True
2010-02-26,2.264140972449776,2.134070617314946,2.8059728936727124,10.57133568463122,0.4154468606029554,0.09801122602796553,True
2010-03-31,2.2874860291324826,2.150219422652335,2.8680533679689417,10.527666866098096,0.41157569707147845,0.09778504652033394,True
2010-04-30,2.277120110948131,2.143840671866479,2.85146533561923,10.605588294155206,0.41309783158573715,0.09827673301334763,True
2010-05-28,2.3013946812755446,2.15331695607643,2.878021509106541,10.586857068689874,0.41083979852381597,0.0976449745999903,True
2010-06-30,2.319562683297195,2.165626903659036,2.8706799427840264,10.591879216886017,0.40793606144319855,0.09752602216821464,True
2010-07-30,2.3299374532550914,2.1723132894650248,2.9304815115091243,10.603996347400047,0.40637263295981446,0.09777591417065808,True
2010-08-31,2.34567923623244,2.18695707544853,2.929638228865451,10.603676190126983,0.4029819800072653,0.09814273712380406,True
2010-09-30,2.37159518352958,2.211379933716693,2.9718804332370645,10.612792482274008,0.39742696097961633,0.09794834699951381,True
2010-10-29,2.3982179396422296,2.2300179016898674,2.979182425958276,10.61689778581603,0.39326958279861335,0.09769549796186382,True
2010-11-30,2.3381447099026014,2.1824279858011,2.876933014901695,10.646166228921034,0.4040257947371514,0.09845186356070738,True
2010-12-31,2.3839007878073826,2.218714857214386,2.9117098966089605,10.631156651688,0.3957825005873259,0.09846526126473658,True
2011-01-31,2.3407053242030913,2.1707428788071392,2.7646244226141503,10.639776943659394,0.40673896514379854,0.09782711358063405,True
2011-02-28,2.322820520318685,2.1484078627752767,2.8171885296025487,10.64025395138231,0.41200706302528556,0.09761744727320111,False
2011-03-31,2.313317666409882,2.1436978786579513,2.826920524702487,10.644930546460182,0.4131320093896106,0.09764295574204618,False
2011-04-29,2.2510922555997266,2.093032440596451,2.742123561659458,10.651501381959005,0.4255532492781302,0.0985118091690771,False
2011-05-31,2.261716409521165,2.098760039433355,2.744630300436772,10.642768221896963,0.4241189937545167,0.09799377350945453,False
2011-06-30,2.207816103731347,2.0480115785493958,2.6817571300889576,10.643104672091903,0.43710633842174307,0.09855493572330606,False
2011-07-29,2.2001103284367485,2.04849714402365,2.687546711404982,10.656780587830532,0.43697902543294953,0.09967891297987207,False
2011-08-31,2.248123005239511,2.0867121344261,2.6366588057687323,10.621314660508256,0.42714506320850465,0.10007418426057851,True
2011-09-30,2.3678640519615524,2.168160509144756,2.8274551372402685,10.618896734957014,0.40734251240186164,0.09777050137321715,True
2011-10-31,3.490141417186187,3.067340658784733,3.6604805283196082,10.417572868125522,0.25861683535203267,0.07163629391391999,True
2011-11-30,3.068055861196658,2.7500440723231296,2.9117982524225847,10.53637041518924,0.2999935895830073,0.0721131452733157,True
2011-12-30,3.704249003216746,3.0883920222501278,3.7925835815863604,10.414891285682856,0.2561724004190914,0.060811409630176116,True
2012-01-31,3.964467394236756,3.147236032878822,3.9369651127497876,10.380989798838614,0.24951302937193884,0.0578199045014914,False
2012-02-29,4.610219855486517,3.513119417958381,4.03763366120487,10.425857044447751,0.21311204349530924,0.052554483859542866,False
2012-03-30,4.814179231867184,3.531715509677154,4.760358044249417,10.211610425998392,0.21146336588717893,0.049689156940399916,False
2012-04-30,4.3293689922523555,3.2243726930116714,4.407817745234783,10.255450239635467,0.2411516300159965,0.05022931901453118,False
2012-05-31,4.449482764177776,3.3150599998521977,4.215817669132755,10.292879605125057,0.2318190319478512,0.04994341933457181,False
2012-06-29,4.515785492302819,3.341662236509638,4.17265749626612,10.209148486608008,0.2291774937580013,0.0496840985633889,False
2012-07-31,4.659032420227617,3.417850964458794,4.251574667259283,10.249152767242359,0.22183966224348858,0.0485556888724401,False
2012-08-31,4.66186316965145,3.399330740837077,3.6520620086531443,10.252278608193553,0.22359310813314023,0.048488647733486,False
2012-09-28,4.914028119812015,3.537778611710756,3.9525658811023807,10.220259122564801,0.21092957494818346,0.04706753916998496,False
2012-10-31,4.8991848309920165,3.5007175203360767,3.8695407394531136,10.221331757914104,0.21422129709408758,0.047193523632654465,False
2012-11-30,5.190807980777792,3.6375696972041456,3.9265827953209715,10.226876213775373,0.20239970407865052,0.0453418677230562,False
2012-12-31,5.5488562686672775,3.694797630365953,4.032573213379529,10.147239548142501,0.19771589950138893,0.04189541446219411,False
2013-01-31,5.444867972928514,3.6463427054139825,3.797412088776814,10.149683356783287,0.20167213804855816,0.042671660011760454,False
2013-02-28,5.411854980404119,3.606957828726094,3.764065706373839,10.14022841346371,0.20496613828958965,0.042645108613456426,False
2013-03-28,5.2991144696312,3.5301216419617583,3.7218656224704874,10.142040969464519,0.21160399316684972,0.04272357439474724,False
2013-04-30,5.3749247189890745,3.614355333382251,3.0925182763365613,10.178840917759263,0.20434196379099206,0.042231954748066146,False
2013-05-31,4.275445799132117,3.1700207517497887,3.2485662657152257,10.269658972783711,0.24700088300457398,0.048455783810985226,False
2013-06-28,3.56170566664263,2.7662619007426237,3.1764573396469613,10.291099432850274,0.2976485377992217,0.054505500388524385,False
2013-07-31,3.664783266299697,2.782345568521315,3.252806799562473,10.216499013257666,0.29534988480406404,0.05299401129282045,False
2013-08-30,3.49634796125813,2.7083769830247877,3.108380385142143,10.281769934315475,0.3061473003553185,0.0539216563154318,False
2013-09-30,3.5107685149126957,2.730262359263657,2.9464109876941666,10.245989579910935,0.3028916841151729,0.05352280648330838,False
2013-10-31,3.3870902201407915,2.696299547588203,2.9173108083163113,10.297055363233817,0.3079665410261751,0.05394756439250645,False
2013-11-29,3.4303564084843248,2.7209141223679123,3.1064523350474267,10.259230427604749,0.3042758979260654,0.05289828546837162,False
2013-12-31,3.2374704402611707,2.598265704262026,2.999844645916959,10.285709176218317,0.3233593193319804,0.05395052436109172,False
2014-01-31,3.3072548100406247,2.634859248425257,3.2370451044596895,10.246740068214356,0.3174796056591726,0.05440953558137855,False
2014-02-28,3.2710858277236605,2.6133491186214703,3.1978727275156897,10.261861401705874,0.3209158248937841,0.05484883327088475,False
2014-03-31,3.263105984160065,2.601831652097899,3.1990217231887925,10.260180473278128,0.3227790830021813,0.05495944434143408,False
2014-04-30,3.3898269669705057,2.6886036765522845,3.292266088427794,10.24016017650802,0.3091343062546797,0.05323151002409346,False
2014-05-30,3.312995580198841,2.6534491225295143,3.2217380115034353,10.268155417277873,0.3145547735060312,0.05370899928737296,False
2014-06-30,3.4521610975072683,2.699560092372306,3.216036605754139,10.204279665207402,0.3074737966041524,0.05264432688518999,False
2014-07-31,3.4264664940642358,2.694784205071889,3.187545913122013,10.093020587020801,0.30819595050678833,0.051525501905254796,False
2014-08-29,3.022997215215966,2.4479786001685935,3.266236641929153,10.304873687762562,0.34935033334206533,0.05223662617045519,False
2014-09-30,2.3956669104446804,2.1561939795317935,2.4334488126311276,10.586615190165583,0.41015818170443985,0.05477269024237325,False
2014-10-31,2.391417270897838,2.215333076943217,2.3606608079482707,10.650736417275189,0.39653932920904744,0.052950940270814116,False
2014-11-28,2.365489139871216,2.2037111182798257,2.179053645858152,10.633405264159745,0.3991579843998059,0.052737752051974354,False
2014-12-31,2.3522849148361646,2.180068987749277,2.3139164072638896,10.649247386473496,0.4045711884263121,0.053049654116787505,False
2015-01-30,2.521534423052617,2.32400267213183,2.138194722540635,10.574079391794685,0.37332131463986634,0.05252390176025023,False
2015-02-27,2.6036276215985907,2.3859678880894895,2.1299367256930855,10.5182780559214,0.36102883676309677,0.052566953143631925,False
2015-03-31,2.585766092914857,2.3781115111880875,2.212234049689485,10.492065442226165,0.3625519008780408,0.05232959727968421,False
2015-04-30,2.644368895394762,2.4412747074482595,2.3733367329306576,10.502986960949993,0.3505842774039035,0.051977342780452296,False
2015-05-29,2.46129090676849,2.2868315836633553,1.6318820565486152,10.699387931209984,0.3810148713434644,0.05155117741427319,False
2015-06-30,2.409150190355273,2.243102062729913,1.4272041589201099,10.756789198253232,0.39039230906028044,0.05273594920291789,False
2015-07-31,2.5256326686836337,2.339790652235419,1.942660601761071,10.73292854647717,0.37012752997755083,0.05160529100549759,False
2015-08-31,2.5013987932261728,2.3139613288428165,1.6485122999819755,10.743106330949528,0.37537527368709156,0.053239368969056594,False
2015-09-30,2.5331640697332194,2.3503352711172774,1.5960808221909741,10.749592802882887,0.3680183348808333,0.053148310907414925,False
2015-10-30,2.4921659289036833,2.3196226420856974,1.656544252580904,10.727363429248841,0.37421506414117905,0.054180514571622,False
2015-11-30,2.453421582793032,2.294845994077857,1.6502237873647754,10.711227832796093,0.3793349980080103,0.05480262976791394,False
2015-12-31,2.4131125231565886,2.2599275052493897,1.6199802681725493,10.686823050883874,0.38674127707411204,0.05537408805632367,False
2016-01-29,2.5091225739308944,2.3407411856179694,1.6957875822307575,10.672129687152252,0.3699366195453999,0.05541248835886735,False
2016-02-29,2.528647641102678,2.354303483689979,1.6957090467337497,10.66637129428292,0.36722948320831306,0.055707141634193755,False
2016-03-31,2.4334700793265482,2.256720415493039,1.8693502574163121,10.6938745929743,0.3874329989874605,0.058138060419429975,False
2016-04-29,2.430014554331052,2.2679141770620617,1.946246749379951,10.67833903061554,0.38502717215912463,0.05796679355411859,False
2016-05-31,2.5375373298893544,2.3589357126581216,2.414781327295351,10.659361008939229,0.3663119872650052,0.054584764224006516,False
2016-06-30,2.696980262135851,2.4973389634984797,2.407110608647056,10.586526231035842,0.34046884146596934,0.05132491393988703,False
2016-07-29,2.7014275029995245,2.489556419805831,2.2635168468682565,10.57376907590019,0.3418457807378364,0.05118641756317687,False
2016-08-31,2.6846654758619657,2.5061754184414147,2.2665480468796444,10.555879711074198,0.3389158044986682,0.050134849174912156,False
2016-09-30,2.6888583169030684,2.514575976429124,2.16727997880574,10.521911252396903,0.33744949856797635,0.04925640850916335,False
2016-10-31,2.6594261370402488,2.5029409565988274,2.0146388294229145,10.576591742688663,0.33948299982863267,0.04961874781521943,False
2016-11-30,2.621856218874283,2.4477323342523842,1.818127917857355,10.552961699337555,0.349395542399441,0.052664434552617025,False
2016-12-30,2.6203423899039024,2.456390779995022,1.848086729223218,10.55436837862774,0.34781148380724225,0.05219178404386804,False
2017-01-31,2.5142235922767324,2.360349636427993,1.727317015019881,10.624610493463909,0.36603265169844584,0.052114335508897984,False
2017-02-28,2.5623607684573764,2.387924552624858,1.66183493622703,10.617587534015327,0.36065106989701845,0.05157584210582105,False
2017-03-31,2.560038004850612,2.387999074204266,1.6398193216913028,10.596878121334392,0.3606366944955975,0.051558897039143306,False
2017-04-28,2.568055460371957,2.392255255067173,1.6471477254392135,10.599175980195863,0.3598171527348626,0.05148493824383753,False
2017-05-31,2.5685183587662466,2.395559578484698,1.6544249928390762,10.610182485527178,0.35918290234960504,0.05098304927852672,False
2017-06-30,2.57665910494422,2.4028063125122423,1.6397527329484511,10.620857714442765,0.35779803152335676,0.05098897621087144,False
2017-07-31,2.587203778763352,2.4016761635701234,1.688429393389872,10.611616302100872,0.35801345605430646,0.0507513308614619,False
2017-08-31,2.6217272169709718,2.42900772447766,1.7110636575340752,10.589808412127399,0.352859819635422,0.05008622145834025,False
2017-09-29,2.8621081151084793,2.630429966189801,1.964667889996335,10.541834092469097,0.3181825838888837,0.04702387843611905,False
2017-10-31,2.8690275180066998,2.635551146219923,2.1141138760140668,10.535964839586319,0.317370006868465,0.046237754740248084,False
2017-11-30,2.873280833047333,2.630702935710882,2.102563336918385,10.487226923828723,0.3181391920265419,0.0461044692068734,False
2017-12-29,2.8335794711971745,2.593557866071186,1.690025386258588,10.483357220379764,0.3241278031194728,0.04538635334667434,False
2018-01-31,2.8942753803075822,2.6852158475663406,2.3442702289960367,10.520180399803346,0.30965049457642285,0.04275071346083044,False
2018-02-28,2.5923905024167158,2.423971349514883,2.1887976812952274,10.628816587848293,0.353800743239043,0.04444768819570381,False
2018-03-29,2.611661998973554,2.4445813828078045,1.9076785634279074,10.637626528995487,0.34997479230434075,0.044440577093456925,False
2018-04-30,2.545915615720676,2.374987489696782,1.956385761028173,10.639563887335916,0.36316033443209356,0.044558947637412305,False
2018-05-31,2.5694739265575306,2.400222886759204,2.019196958013212,10.66206658123842,0.3582907721062633,0.04435031909293432,False
2018-06-29,2.635176695508669,2.4783308062249927,2.1601017629204264,10.642912968050931,0.34384712373225357,0.04300216611456938,False
2018-07-31,2.514078104851878,2.3814942557282914,1.9887021862192975,10.657624136403815,0.3618948785428021,0.043081672654707207,False
2018-08-31,2.6134290764333614,2.4656411924977477,1.8296965746452747,10.640940705405756,0.34613141739641207,0.041407872760582505,False
2018-09-28,2.5540006215469044,2.4075544272692317,1.6527248603120348,10.671817297880766,0.35689517443128993,0.04156602563504948,False
2018-10-31,2.4177688517577245,2.2917999555062734,1.7405872508133768,10.771373574477222,0.3799720836703668,0.043587982021290335,False
2018-11-30,2.4979293641229,2.3500297794858516,1.823407678586419,10.772141514548407,0.3680791748267387,0.04259640333258455,False
2018-12-31,2.758668455469194,2.57252466713913,2.2528339700808653,10.563185454975214,0.3275955111533663,0.041688887742763976,True
2019-01-31,2.3489455292150776,2.226373096926776,1.8215186264192824,10.700562383953978,0.39407711650774513,0.04605089188108429,False
2019-02-28,2.2895293847518516,2.1784909802751224,1.7775418558469456,10.707944591372874,0.40493667862746013,0.045819447882341616,False
2019-03-29,2.385676208845737,2.281053631186604,1.5690222967707745,10.653874327258759,0.3822332912127892,0.044733450632013144,False
2019-04-30,2.3589470845988325,2.2596561598811915,1.5714091591359123,10.671738851494935,0.38679972622818687,0.044281128413168114,False
2019-05-31,2.5436016092274976,2.4314672541823055,1.920092872367763,10.476920391864201,0.35240173319542667,0.043906207379411005,False
2019-06-28,2.5518706837177265,2.425157697911494,2.1919544475060166,10.555493006348382,0.3535787511662858,0.04286934864935921,False
2019-07-31,2.508545250143208,2.416460842769304,2.149553563010094,10.546988164370076,0.3552111834509935,0.042743167672301616,False
2019-08-30,2.6122792009379627,2.5005762229972537,2.222300053987733,10.432793753589202,0.339898608122216,0.044488947784240576,False
2019-09-30,2.6082261558952897,2.502700601421806,2.206884881098313,10.443387918449899,0.3395252070403789,0.044699884521763183,False
2019-10-31,2.6836782593948367,2.5635283608988146,2.336106674352022,10.424768629995562,0.329096091456668,0.04386418591729489,False
2019-11-29,2.872235262040094,2.7487007644965162,2.258599164378427,10.421423351938548,0.300189069035126,0.03945446849636029,False
2019-12-31,2.8931106117639582,2.7448222123759147,2.253103439557592,10.3810997126554,0.3007545534425858,0.039603023338172935,False
2020-01-31,3.1152621819431916,2.9240611170448187,2.2040777831626,10.34418538688095,0.27618912737080786,0.03978649924966082,False
2020-02-28,3.346609657825776,3.0946297407422043,2.231339388940008,10.210778562208978,0.2554544782912156,0.03937652292790325,False
2020-03-31,3.2936924013642006,2.723284559462786,2.4498969931913486,9.807097602965943,0.3039240027920526,0.0439855869701108,True
2020-04-30,3.1019852562026196,2.5323829320480895,2.4047167679045067,9.870257123550733,0.3343734851783905,0.046405625717896214,False
2020-05-29,3.1091624289542303,2.5339908777111724,2.460002267322907,9.850521610452121,0.3340978531831082,0.04688924456442738,False
2020-06-30,3.101392025773757,2.5150112853360542,2.4192209800071076,9.898643988311893,0.3373737829383214,0.04665936324935336,False
2020-07-31,2.924431507810739,2.381529637861509,2.264995289598766,10.046383931296367,0.36188801621958544,0.04840336214496628,False
2020-08-31,3.035726864234782,2.4568656707356302,2.39998845868946,9.90190117117701,0.3477249257468114,0.04815353886111831,False
2020-09-30,3.0229157426389848,2.4350993846392006,2.412191296409641,9.910575062352073,0.35172694262044785,0.04782533081003856,False
2020-10-30,2.95858877557885,2.4104379674626513,2.404114920932987,9.983196394872182,0.3563486033859297,0.04881464448186175,False
2020-11-30,2.9738526212953884,2.433004394777893,2.396659483162228,10.055068213441603,0.3521159116526865,0.04929959295295684,False
2020-12-31,2.982616953192365,2.434757589876804,2.399037946087766,10.019261749911069,0.35179035669651976,0.04955836085869569,False
2021-01-29,2.9036735827342457,2.380554977056576,2.3672862901519824,10.000291716100348,0.3620771251248685,0.0490399952372642,False
2021-02-26,3.0981588743076367,2.5073275417944854,2.3711937356051194,9.921488987519997,0.3387141215753303,0.04861615415676728,False
2021-03-31,3.0514497273798136,2.5014380479217975,2.363928021404841,10.001826523423912,0.33974704906798847,0.049733359694109844,False
2021-04-30,3.0036582971513335,2.4787359167692418,2.34579204442288,10.020927063488086,0.3437745838748843,0.04961657467232762,False
2021-05-28,3.0010294574783445,2.4784534113190477,2.3616151137828774,10.023821178232753,0.34382516733069174,0.049732710135322634,False
2021-06-30,3.059491101952202,2.5066311342828675,2.3677573420826086,10.04058417731343,0.3388360078016439,0.04941748653817184,False
2021-07-30,3.0769693360149377,2.528922891389972,2.3447499536265983,10.063544928480605,0.33496778954593076,0.0494976589453215,False
2021-08-31,3.0632536440452482,2.5234194712503046,2.3427443418270357,10.074277658085666,0.33591642710713165,0.04981543318804084,False
2021-09-30,3.004776763742621,2.4854180401478856,2.3840876823075043,10.124751857417204,0.3425814821616683,0.0508321360343832,False
2021-10-29,3.2106668068038866,2.5903876035120597,2.4501629199816524,10.044680877233851,0.3246468746640907,0.0484284253253765,False
2021-11-30,3.1881897158663914,2.578911694403629,2.440522023630291,10.051600078564869,0.32653651243160303,0.048729913928624295,False
2021-12-31,3.075640172108055,2.5215471707367425,2.497074260279708,10.125632758096884,0.33624010399876963,0.04889201963878272,False
2022-01-31,3.080612234378612,2.5160169096870506,2.6512342261100525,10.243493145245484,0.3371989694365055,0.051058832735864056,False
2022-02-28,3.1191784714224684,2.53724583108804,2.752915768000625,10.283760967758209,0.33354096261468286,0.05117237672475516,False
2022-03-31,3.1915543405026074,2.5736226449656723,2.8084410475009656,10.265410357641429,0.32741308721064355,0.05311589260316322,False
2022-04-29,2.883750244430306,2.3796652058946983,2.6460843628559347,10.45178734328959,0.3622498985467268,0.05941129472740802,True
2022-05-31,2.792754248971193,2.3186921275313295,2.596150364335798,10.522442068997435,0.37440537143288205,0.059174041865904095,True
2022-06-30,2.6055716537151903,2.235677619330002,2.6167935361475587,10.553377641556393,0.39202084884208527,0.0630938539011548,True
2022-07-29,2.5600572570038787,2.2189948747468975,2.514820314934112,10.61440407567873,0.39571993721953413,0.06679960586956889,True
2022-08-31,2.419098349646828,2.1183341741607746,2.453236720044574,10.71830159935831,0.4192759543879754,0.06892172187031981,True
2022-09-30,2.091637976760162,1.9097239084894928,2.101973490015825,10.829005546891942,0.47599949139771275,0.08057878816102719,True
2022-10-31,2.1261169459180462,1.9406545039108607,2.126601873129006,10.815878502303757,0.4668190797399792,0.08042979141647114,True
2022-11-30,1.9924185977326263,1.852993505148586,1.933364797493625,10.843087958499838,0.49363402890707614,0.08680708723760626,True
2022-12-30,1.9846820509464966,1.8467331471082231,1.9207858224758727,10.85409274359268,0.49564642662231767,0.087111205789193,True
2023-01-31,1.8715529163902227,1.7561071865975093,1.7716324756243291,10.85254341150201,0.5263854555092794,0.09050041050924455,True
2023-02-28,1.756248196443172,1.6679401014715765,1.6055403285140215,10.865402718401114,0.5594961048238489,0.09377651158972589,True
2023-03-31,1.6466411866231399,1.57522801271939,1.286481763505901,10.823225300570954,0.59831160385538,0.09482766284434736,True
2023-04-28,1.6679255023312416,1.5976161124462414,1.2933900491816055,10.839484935861117,0.5885258551353113,0.09254103303595503,True
2023-05-31,1.6583655819908973,1.5885638639448387,1.2919827372602763,10.844577268998949,0.5924493405436021,0.09286984972185204,True
2023-06-30,1.6742014142589479,1.6006436882195625,1.3294657862274197,10.837799502909073,0.5872235264448883,0.0923612208340887,False
2023-07-31,1.7272338050979945,1.6366963782562756,1.3974674494908226,10.836330928316722,0.5720855588205871,0.0890822047959,False
2023-08-31,1.7045281839922954,1.6165827695906545,1.3917795795023926,10.807575294221278,0.5804476830335995,0.08921749998910311,False
2023-09-29,1.6738164212469375,1.5907517341802888,1.3563333896463798,10.801122326040145,0.5914969673547631,0.09093533127743268,False
2023-10-31,1.702319198913863,1.602092855919351,1.3774289265322823,10.774887991184348,0.5866019007174037,0.09093974598628399,False
2023-11-30,1.6575163067432155,1.5613509182059466,1.2402481339281455,10.700753982730868,0.6045181113185901,0.09458920240990637,False
2023-12-29,1.688891474153892,1.5675200640502331,1.2430282413065357,10.694080288381835,0.6017454036012576,0.09576989086841807,False
2024-01-31,1.6824309332643603,1.5651804641707405,1.2502744014650284,10.682125081579136,0.602794358337969,0.0957878860058698,False
2024-02-29,1.6606478627949717,1.5561624030164811,1.2563573479441732,10.723680796195866,0.6068670968195535,0.09564195348970667,False
2024-03-28,1.645325898861082,1.5421192103626746,1.242615881107152,10.71672395944738,0.6133041288950046,0.09648483816213599,False
2024-04-30,1.6851595150619365,1.5645592957576486,1.2831716606047547,10.70477944669332,0.603073384935096,0.09554540859813883,False
2024-05-31,1.6773351573366135,1.556665209235826,1.282569367172642,10.69806452445256,0.6066387772230067,0.0958537326125774,False
2024-06-28,1.6511544056573675,1.5402247518812575,1.2676367389122492,10.748725192552838,0.6141814846543926,0.09597057244348658,False
2024-07-31,1.6523592434098657,1.528148779989749,1.270159636123307,10.724842768864267,0.6198251992239779,0.09645133651846899,False
2024-08-30,1.648593302439897,1.5244108185520053,1.2660409260268664,10.714305939517171,0.6215902607178154,0.09686490560350762,False
2024-09-30,1.6161936941861503,1.511821333772617,1.2389574173534073,10.731963675143746,0.6275992046328959,0.09786912777442593,False
2024-10-31,1.620449496169871,1.510103255040626,1.2322187825177262,10.743585586448836,0.6284270107545772,0.09844760379388649,False
2024-11-29,1.6242648861777518,1.5087280141424102,1.251644075394356,10.75302660183596,0.6290909890244605,0.09822442577357865,False
2024-12-31,1.6242995817926333,1.5027770027405067,1.2668118274191436,10.732762566917426,0.6319781963618081,0.09842891431664391,False
2025-01-31,1.5797637180727373,1.4834914692720496,1.22859513688194,10.741814407718653,0.641493984147931,0.09876831484930325,False
2025-02-28,1.5532524652717186,1.4702608899873277,1.1873698999014994,10.743798414576403,0.648166537987337,0.09936088221597623,False
2025-03-31,1.5391247228045308,1.457755340674709,1.1977621501372406,10.744386456390236,0.6545847847766243,0.09955618933022152,False
2025-04-30,1.5420934995642976,1.4642761295840243,1.1932447510844637,10.812888850819972,0.6512244294472594,0.09690837215221648,False
2025-05-30,1.5456973657028212,1.4701459616782617,1.1961086886037193,10.814475267530215,0.6482250257275697,0.09682945734584551,False
2025-06-30,1.5779209528534335,1.4830212643202387,1.2330513863267267,10.824548687393836,0.6417290813454375,0.09187182645173202,False
2025-07-31,1.5347584910919858,1.4537996608111747,1.2129246312391393,10.826530591956843,0.6566379533932718,0.08945328846884387,False
2025-08-29,1.5495146899083607,1.4626644153242008,1.2119734603450592,10.83348194852757,0.6520522058753881,0.08686829092666733,False
2025-09-30,1.7487950642201715,1.595735812408369,1.3280866423044837,10.860981571982357,0.5893371643642075,0.07328238695383031,False
2025-10-31,1.6984175349989683,1.5501838699307495,1.2960084692846012,10.831255968569403,0.6095932433158008,0.07326699806702246,False
2025-11-28,1.76538062868806,1.5894608241330914,1.3656137967589232,10.819637339868704,0.5920585794242218,0.06941463204670845,False
2025-12-31,1.7841522039614666,1.603047524849216,1.366615307349436,10.791907110318412,0.586193006101592,0.06810040788355087,False
2026-01-30,1.8124309374770207,1.6484296785029482,1.2744882301878209,10.818697402537945,0.5673017444086456,0.06623413546464318,False
2026-02-27,1.979294763659538,1.7467813592215848,1.3877303130970238,10.832194626548196,0.5297296420029299,0.06142579808730163,False
2026-03-31,2.139447890177629,1.7366339137381472,1.4811493132720548,10.875010735099023,0.5334092587379127,0.06181532230496254,False
2026-04-30,2.142146697605855,1.7570343836773763,1.4842564674464604,10.901116060283835,0.5260549083267002,0.06296364690626655,False
2026-05-29,2.3193131364637094,1.818611067948654,1.6254070329858274,10.894762404465956,0.5048572008531607,0.05954143271749594,False
2026-06-30,2.1717306704479173,1.779843091400913,1.5158723901223379,10.919613951596874,0.518032008166625,0.06228879853815453,False
2026-07-31,2.2413822180165255,1.7875416172012617,1.6094323790346063,10.904442474748572,0.5153702881179687,0.061888916107944794,False
2026-08-31,2.263718986026833,1.8073834567003737,1.6192328392412514,10.918428537036018,0.5086146223824582,0.061463109285583156,False
2026-09-30,2.280758076365717,1.8258732526670334,1.6210213116350631,10.917076413318782,0.5024514562515453,0.06276837383701919,False
