date,1 US equity,2 60/40,3 Equal weight,4 ERC unlevered,5 ERC @10% vol,6 Quadrant @10% vol,7 ERC @ equity vol
2007-11-30,1.0,1.0,1.0,1.0,1.0,1.0,1.0
2007-12-31,0.9930922866945249,0.9969563561978172,1.0004889174530098,0.9999080193132562,0.9951200148494403,1.0019072106218583,0.9968021888747565
2008-01-31,0.933352575308573,0.973277989896954,1.00245449252194,1.0079101995935256,1.010387649088596,1.0389965938176597,1.0092966809799349
2008-02-29,0.9030051758576314,0.9595455470208912,1.0191081626127962,1.0157455484715112,1.0274188213933975,1.0603486306800507,1.0240464890304044
2008-03-31,0.8989775266193644,0.9605437197885675,1.0097641652196896,1.013528314115301,1.0184975537556658,1.0471844044686465,1.0165217807641709
2008-04-30,0.9426894516582379,0.9803448773824307,1.0282670720578364,1.0219301204550146,1.038482467249957,1.058785163864858,1.0340147723010726
2008-05-30,0.9547986525943173,0.982720725493122,1.030750655693257,1.0192180102613988,1.0282923202808827,1.0471411033501576,1.0251483246412045
2008-06-30,0.8741081695038846,0.9358709104442554,1.00973483697876,1.0045846711321402,0.9852070327500897,1.0200266135382434,0.9875867749689361
2008-07-31,0.8668384421946139,0.9341002555241824,0.9897626612505007,0.9940554168396993,0.9555930699073046,0.9867357644143528,0.9571165118552997
2008-08-29,0.8793754849445182,0.9458679088778326,0.9717938867178463,0.9914877698006254,0.946771728396068,0.9797674906679325,0.9482116706296482
2008-09-30,0.8011475072683256,0.8972716264149008,0.9132345937246895,0.9503297270435385,0.8423439846046403,0.8680291900922682,0.8430535128160226
2008-10-31,0.6666157961815201,0.8019423426039748,0.7626191491709547,0.8458567552340325,0.6347617923198501,0.6565356689344244,0.6067378809840156
2008-11-28,0.6187870232742212,0.785297387518742,0.746976601793603,0.8680967478823628,0.6579989281801376,0.6890525095394571,0.6397390728926254
2008-12-31,0.6254192335617446,0.8018290649143767,0.8007542113099007,0.9252175297264028,0.7155028580259412,0.7518459052729809,0.7249110246446431
2009-01-30,0.5728054410385374,0.7536750657616399,0.7625308677920033,0.8899583704678804,0.6833608160259704,0.7282217354383825,0.674955872509374
2009-02-27,0.5117614820839297,0.7037081822771486,0.7205889966825593,0.8593480647092826,0.6570387974509257,0.7058368319510384,0.6336743870011695
2009-03-31,0.5566816395720963,0.7497938683889198,0.7600295665801681,0.8981127369148233,0.6892673478713136,0.7398050993097985,0.6854443002170163
2009-04-30,0.6098934913824,0.7874939548350113,0.8070622108848967,0.9196211042991687,0.706461146923202,0.7468690998639211,0.7152902932224808
2009-05-29,0.6441553473994515,0.8105390197906704,0.860981389375409,0.9531728482347439,0.7334742905447135,0.7729420118568604,0.7659548473414489
2009-06-30,0.6455798767890368,0.8104018817330317,0.8550256417127114,0.9510011694337996,0.7316911740152559,0.7725536572396121,0.7620488186015574
2009-07-31,0.6945015471482933,0.8491554687417228,0.9012992477525203,0.982639428471011,0.7573114774981891,0.7957403317507074,0.8122382498008148
2009-08-31,0.7194955486377935,0.8705025843268666,0.9242263924049416,0.9995565727474223,0.7709540929097201,0.8084005239426544,0.8403570733517284
2009-09-30,0.7463035152829591,0.8931493361048395,0.9632361862100137,1.029184823455467,0.7949446926913896,0.8331256541947695,0.8911776408939008
2009-10-30,0.7323650023526633,0.8840293754822794,0.9631677998179412,1.0311685395950339,0.7965225807183198,0.838160138666327,0.8941972046623252
2009-11-30,0.7761707222829871,0.9226740707689304,1.006422264341584,1.0668268810246928,0.8251899513817873,0.8683180469424945,0.9567820022239314
2009-12-31,0.791277386706055,0.9218820951645265,1.0024960907729452,1.0469439891046113,0.8093408684436499,0.8471275097447716,0.9197633958453
2010-01-29,0.7627616363313429,0.9091775907554417,0.9858307527453946,1.0483064920594596,0.810403908947114,0.85292139392563,0.9217478077002523
2010-02-26,0.7863449751178676,0.9275187683580861,0.9995422578447787,1.0558908134563747,0.8163469608377397,0.8569110567374189,0.9347944624969455
2010-03-31,0.8336520334171575,0.9575969149088814,1.0268882802111536,1.0669431435078232,0.8250554235634172,0.8614433313026104,0.9542588484580449
2010-04-30,0.8468071564567352,0.9713876145826068,1.0525109627982023,1.0907835165166981,0.8438983478785119,0.8835330026181775,0.9981024042927387
2010-05-28,0.7790966710603816,0.9319408636619709,1.018397417563051,1.0818056740831443,0.8368248668485021,0.8810108634391792,0.9806420053256858
2010-06-30,0.7381959440720701,0.9102656731790185,1.0240526985787684,1.0987543893730176,0.8502403059911328,0.8998923674494936,1.0123694945188015
2010-07-30,0.7898405486845352,0.9523712506589566,1.0653837950241418,1.1226992806253562,0.8692279292246335,0.9150590476235562,1.0585889365621641
2010-08-31,0.754062705468461,0.9340668754613284,1.0742478999345604,1.1455445923096452,0.887307685820537,0.9392075520922911,1.104478824646415
2010-09-30,0.8212817025175055,0.9853663362690681,1.122198197840968,1.1721322438111692,0.9082816370652059,0.9571179096476081,1.1592113339626602
2010-10-29,0.8523943405221984,1.0095332465891884,1.1480226771329802,1.1864166447604014,0.9195718423242655,0.9695723560372664,1.1898828030538482
2010-11-30,0.8523943405221984,1.005553274714572,1.1317500763560802,1.1722806533167591,0.9083432093047298,0.9569838458049306,1.1572480342799898
2010-12-31,0.9092544552573447,1.0365517475668355,1.1648907015662897,1.1779600518401578,0.9128050720843037,0.956112341697952,1.1688519526122931
2011-01-31,0.930686665856479,1.0524089222960065,1.1605275515357878,1.1723514297970823,0.9083815955421265,0.950653363204536,1.1555628324648028
2011-02-28,0.9624813422952649,1.0721445050568614,1.1865539660150621,1.1897074161637613,0.9221178227538855,0.9652891831365806,1.193103839126809
2011-03-31,0.962765609370765,1.0718378376425342,1.1963705227575263,1.195153690555304,0.9264299551844563,0.9704403019349289,1.2045357381873425
2011-04-29,0.9911468996270026,1.0976627528170722,1.2419895119038156,1.231001422781695,0.9548800819329498,1.0014775763841197,1.2847514300940233
2011-05-31,0.9797944458466948,1.0978541360426284,1.2378948383775037,1.2392553123946826,0.9613720608580963,1.0097905048063154,1.3030794440910047
2011-06-30,0.9633972447361133,1.086100862775394,1.2151075744946662,1.224257779926827,0.9494884793177867,0.9980926686002338,1.267165003152482
2011-07-29,0.9436781152524214,1.0822057603102386,1.244864677966362,1.2588101663520463,0.9766676588259283,1.0337886643887717,1.343452433580837
2011-08-31,0.8922807739169192,1.0585031575484218,1.239185178044212,1.2782872772730245,0.991826451628624,1.057137769113319,1.386962678821566
2011-09-30,0.8293005425146387,1.016728033537254,1.172011658699009,1.2565205248567142,0.9749489616538457,1.0462836008731065,1.3355405538032168
2011-10-31,0.919809029238455,1.0815477046929554,1.2451143393273794,1.296011282455448,1.0060493253782568,1.075040212843711,1.4256304499146264
2011-11-30,0.9176596928139412,1.0813187208698947,1.229698118897348,1.2892880156259907,0.9985931773962734,1.067581791750383,1.4042332949461285
2011-12-30,0.9270424538737925,1.0923252204721465,1.2256693838754658,1.2939113038704027,1.0032324988592682,1.0733619349206154,1.4161971389246744
2012-01-31,0.9684307740727249,1.125115912242636,1.2858642434544767,1.3335192568357663,1.0534054638433474,1.128691401511893,1.5449239959388323
2012-02-29,1.0101397419238245,1.151221104390711,1.3009678643542748,1.335765460648692,1.0560044941341555,1.1291212521337737,1.5512954628750648
2012-03-30,1.0433003648964059,1.170206394416002,1.2898243275766932,1.318760384655336,1.0299224899367765,1.0971053070458179,1.4905912585765455
2012-04-30,1.0366281515550955,1.1727405500135668,1.3024714047546477,1.341987870595743,1.0659348131758504,1.138706775118836,1.567907974330227
2012-05-31,0.974245512023509,1.1361854401789249,1.2613618882792283,1.3445581772411497,1.0694664241538867,1.1504258023635092,1.5753386773931792
2012-06-29,1.0143123681496244,1.1631962300680028,1.2927016503214188,1.3577352509456726,1.089939867005974,1.1676087804334792,1.6201493632046482
2012-07-31,1.0282083461872855,1.176751689198387,1.323071897504303,1.3886085375018529,1.1392245191893433,1.2255812841147886,1.728957049307314
2012-08-31,1.0512335118864002,1.1930290540177912,1.3366295948120168,1.3938831695938725,1.1475165725960434,1.2344661907740109,1.7468813812058654
2012-09-28,1.078318189041891,1.2111759388288728,1.356502978711398,1.4009910463257007,1.1589595072404135,1.248024795358006,1.7719074796540708
2012-10-31,1.0582663369822984,1.196139910004328,1.348379512859923,1.3985711018754334,1.1540431152265125,1.2459599660879772,1.7609230139273269
2012-11-30,1.0641925537450971,1.203124649120161,1.356027493319541,1.407310622139359,1.168619203839174,1.2607323481355135,1.7921422944380148
2012-12-31,1.0737258228865778,1.2076357456193114,1.3647818496908464,1.4071121822045454,1.1674838405967514,1.2535729719842983,1.7896434666672487
2013-01-31,1.1293047492622623,1.241557814365963,1.3764208683954982,1.4042293079776955,1.1610052556396198,1.242967176002973,1.776989528026634
2013-02-28,1.1444250466637387,1.2550819789948913,1.3689877688161425,1.4077366116729397,1.1670648568039128,1.2467559231336123,1.7886269764470666
2013-03-28,1.18716716057,1.2845635134592543,1.3801027974970785,1.4161992135867119,1.182725547365486,1.2616901358284278,1.8190638817914748
2013-04-30,1.2098254043930923,1.3029186947090274,1.3975806564337143,1.440044852679234,1.2285589853202372,1.3016234160716922,1.90917230612986
2013-05-31,1.2379834254143662,1.3115070488776561,1.347316188105481,1.3915716251114763,1.1296025165757697,1.1918581976461111,1.7144461847738346
2013-06-28,1.2212788201163574,1.292371605369211,1.2868297148522672,1.3431938911757744,1.0477565128457709,1.0977208647910797,1.539641642070678
2013-07-31,1.2832265286853461,1.3323140456657525,1.313788416703215,1.3594034034075329,1.0705183753272605,1.1218938662050897,1.5848013960464598
2013-08-30,1.245859313895045,1.3036100608224648,1.2970876755617051,1.340315344346381,1.0417105844730306,1.096076733187974,1.5275601286470482
2013-09-30,1.2847074596541759,1.335632420696054,1.3211724202468922,1.3622064932615419,1.0728742755244074,1.1228003881491735,1.5872806053183333
2013-10-31,1.3436302050711582,1.374952156919999,1.34837430641834,1.3857935048990528,1.1071806381916185,1.1528712622108455,1.650089280043663
2013-11-29,1.3843209841919792,1.3991914682561197,1.3300503562439878,1.3735574668720327,1.0886283003335298,1.1329980027353184,1.6154325485517016
2013-12-31,1.419159709952544,1.4119417491872344,1.3226818035127932,1.3628011868263221,1.072033515173728,1.1118723645791277,1.584386117519803
2014-01-31,1.3699273634910418,1.391916869962234,1.3320451743330184,1.383401698544687,1.1016366871813734,1.1502838867703051,1.637168844327776
2014-02-28,1.4324045769414162,1.4311598589370627,1.3757078153243205,1.4124385728035578,1.1437283774744003,1.1899838758274635,1.7145229291260506
2014-03-31,1.444186898006627,1.4347722855054192,1.3788192019938357,1.4138040591078935,1.1453107155629854,1.1877287646058547,1.717286137957008
2014-04-30,1.4546439377650664,1.443828252998334,1.3986207202680245,1.431208830469193,1.170489613123819,1.2142280660894451,1.7641625317062684
2014-05-30,1.488608906463748,1.470012654081839,1.4170338235309021,1.453395376436065,1.2041227884068622,1.2467164112384768,1.8269765832269647
2014-06-30,1.5191648515329723,1.48732399601043,1.4393253537053634,1.4659241099309779,1.2229544178813698,1.2651287269758407,1.862147810263447
2014-07-31,1.4980787627799457,1.472615005304704,1.4235783376275715,1.4562010858181955,1.2070484707958449,1.246318961062885,1.8322687701735239
2014-08-29,1.5578106838925214,1.513904860004586,1.451318862306789,1.485891727353984,1.2543119857137244,1.2891231352303834,1.9196070276784314
2014-09-30,1.5357177802083455,1.497065653778963,1.394766337855521,1.4467005822035066,1.1904306875701058,1.2229241338743635,1.8057316717115481
2014-10-31,1.5729316045158679,1.5255301318248753,1.4189386824054526,1.4700596651115385,1.2250701012924623,1.2535514341204896,1.8611935450040176
2014-11-28,1.6151237251217643,1.5552289374584327,1.4289683542607745,1.483029035650896,1.245022434490156,1.271465101516949,1.888790057349626
2014-12-31,1.6110280667969221,1.5506853946169106,1.409649988289504,1.4728970870239892,1.228388567763526,1.2516303721002884,1.8660704683224987
2015-01-30,1.56249902621583,1.5393713636968862,1.4512120713035976,1.5153179509152808,1.2945782653558509,1.3265354840130565,1.957634826814298
2015-02-27,1.6520909093741942,1.5825100079364038,1.4493009617513024,1.5130506771177492,1.2903833285973931,1.3121125017449693,1.9517693094586408
2015-03-31,1.625831767488387,1.572266033015043,1.4356466595816517,1.5048077460923288,1.276504718708482,1.2971370377067688,1.9318581418893213
2015-04-30,1.641262585186642,1.5799019367491098,1.4484912226938556,1.5124570071382402,1.2883823042991696,1.3083503778035017,1.9491332128324301
2015-05-29,1.6621490871357685,1.5911859594116269,1.4337739512456318,1.5016971554964622,1.2702432246014173,1.288477099920306,1.9228808234810486
2015-06-30,1.6299828925596682,1.5680315659704314,1.4060585963950798,1.4752877463841445,1.226356678948545,1.2483985590774629,1.8667955904887543
2015-07-31,1.6638905248463007,1.5929035399130518,1.3946682455509374,1.4743321507976053,1.224376834281864,1.2442717949915139,1.8643315091799222
2015-08-31,1.5633654604207399,1.5348926264790757,1.355221956262254,1.4400859999983493,1.1686400548105125,1.2048400054614485,1.7917579175639393
2015-09-30,1.524312975790949,1.5191257120717565,1.3418363839466987,1.429477861936515,1.1519695667158363,1.18900302814748,1.7673775037632258
2015-10-30,1.6527016668068943,1.5929880292441494,1.3800252891908078,1.4624421469806315,1.2015373453283529,1.2265491234019863,1.8413629707391197
2015-11-30,1.657434102077513,1.5932194115457994,1.352279145515278,1.4405267133032718,1.1677833882712871,1.1901142635562731,1.7870923204366487
2015-12-31,1.6308747230557843,1.5754940308643515,1.3362530522179477,1.4247073806659616,1.1437742099695098,1.1634982934487499,1.748519867145613
2016-01-29,1.5497114482741454,1.54328582929194,1.3288276278596214,1.4261000528761913,1.1452903590903822,1.1802345180926106,1.7509176261365618
2016-02-29,1.5474614615176103,1.5469781315960567,1.3428447945231545,1.440429086837088,1.1654185956682541,1.2060203016579403,1.7844459848022804
2016-03-31,1.652346586146404,1.6112412079162428,1.4067089963242991,1.4921568283699356,1.2398967248289103,1.2703708204774002,1.9091686994024861
2016-04-29,1.6585206894080355,1.6140163943273012,1.4305712308200471,1.5120553744318592,1.2678006299772278,1.3035437266731862,1.957794873440239
2016-05-31,1.6880913207006292,1.629929706747236,1.4211474328904774,1.5062246959937418,1.2587344540715992,1.2918674728505417,1.9417593164598501
2016-06-30,1.692357741817879,1.645746094199019,1.474089030498913,1.5527536995177658,1.329128445175313,1.3679132404183825,2.0645713483378576
2016-07-29,1.754574448526551,1.682303154862158,1.5029082772521722,1.5767240332937738,1.3683094684653132,1.401403376705862,2.132910917188153
2016-08-31,1.7568460922430722,1.678727543626619,1.4937165234085727,1.5699096788995204,1.355867956048253,1.3888575941570458,2.1112564202503004
2016-09-30,1.7571005225715415,1.6807748317573556,1.5001043132176384,1.5754320885748228,1.3644296973040084,1.400485321568518,2.1256479360469167
2016-10-31,1.7248914814918717,1.6573193986463186,1.473066809760884,1.5532971009920977,1.3245548342522124,1.3624105108435256,2.058247773058198
2016-11-30,1.7886952226927582,1.6764859428567325,1.4319663397324955,1.5148371283787265,1.2574111708597537,1.285645742575061,1.9463748399142085
2016-12-30,1.823773888873312,1.6958348120009499,1.4442441001437365,1.5238415848828333,1.2706781800693718,1.292629683703918,1.9683685115352911
2017-01-31,1.8581177764690155,1.7170649430437377,1.4705940151194818,1.5444134483511462,1.3025268412855129,1.322984015219733,2.0212866577777358
2017-02-28,1.931750505588746,1.7605823447354672,1.4987911676075194,1.5675243068435576,1.3389242179519871,1.3557469149604369,2.080329124725354
2017-03-31,1.9335767014736118,1.7620256355859911,1.4964238966122223,1.5653749910154984,1.33426711832712,1.3477332632012378,2.0727339567426233
2017-04-28,1.9532628781009225,1.7782350797373465,1.510643344432164,1.5797338381648884,1.3567535987471226,1.370118613456239,2.1090019471536836
2017-05-31,1.98048598841431,1.797291945836,1.5225085345182274,1.5918558864416255,1.3755031800744815,1.3867609272586445,2.1392425737164222
2017-06-30,1.9925947219339861,1.8004883776791734,1.524844226896293,1.5915835921103072,1.3734310548828819,1.3792210264241211,2.1357958773314834
2017-07-31,2.0332932913281834,1.8255673689092204,1.5516281893143808,1.6120430332619686,1.4063350999550361,1.4084796243339277,2.188682630834432
2017-08-31,2.0392598617070714,1.8350981264858732,1.5731634554044283,1.629995177556314,1.4353688965383984,1.4395715468960628,2.235133545738243
2017-09-29,2.0812609648097813,1.851638372609243,1.5674160896876101,1.6253461065120498,1.4253683564962139,1.4245093192092417,2.2193505643662053
2017-10-31,2.129495688862719,1.8758412832299136,1.579264864147529,1.6344834427497228,1.44023883912344,1.4369494348932141,2.2426461421729993
2017-11-30,2.194644031248349,1.9073446131552252,1.5890607590501962,1.6412059210779482,1.4507707052858128,1.4418340760675565,2.2591247175228215
2017-12-29,2.2188220795044193,1.9204987633116464,1.6137247876922727,1.6594929714076359,1.4833832105070914,1.475170853693228,2.3103418311269137
2018-01-31,2.345576371166022,1.9743237841764338,1.6326772817136825,1.6662917974165519,1.4937200814051903,1.4708707589137122,2.3264982272663888
2018-02-28,2.25882653554079,1.926637785385875,1.5818517192662969,1.6295302493238288,1.4133952672212884,1.399223493291228,2.1994018768860895
2018-03-29,2.2009962201593627,1.9027905203493423,1.5887498279910064,1.6370248278932746,1.4249643772038336,1.4144462134688824,2.2176240599301775
2018-04-30,2.209211530851045,1.9000408696138256,1.584368707048948,1.6320444273439434,1.411763233228741,1.4003246095510706,2.1964341769550817
2018-05-31,2.262112472850902,1.9330528430067953,1.5905954786425918,1.6405076879326126,1.4246709581170496,1.4122178734633675,2.216925843634735
2018-06-29,2.275710083418252,1.9408083143766959,1.579274124343661,1.6358427655417533,1.4120183621163795,1.4005863158042928,2.1965774702024876
2018-07-31,2.360123927668875,1.9812380996204078,1.5876142700683706,1.6406626244254943,1.4177694387229582,1.3974865122488094,2.2055859667552196
2018-08-31,2.436739240853445,2.0259338243098624,1.5875329977116899,1.6476928652858467,1.427842609365628,1.4088613830120889,2.2214982988594203
2018-09-28,2.4502323059520847,2.0260521664757634,1.5776273858521397,1.6384408562631032,1.4043861863836553,1.383953535040308,2.187211020721828
2018-10-31,2.2824162623514823,1.9421975956189172,1.525799200037692,1.5970693194076298,1.3141844137091938,1.303196756537004,2.058658542565614
2018-11-30,2.3286724127723137,1.973315878603056,1.5438587858238422,1.6097610255175667,1.33422161408583,1.314224393083659,2.088428339071826
2018-12-31,2.1179534640229636,1.8810745957055877,1.5189736161493461,1.5936871000396762,1.298598569171373,1.2955031587310086,2.03559383484502
2019-01-31,2.2874338216276726,1.9757404080417782,1.5956217932105852,1.653171349219367,1.4103889778640082,1.4001650071411555,2.22714668824466
2019-02-28,2.360644006319474,2.0115571044807057,1.6059418176149258,1.6606098835690735,1.4204432007469234,1.4064445132134336,2.244304203238585
2019-03-29,2.4063216510393826,2.0492175425008385,1.6384984412525858,1.6925693749659436,1.4761121539656268,1.4664277252679347,2.3424146743689507
2019-04-30,2.50356467329152,2.0985023263903013,1.6506552710665436,1.7030005769939094,1.491887473425288,1.4769933452632582,2.3688187520969635
2019-05-31,2.3442225774586927,2.0355401835081395,1.6390250747613286,1.7035193209575015,1.4882827441535116,1.4924890248011957,2.361758532199122
2019-06-28,2.509075668483363,2.1296977793909826,1.6983574426911598,1.7518737260023607,1.5802355667774464,1.5810842079604785,2.5313374872218737
2019-07-31,2.5448528105748336,2.14655479840934,1.6999835841926827,1.753653348650651,1.5790855463793325,1.5801773651622333,2.5278177597146936
2019-08-30,2.5043609950360426,2.147298509479765,1.7377159579659307,1.795847732997372,1.663482353076605,1.681562265016174,2.690288434105788
2019-09-30,2.5509865602203754,2.165318317978187,1.7365095846361494,1.790204389196881,1.647361508810346,1.652722435097233,2.6572420251028084
2019-10-31,2.6059598707437885,2.1947397829584125,1.7601244480792926,1.8066705860625507,1.6771428604010463,1.676708370185919,2.7146434080232753
2019-11-29,2.70030693677103,2.2391579796664005,1.757560290659969,1.8038834247580804,1.6675266462369458,1.6613338167784912,2.695058081591637
2019-12-31,2.781526457326445,2.276231486403941,1.7936130984272651,1.8271934149902709,1.7175002896690312,1.709754878164311,2.7897248300047934
2020-01-31,2.7801276358390012,2.2954388753101447,1.8042601239405902,1.8490775231117826,1.7649308540521735,1.7672190245779262,2.8803335190273573
2020-02-28,2.5510085287912965,2.201354948964587,1.771187359106068,1.8399822423216528,1.7388397120218604,1.761274569922228,2.8286030800505384
2020-03-31,2.2346509801721997,2.0574009506694524,1.6223106911258935,1.7440527794962566,1.5043905181682644,1.5302570154257265,2.377475216933054
2020-04-30,2.5209957215818655,2.2192830975416125,1.7128074621501905,1.804953854548842,1.6228480260449938,1.643898789742101,2.623998398918199
2020-05-29,2.6408917681739332,2.2863118874185084,1.7536492998966031,1.8313287510787037,1.6730236457579561,1.6969546611625705,2.7363512377661268
2020-06-30,2.6928058383424833,2.3159748044736377,1.7959388269593695,1.8575146859895755,1.7229824468877806,1.7465387880914467,2.8506570405972123
2020-07-31,2.84433039484222,2.3986050131252155,1.8888017377374389,1.9216710144273592,1.8494312778379463,1.8845121560181055,3.1427484733244904
2020-08-31,3.054863467668812,2.5037085935864254,1.913968194140457,1.9305808473295398,1.8661627499356572,1.9011656556350365,3.183338425695507
2020-09-30,2.9324907373649602,2.444223171213387,1.8818266385087257,1.9146535844453874,1.8331703291228807,1.868178655180355,3.101219932104843
2020-10-30,2.854154241180636,2.399242848184055,1.8627604335134553,1.8976507190840688,1.7980561623677407,1.8344801121197756,3.015416354465004
2020-11-30,3.1662737252775726,2.558684107888393,1.9503248356790843,1.943416533431991,1.8859438779129623,1.9073170372739612,3.2304081945159195
2020-12-31,3.2877767494616976,2.6189525296172365,2.0089418976028526,1.9748864282949845,1.9469279050757524,1.9696421252722043,3.3840297504816994
2021-01-29,3.2541981783224787,2.598062080486113,2.001247038248338,1.964306420885688,1.924905752289853,1.949219243252912,3.326325999677984
2021-02-26,3.343932156067226,2.62725001159522,1.9979398826982149,1.942521170480516,1.8804401595533056,1.8923710507770746,3.2124286648778084
2021-03-31,3.490027203634636,2.6868071663786353,1.9944333935563596,1.9280012852204935,1.8505684979095907,1.8533968274892458,3.1374408556717612
2021-04-30,3.675791569677769,2.7803207506608882,2.0643261040197953,1.9710083498833264,1.9327075418698123,1.9385331439011573,3.344403077863819
2021-05-28,3.701105907208502,2.797553543705477,2.1019261093251043,1.995015469068696,1.9792930867203218,1.9893207152297563,3.463598845167291
2021-06-30,3.7870217161660698,2.835511235299974,2.1199680502701206,2.0065940526252493,2.001531624196743,2.012422279107941,3.5209364323402097
2021-07-30,3.8764705699052455,2.888558640199318,2.1488647127271294,2.036849109599186,2.0616498839946136,2.0879797829488926,3.6768531651486906
2021-08-31,3.993890244396463,2.937814267984881,2.1655063215811166,2.040998667610344,2.0691415772580286,2.088315887986481,3.695873416715273
2021-09-30,3.807417275087024,2.8440493640994435,2.1207943344158924,2.0113215209921096,2.0077348845519536,2.0376990759750293,3.5311823468107186
2021-10-29,4.07367915914906,2.9551035571757898,2.1702571620577267,2.0307923462612227,2.0449414505668844,2.0719868115293214,3.630481378778741
2021-11-30,4.045051774156866,2.9476423762544193,2.141617800157636,2.0246400214338363,2.031127131577793,2.063012535892606,3.594110517307543
2021-12-31,4.225639036125063,3.0224841907904914,2.193003503373502,2.042625885351971,2.067160721257279,2.0926758625613067,3.6864884558134237
2022-01-31,4.006417938818315,2.9091099828281455,2.1433270245322076,2.002729132278403,1.9834799555283733,2.0127761904212957,3.46696101530895
2022-02-28,3.8861435965510966,2.8534357085068147,2.1318015114722355,1.9987282233387578,1.9745698447780915,2.022443384307791,3.441990723026505
2022-03-31,4.029622358707818,2.881015881004171,2.137045838892365,1.9731146043654013,1.9236414831426734,1.965529117849377,3.3045051641301972
2022-04-29,3.677824831028976,2.7024919473852713,2.041755324735894,1.9019280570253843,1.7912871785943139,1.8358203559975435,2.9411340270418624
2022-05-31,3.6840888340453697,2.7132042134847656,2.0334942789701045,1.8999136134472958,1.7866807190677503,1.8299831041507664,2.924999190695575
2022-06-30,3.3793239912375057,2.569462482976922,1.925947804787892,1.8280438373698262,1.6706609147194547,1.7000570290960282,2.584709695656115
2022-07-29,3.6905444777868195,2.7311038325579724,2.002629794568243,1.887202085348612,1.754591756958022,1.795127604363029,2.8237040874118127
2022-08-31,3.539576146806149,2.632281240601322,1.9356582946803818,1.8279524220802947,1.6698432001070718,1.7019426922944614,2.5537311077719673
2022-09-30,3.213193606990061,2.452296852798544,1.7816152232015727,1.7109090380999037,1.512397827804472,1.532531131434056,2.077925297482684
2022-10-31,3.472859622389874,2.562978459421384,1.7941393693346501,1.708609999408425,1.5087128064518271,1.526702812116272,2.0607456133882063
2022-11-30,3.6664924761539783,2.6748277487756553,1.9141639073041807,1.8004090191473703,1.6080677232562637,1.6201475120573736,2.3342578087043004
2022-12-30,3.45469426293108,2.573741017801322,1.8774932824717863,1.7762710262678363,1.5822553599687903,1.595588089673894,2.245887685797608
2023-01-31,3.6712408035822843,2.6956727984653353,1.9808730636987093,1.8554868965001337,1.6622375800500107,1.6723052284588968,2.476073444615231
2023-02-28,3.581305525173495,2.628780455948879,1.9003226217767781,1.7900573076908546,1.596748428160104,1.6034943636998102,2.255230109295129
2023-03-31,3.7123285750343604,2.717684950842999,1.9549672319025895,1.8461490785630263,1.6496280090229754,1.6645340021631647,2.3998897582458016
2023-04-28,3.7699033694490462,2.7506015778533053,1.965537292872778,1.8554236903940482,1.6579894820141206,1.671991612948053,2.4142692845801688
2023-05-31,3.785766235708749,2.745435179336824,1.9181440501542881,1.8164801287480172,1.6197202458098607,1.6298482741392304,2.3037669774522938
2023-06-30,4.035439511643349,2.8405276136704796,1.9575974969203362,1.8371570881451225,1.6389744407126206,1.6377767514673347,2.3441185698765734
2023-07-31,4.164669552183932,2.8938108152972335,1.9978521611010502,1.8650023965504423,1.6652020680923127,1.6577817496209324,2.403112031282065
2023-08-31,4.097941809773995,2.863639773001344,1.956283310153645,1.83620019408604,1.6353175588534576,1.6311246578906209,2.3153224388627054
2023-09-29,3.9021298607410797,2.7603538394851106,1.8820374757468543,1.7761632264805174,1.5744368580528467,1.5675309962394086,2.153552828435205
2023-10-31,3.8195841240460875,2.714947813457632,1.85322373946586,1.7588509948281366,1.5567528248684483,1.5522981765477648,2.1016545127792994
2023-11-30,4.167912798795943,2.8978239144167244,1.9665612577218763,1.847290703016927,1.6420552697237794,1.6331332504433091,2.29886541205427
2023-12-29,4.356933187499423,3.010101977449928,2.050451217195458,1.9135868185367506,1.7039137570396818,1.694416569340337,2.442373699562984
2024-01-31,4.429506127829046,3.042729519713046,2.0265747746210163,1.8993375960407453,1.6902750668554907,1.6839089324039112,2.3985200945275555
2024-02-29,4.665540816358335,3.12151148932408,2.036768304937572,1.8992079385082667,1.6898103960395106,1.6706237220852331,2.3890351111661006
2024-03-28,4.815068258375331,3.1887682309485594,2.08726457166541,1.9437243425637911,1.7308823166946399,1.7119360282388318,2.4833148651749397
2024-04-30,4.617862473629932,3.0840134722816015,2.040574708136222,1.911404109699158,1.7007287131241717,1.6810140489714154,2.3973469101884484
2024-05-31,4.846248360147462,3.1941854142420656,2.09681828181714,1.9565824686330937,1.7424084609935204,1.7213839117791168,2.491927819897216
2024-06-28,5.019467893167316,3.276102941656547,2.1154885953267257,1.9710241130938535,1.755485847817962,1.7322152512792615,2.5164822805985416
2024-07-31,5.079938799612365,3.331086659854571,2.1682041039913,2.0144606074954154,1.795410890603415,1.772590047281912,2.6084218392930594
2024-08-30,5.2025742179344645,3.395777640754917,2.2098308460937615,2.046528363547925,1.8247300649596347,1.7998445976543864,2.674790034535639
2024-09-30,5.312991371493218,3.454006554446773,2.277301768355333,2.1044059390149936,1.8777347311199697,1.8516137092874343,2.8033928725971173
2024-10-31,5.264337686538105,3.401193262048279,2.22538266460421,2.0650352905614504,1.8416628461367022,1.8140423011556648,2.699803875858164
2024-11-29,5.57264616889937,3.530597665001897,2.246937615332797,2.0773520670623014,1.8527059429789097,1.8218685368468066,2.719874255981824
2024-12-31,5.439263601038299,3.4617516940795325,2.190210113108914,2.037454487221501,1.8163332611745524,1.7847476405472773,2.618135551835836
2025-01-31,5.590064596946847,3.5268532502456535,2.2365837931772408,2.081559979538075,1.8561647240991694,1.8259695050653653,2.71017072600023
2025-02-28,5.5165181840561255,3.52807057736824,2.2805129317270043,2.120470543248058,1.891208671336639,1.8671726538444502,2.7904027097929722
2025-03-31,5.204924699217555,3.416107033211959,2.2925405615503966,2.1442992497893374,1.9125505459018777,1.896800980409176,2.8358745464195154
2025-04-30,5.169141792323787,3.4189172723550367,2.293443153704154,2.150234139091033,1.9178131257154079,1.9014569520708813,2.841246175974374
2025-05-30,5.493807979109613,3.535946501838056,2.315535806238151,2.16301162626643,1.929332840666304,1.8995241116902226,2.8620659417659384
2025-06-30,5.772674837105394,3.6611572447571734,2.373341859330916,2.209682057742542,1.9720378180991935,1.9375533612896134,2.959844769940636
2025-07-31,5.901295366657018,3.703187476358836,2.375115699146294,2.2103613175426124,1.9719620285828556,1.934462456014138,2.952726816076074
2025-08-29,6.020338845730786,3.770862946161596,2.4324239225974633,2.261224953098391,2.021770456463601,1.983251825761731,3.059902075641091
2025-09-30,6.239363939759386,3.857938317432065,2.5085628074495814,2.324216970439673,2.0851303709200177,2.042928488726744,3.19628025316719
2025-10-31,6.384688061873479,3.919982268253914,2.5366320388245196,2.351270305520735,2.115404670527525,2.0734403864340005,3.254180637923166
2025-11-28,6.399646009977794,3.939824670583775,2.565446445173855,2.3788719779200753,2.146669326592912,2.10719159800649,3.31302461669754
2025-12-31,6.402808860968562,3.9367892588872064,2.5655968108186533,2.3815649658612092,2.146522260179548,2.1016935675095856,3.309204382399513
2026-01-30,6.494908588932216,3.969658928482585,2.65069751839492,2.4553937702561512,2.2407439203357904,2.1898331069232455,3.4806983148313364
2026-02-27,6.444857017322464,3.9798079746497548,2.7306535950209474,2.5151396256557406,2.3192443647760217,2.266936174822791,3.6210056694517223
2026-03-31,6.122847002147012,3.83119059615741,2.629321812639311,2.4506591693875213,2.217175816521009,2.186670193708579,3.435990297065127
2026-04-30,6.764597881668877,4.072266125634916,2.731672014915233,2.5276441148878943,2.325161749996279,2.2653619222842654,3.635056945375089
2026-05-29,7.119816274192708,4.199340753784997,2.752350482099056,2.5359807725521866,2.332749845712102,2.2603965914981736,3.6467969905878572
2026-06-30,7.051178356750909,4.177240423921408,2.7053569453110864,2.482259039480247,2.2438922140101996,2.162482830020064,3.4579703217001208
2026-07-31,7.045778139246476,4.160739540653223,2.6990555274227352,2.4854116432008873,2.2435226592950683,2.1574997528959177,3.453386866367487
2026-08-31,7.236793772767088,4.229064388701141,2.764520346494626,2.543791710836817,2.3236720014362304,2.2341440859557418,3.6106676295279065
2026-09-30,7.210812276224411,4.171174392049612,2.668886655948442,2.4664471751663566,2.2035257940024033,2.100961493963308,3.3653580009957387
