asset,label,cagr,vol,sharpe,max_dd,sharpe_se
VFINX,US eq,0.11059536030413053,0.1563482815393798,0.6604477939675901,-0.4882385179160704,0.2543156887719562
VGTSX,Intl eq,0.043960057113775486,0.17720017967491827,0.25213836113225946,-0.5649338670685932,0.2340601383720423
VEIEX,EM eq,0.029905939305321372,0.1998116289462353,0.17733947368782207,-0.6112616700076432,0.23223113914843696
VUSTX,Long UST,0.023350021348196748,0.12702579720565735,0.13119450676130767,-0.45271192874047494,0.2314159192871948
VFITX,Interm UST,0.024828576979875283,0.046434313128894934,0.2417707286174246,-0.14425616876303715,0.23376955299749957
VIPSX,TIPS,0.026726067330083314,0.05730694807702547,0.23745719435842078,-0.13552555807118394,0.23365214398959522
VWESX,IG credit,0.040899194729104194,0.10963752265036088,0.2886226192790964,-0.33805750652840627,0.23517636914815018
VWEHX,HY,0.05594974478505743,0.08176701195588101,0.5310649478735577,-0.28244879113379673,0.2461376968139806
VGSIX,REITs,0.059012326572837726,0.22233218559501094,0.30784839856043966,-0.6195470751409192,0.23582274946576795
GLD,Gold,0.08834509964139503,0.17637795640398268,0.4893670852433633,-0.4291019672092301,0.24383220601391392
PCRIX,Commod,0.013828873819363485,0.19243767436460787,0.09711032468597769,-0.687345630241374,0.23096913374443054
