date,US equity,60/40,ERC stock/bond @10%
1994-10-31,1.0,1.0,1.0
1994-11-30,0.9634533038451859,0.9765474643298654,0.9732998771875769
1994-12-30,0.9774838501039257,0.9881794539362881,0.9858213298622064
1995-01-31,1.002734032290448,1.0111867152867715,1.0203595819435338
1995-02-28,1.041633789023107,1.0451736129666964,1.0736705005879048
1995-03-31,1.0724035410390096,1.0660903355467,1.0981905148227744
1995-04-28,1.1039447322855178,1.0915435642197813,1.1353135092814925
1995-05-31,1.147599228697509,1.1381564453405082,1.218735364111038
1995-06-30,1.1741140242638337,1.157638259811812,1.2435541506308379
1995-07-31,1.2129068962109228,1.1777638848816214,1.2605128453213945
1995-08-31,1.2161204286907936,1.1858177674874195,1.2747887386762564
1995-09-29,1.2673357892271533,1.2200433063099143,1.3203862973406244
1995-10-31,1.2627259175549868,1.2260206652885053,1.3355476281432817
1995-11-30,1.3180383003055294,1.2671940765104135,1.3967234381658302
1995-12-29,1.3435420584794238,1.289256926081276,1.4309547228880564
1996-01-31,1.389027118272991,1.3190016855316968,1.4690692162720786
1996-02-29,1.4018558754004475,1.3137653339331556,1.4381246508034418
1996-03-29,1.4155783017656043,1.3157391776841785,1.4277201191306603
1996-04-30,1.4361916441926275,1.3218180173108416,1.4226581888733156
1996-05-31,1.4727356055554868,1.3396646420390903,1.4371697530122323
1996-06-28,1.478373227237586,1.3508349951490788,1.4579082998301003
1996-07-31,1.4130230944824282,1.315798136822682,1.4105804531370723
1996-08-30,1.4426416510182127,1.3305301804677248,1.4207219027706302
1996-09-30,1.523522515352249,1.3854155957942862,1.4963548802277342
1996-10-31,1.5655078011080017,1.422101818844456,1.5550611721922618
1996-11-29,1.6839182154388583,1.4982583861655188,1.6560264171433177
1996-12-31,1.6507769429994155,1.4718759701400173,1.6090359185982368
1997-01-31,1.753652675496348,1.527236586412749,1.6630197106567024
1997-02-28,1.767496800103497,1.5350653429005956,1.6678040598090997
1997-03-31,1.6943807697937976,1.4889407891762978,1.5988005879019385
1997-04-30,1.795290946539603,1.5517180407678492,1.679312063741936
1997-05-30,1.9045911611372086,1.6135391353306032,1.7484674769066109
1997-06-30,1.9893621150941752,1.6630764159600817,1.8065576385779036
1997-07-31,2.1478267481948663,1.7614779377035858,1.9427931622541295
1997-08-29,2.0273546045958026,1.6951701668112509,1.8562579494016456
1997-09-30,2.1381794657082533,1.760717875181246,1.9306948491295859
1997-10-31,2.066543869443463,1.7370315221277353,1.928815709889902
1997-11-28,2.1615745473520493,1.7870969418519345,1.9740211955366262
1997-12-31,2.1984544323266997,1.8132318823033018,2.0099747402449624
1998-01-30,2.222862450524005,1.8378382349754137,2.055715982811646
1998-02-27,2.3827370208103233,1.914311186437898,2.1166537563056402
1998-03-31,2.5042992828691797,1.973968590845939,2.167968644530788
1998-04-30,2.529537006559019,1.9897959867479946,2.1848890189010763
1998-05-29,2.4854333205684385,1.9767364125111602,2.1843312324263544
1998-06-30,2.586653136536692,2.032554109208934,2.2490315565178816
1998-07-31,2.5593854375519,2.0215185772978264,2.234617910724891
1998-08-31,2.188952093813696,1.8716571421446222,2.1676253212120202
1998-09-30,2.3292997937435103,1.9708957826704638,2.339531986316907
1998-10-30,2.519467654514036,2.0613297364512624,2.3876870452636143
1998-11-30,2.6724399137720094,2.1335326299661084,2.4289185501017796
1998-12-31,2.827591954150909,2.211103907041329,2.493044543427348
1999-01-29,2.946451178228139,2.272656444589485,2.552047379062283
1999-02-26,2.8543907882483253,2.202213987731739,2.3979627353138246
1999-03-31,2.968364458431048,2.2600986632328737,2.44684399619469
1999-04-30,3.0827064139303615,2.3148804611219167,2.4863654242327895
1999-05-28,3.0090587704512104,2.2690602383261433,2.406681865995221
1999-06-30,3.1762387297134453,2.3422819830204977,2.44197026789751
1999-07-30,3.07681688752264,2.294074825852868,2.389363017051619
1999-08-31,3.0615403396626792,2.2866370044870896,2.374613893544859
1999-09-30,2.977664270406504,2.2589744528890385,2.376431041049835
1999-10-29,3.1660455523660613,2.345842798788141,2.431401132598369
1999-11-30,3.2300949876809013,2.3736005522477837,2.438149856135186
1999-12-31,3.423553258971807,2.449959124802121,2.452423871441394
2000-01-31,3.2512732165794938,2.3714951120582555,2.3728742612671807
2000-02-29,3.1892924994456346,2.3538172423290047,2.380130435335338
2000-03-31,3.500565912018552,2.5107555103732118,2.5342447777144734
2000-04-28,3.3953569461854474,2.4629275723201074,2.4834758306609825
2000-05-31,3.3261472623175217,2.4343839475500837,2.4570840987697014
2000-06-30,3.4088099955430486,2.4921917934381845,2.5527762822035287
2000-07-31,3.357988445048192,2.476101035013495,2.5492529466820084
2000-08-31,3.565846611444633,2.5840378975089924,2.6664831569674177
2000-09-29,3.377233479900456,2.5112317279127714,2.630631242464779
2000-10-31,3.362713253948906,2.5137988946467438,2.6489964860095876
2000-11-30,3.0978124930918014,2.4165020155198063,2.6405272008108995
2000-12-29,3.113689175852972,2.4470848553877222,2.738768823956111
2001-01-31,3.2240699371385273,2.512150951566001,2.8235869986593207
2001-02-28,2.9294638660675134,2.3870055787249433,2.762241635671944
2001-03-30,2.7431111920069315,2.300705487014349,2.701515784150325
2001-04-30,2.9562678658830666,2.397210711942499,2.720723368037084
2001-05-31,2.975482210292282,2.408730042845691,2.7271775804471288
2001-06-29,2.9026501425472313,2.377161855134203,2.709202928291774
2001-07-31,2.8736279225904977,2.3879696913356008,2.8077543854401354
2001-08-31,2.6933370668307943,2.3086485535294226,2.777972918683707
2001-09-28,2.4752501707915555,2.218662130654489,2.7839467639257336
2001-10-31,2.5221596013949568,2.2635893621813614,2.911856157523475
2001-11-30,2.715198689852334,2.346407944412669,2.8824477296255084
2001-12-31,2.738961904879833,2.3478643517157054,2.83010199078498
2002-01-31,2.698610657317122,2.3313500941445797,2.8264654805455636
2002-02-28,2.646360937690272,2.3162460191960785,2.855760937155424
2002-03-28,2.745388665973802,2.3468834693555483,2.7701366225399204
2002-04-30,2.578617102310163,2.285652595414849,2.8130664721805103
2002-05-31,2.5591639194035545,2.284736171959658,2.8486320133542717
2002-06-28,2.3764468473812133,2.202496440765984,2.8312210860471057
2002-07-31,2.1930042958263964,2.1238353648765917,2.8571571982314565
2002-08-30,2.207314246663193,2.152690622052697,2.9983779019164194
2002-09-30,1.9669831605945043,2.038003800645187,2.99718756160822
2002-10-31,2.1397407280487175,2.1396440052135555,3.084268883310389
2002-11-29,2.2714650212132494,2.2059609509617,3.0847393437498902
2002-12-31,2.131783091191562,2.1488255594689134,3.14679362301307
2003-01-31,2.0758274246000763,2.110820274245509,3.06719367638673
2003-02-28,2.044303325803286,2.1065932745560825,3.1445458304776217
2003-03-31,2.063822447582584,2.117156987879563,3.1418828776750374
2003-04-30,2.2341579009620913,2.2239653389210825,3.311267466560367
2003-05-30,2.3517586649414173,2.318556879848197,3.607743900239736
2003-06-30,2.3813972766182037,2.3320516061837506,3.5931479576417757
2003-07-31,2.4229298023725376,2.3202314272430478,3.3299444661864133
2003-08-29,2.469754910223996,2.34883641587075,3.370675016552523
2003-09-30,2.4432319862482497,2.362661374879419,3.5355359765068446
2003-10-31,2.5810623101835963,2.429765926136531,3.5606459137735027
2003-11-28,2.603371831354191,2.441586964983978,3.5680002928747174
2003-12-31,2.7392852180620535,2.52721760442238,3.7317641884087083
2004-01-30,2.7891781547553425,2.563093913084226,3.819875611669402
2004-02-27,2.8275977276005904,2.596832858746747,3.93010455052075
2004-03-31,2.784792460057033,2.5843038317148532,3.9622496906157307
2004-04-30,2.7408820326979306,2.526255466307643,3.6722229379113545
2004-05-28,2.778097689351486,2.5416771380971244,3.6673842451501764
2004-06-30,2.831651297009268,2.5765787510529257,3.7368698343765976
2004-07-30,2.737897766943611,2.534724898118245,3.708246361162802
2004-08-31,2.748375362654303,2.561569134289944,3.8365537881866416
2004-09-30,2.777720288061713,2.57995729656421,3.8661352708409225
2004-10-29,2.819795062287545,2.6127786029259497,3.952053972396523
2004-11-30,2.933881770537736,2.6606799057590362,3.948573246328329
2004-12-31,3.033451291494105,2.725210732114078,4.08865644477044
2005-01-31,2.9590020501064016,2.69115999297105,4.049055512717966
2005-02-28,3.0209532922603026,2.7143300148265976,4.024983096853863
2005-03-31,2.967792279180932,2.6801399312619347,3.9305140176096582
2005-04-29,2.911048384774896,2.668148510036682,3.9841211967849213
2005-05-31,3.0032564535202733,2.7315812759713642,4.1286773787535775
2005-06-30,3.0069873174782753,2.739655451600263,4.154206210435098
2005-07-29,3.1184392056128263,2.785147754416866,4.144680318714129
2005-08-31,3.0899599937920224,2.788200070031712,4.2094629883554004
2005-09-30,3.1145032322582082,2.7887356827291594,4.134910064701169
2005-10-31,3.062229811101083,2.7518667220968105,4.014075320393583
2005-11-30,3.177508888643602,2.8192394896440187,4.141384898266033
2005-12-30,3.1782305698539175,2.831109477963038,4.185782047174918
2006-01-31,3.2623047595939356,2.8721877881821167,4.232928972634856
2006-02-28,3.270601510653497,2.8775475244015025,4.225872682744164
2006-03-31,3.311149055505414,2.8875614258493094,4.183673237193905
2006-04-28,3.3553022716169547,2.9063367978693897,4.185399624593466
2006-05-31,3.258111411929786,2.856012875262826,4.04215279964007
2006-06-30,3.262264649311931,2.859418445761357,4.024944951922626
2006-07-31,3.2820645430652635,2.885278857301596,4.107822955171734
2006-08-31,3.359584348086752,2.94487521500617,4.2947799040687205
2006-09-29,3.445668609913607,3.0012107231557583,4.4431041959602915
2006-10-31,3.5576859922512725,3.0666386407004826,4.592545571348658
2006-11-30,3.624616075091919,3.1149820540776547,4.733246110421849
2006-12-29,3.6754075428752726,3.1289319722298785,4.6748658359666875
2007-01-31,3.730289651691581,3.1538270478320083,4.682907638379165
2007-02-28,3.6568310127230896,3.139997910533334,4.709279461375442
2007-03-30,3.6974973690921575,3.161295416009664,4.725288438866827
2007-04-30,3.860849835080652,3.2522070230796594,4.95427998236231
2007-05-31,3.9950946948302652,3.304624142997507,4.956649123679414
2007-06-29,3.9282001642850317,3.2690822822873273,4.817408424715256
2007-07-31,3.8067459265083943,3.2320757570734036,4.80868808757014
2007-08-31,3.8637836591166934,3.286632078681042,5.026658688063182
2007-09-28,4.007750096534361,3.3660930520949135,5.2208277184627665
2007-10-31,4.071026193457515,3.4091742233593534,5.348451781594682
2007-11-30,3.9005790694065148,3.370615660843368,5.4719575789702946
2007-12-31,3.8736349874697176,3.3603567073777016,5.431743706612945
2008-01-31,3.6406155196252876,3.280546035100826,5.412480403465463
2008-02-29,3.5222430885160265,3.2342592480811323,5.36765436861055
2008-03-31,3.5065329241983307,3.237623704844089,5.4261642505232395
2008-04-30,3.6770347440884277,3.3043657967327924,5.421471970237586
2008-05-30,3.724267639806936,3.312373867582473,5.326117886970443
2008-06-30,3.4095280303640947,3.154461147271148,4.939869430193775
2008-07-31,3.38117188418126,3.1484929500676007,4.9638703272186415
2008-08-29,3.4300736107237912,3.18815718675279,5.112733877235555
2008-09-30,3.124939198358034,3.0243577960244643,4.748387955113684
2008-10-31,2.6001876219213957,2.7030394190743756,3.9625349073015474
2008-11-28,2.4136277114037887,2.646935672790055,4.22305083840969
2008-12-31,2.439497172035205,2.7026576035197913,4.4970419012591245
2009-01-30,2.234272914157086,2.5403489798433383,4.131660049392183
2009-02-27,1.9961661255450327,2.371929819846976,3.88827154761746
2009-03-31,2.1713807516378196,2.5272669551960236,4.195720081892713
2009-04-30,2.3789377870534514,2.654339456986368,4.262574347460777
2009-05-29,2.5125788655125816,2.7320155138310653,4.296116700332956
2009-06-30,2.5181353550333525,2.7315532741462905,4.2786790913548565
2009-07-31,2.708958198477073,2.86217672143164,4.433565544404111
2009-08-31,2.806449277547733,2.934129643536759,4.540284468712139
2009-09-30,2.9110158711372143,3.010463139746827,4.653724852983879
2009-10-30,2.8566475993426503,2.979723257646152,4.6340367033244165
2009-11-30,3.027515273623155,3.1099796727878575,4.848735068445318
2009-12-31,3.0864400126803213,3.107310227412648,4.698359344254515
2010-01-29,2.9752120736202983,3.064488225888133,4.741612927856965
2010-02-26,3.0672007512777393,3.1263092863539157,4.816603677024848
2010-03-31,3.2517256727151436,3.227691158167168,4.8702489687082995
2010-04-30,3.3030382702987877,3.2741743064614144,4.966691353900552
2010-05-28,3.0389281681824154,3.1412144700389315,4.926319894623902
2010-06-30,2.8793916485682973,3.0681557335453293,4.950729638905223
2010-07-30,3.080835512367454,3.2100774524080617,5.137032754836365
2010-08-31,2.941281205970327,3.148380438704983,5.174004320175266
2010-09-30,3.2034742189263286,3.321291204696371,5.357894018110178
2010-10-29,3.3248315235214547,3.402748571095566,5.455025715282785
2010-11-30,3.3248315235214547,3.389333615565267,5.389612623199307
2010-12-31,3.5466188969414194,3.4938175536233342,5.362478183943949
2011-01-31,3.6302169290155146,3.5472659951022067,5.4228512246070695
2011-02-28,3.7542345784511957,3.6137870594318158,5.4562992500821474
2011-03-31,3.755343384656013,3.6127534014424127,5.447657525408527
2011-04-29,3.866046851392245,3.6997992649696623,5.605569868226432
2011-05-31,3.821765707790371,3.7004443442669435,5.701607842153424
2011-06-30,3.7578071283415873,3.660828577326232,5.656542087820144
2011-07-29,3.680891104610582,3.6476996839565894,5.763876518565004
2011-08-31,3.4804117107741797,3.5678073198848606,5.840347473314511
2011-09-30,3.2347523383800656,3.4269994326591444,5.746695905674339
2011-10-31,3.5877878472986406,3.645481631387269,5.935948070594028
2011-11-30,3.579404190628069,3.6447098149271815,5.951097070032333
2011-12-30,3.616002392031368,3.6818084948575978,6.057928832601111
2012-01-31,3.777440807517219,3.7923333140690967,6.237633850231414
2012-02-29,3.940129934523767,3.8803238835527236,6.2854812441541315
2012-03-30,4.069475566419099,3.944315999437623,6.29644284370521
2012-04-30,4.0434500707133685,3.9528576639817894,6.470692497145554
2012-05-31,3.8001216526621304,3.8296444382892947,6.39853035537919
2012-06-29,3.9564055930445785,3.9206874297011707,6.518016366934898
2012-07-31,4.010607954127212,3.966377672535966,6.688398078870686
2012-08-31,4.100419433522796,4.021242413313511,6.790076047786637
2012-09-28,4.206065358337136,4.082408587453263,6.884561701433926
2012-10-31,4.127851523890653,4.031727913220361,6.747127478061729
2012-11-30,4.150967200956392,4.055270784271093,6.856537445158921
2012-12-31,4.188152471032669,4.070475956778704,6.824605566198654
2013-01-31,4.40494246795375,4.1848142129443735,6.908285587936106
2013-02-28,4.46392038352115,4.230398974042462,7.075396110113431
2013-03-28,4.6306393784061015,4.329769895813737,7.272165796843045
2013-04-30,4.7190196500119646,4.39163815719184,7.471420392275839
2013-05-31,4.828852237443454,4.420586198253489,7.235045463325742
2013-06-28,4.763694603655343,4.3560879726867405,6.888245122099486
2013-07-31,5.0053265390972355,4.490718587482564,7.13314699134808
2013-08-30,4.859572763204169,4.393968486641168,6.818333239208905
2013-09-30,5.011103027437489,4.5019035543282495,7.1864767299136885
2013-10-31,5.240935854922938,4.634435273024908,7.492313415957601
2013-11-29,5.399653456279456,4.7161366754224945,7.622100467577349
2013-12-31,5.535544660785908,4.759112972009063,7.485761465507296
2014-01-31,5.3435100006404035,4.691616800486778,7.587622857171117
2014-02-28,5.5872073117397765,4.823889833703639,7.855961821454585
2014-03-31,5.633165186675765,4.836065935268588,7.783140730448875
2014-04-30,5.6739536970854845,4.866590121124295,7.903004155055013
2014-05-30,5.8064367430846096,4.95484767348616,8.209958153619764
2014-06-30,5.925622622867561,5.013197553700884,8.289492932083856
2014-07-31,5.843374666421857,4.963619199272965,8.129263817121792
2014-08-29,6.076363747689011,5.102791430158333,8.528492975512034
2014-09-30,5.9901886299961,5.046032937938077,8.311982651736717
2014-10-31,6.135344094182594,5.141975753417362,8.656116629123355
2014-11-28,6.299917796711828,5.242079012794173,8.989344685992682
2014-12-31,6.283942357574509,5.226764476136826,8.893655716793969
2015-01-30,6.094650997625522,5.188629226330525,9.217543430629917
2015-02-27,6.444111221861751,5.334033016191794,9.314780989074091
2015-03-31,6.341685362641395,5.299504513892568,9.342426732222066
2015-04-30,6.401874487179035,5.325242210603307,9.36256808101612
2015-05-29,6.483343939514917,5.363276314106898,9.423331245779034
2015-06-30,6.357877154208923,5.285231752956675,9.110518537561562
2015-07-31,6.490136554999294,5.369065617843759,9.429471284428121
2015-08-31,6.09803059275021,5.173533124523371,8.925703748096963
2015-09-30,5.945703288594929,5.120388915898885,8.973682264026149
2015-10-30,6.446493529520224,5.369350398906331,9.453555378469682
2015-11-30,6.464952767484121,5.370130299715915,9.382189228692594
2015-12-31,6.361355809575532,5.310384853996616,9.183637745031012
2016-01-29,6.044772038757782,5.201823385369046,9.3217921508439
2016-02-29,6.035995787508799,5.214268717339869,9.463885557834208
2016-03-31,6.445108509327964,5.430874848798659,9.962484571296816
2016-04-29,6.469191087282639,5.440228935577533,9.949758674180725
2016-05-31,6.584533672771666,5.493866595636058,10.01652321794445
2016-06-30,6.601175185682884,5.547177558879005,10.484350474024184
2016-07-29,6.843856369638134,5.670397360064582,10.753503193506333
2016-08-31,6.852717095571944,5.658345348836987,10.57069168167824
2016-09-30,6.853709521185793,5.665245970272707,10.625297388010626
2016-10-31,6.72807560970478,5.586186720096781,10.292562904147266
2016-11-30,6.976947147182787,5.650789774176649,9.932725015245069
2016-12-30,7.113774258269353,5.716007375533756,10.056080691071891
2017-01-31,7.247735307387204,5.787565987708334,10.25194797061069
2017-02-28,7.534945589414904,5.9342464233696886,10.634783230175765
2017-03-31,7.542068810860048,5.939111202113618,10.638817366895395
2017-04-28,7.618856299369175,5.9937470084237425,10.883611111075219
2017-05-31,7.725042193661719,6.0579803797424585,11.11758726944085
2017-06-30,7.772273266185589,6.068754322971878,11.024656012755548
2017-07-31,7.9310212541193845,6.1532859635700285,11.271509123788451
2017-08-31,7.954294333655414,6.185410484317596,11.484713441576012
2017-09-29,8.118122957309831,6.241161296935228,11.426264016296528
2017-10-31,8.306266312369317,6.322740006511254,11.548969604714276
2017-11-30,8.560382573085239,6.428925623726226,11.690462843862884
2017-12-29,8.654690962051966,6.473263208248544,11.774999780442103
2018-01-31,9.149106099064662,6.654686666520616,11.842288273328
2018-02-28,8.810731505950425,6.4939554921942015,11.355600457780948
2018-03-29,8.585159788196455,6.413575527193783,11.30652662223799
2018-04-30,8.617204257129103,6.404307511362799,11.052688023533682
2018-05-31,8.823548564245634,6.515578185876487,11.385959502655183
2018-06-29,8.876587119418579,6.541718899133097,11.416927161628623
2018-07-31,9.2058499934707,6.677992166440086,11.577612869086629
2018-08-31,9.50469408047446,6.8286442760511035,11.996919850252198
2018-09-28,9.557324847780354,6.829043162008828,11.778189665222055
2018-10-31,8.902745100601233,6.546401632245444,11.08884118242182
2018-11-30,9.083170872764047,6.6512894042103365,11.446057069376552
2018-12-31,8.261244951744988,6.340379491499847,11.098487944170587
2019-01-31,8.922316487293447,6.65946156110667,11.809719571831923
2019-02-28,9.207878601369673,6.780185879043392,11.925365191072396
2019-03-29,9.386047866303935,6.907124741228272,12.51628123766112
2019-04-30,9.765351963546452,7.073244805647375,12.787176924969131
2019-05-31,9.14382551966556,6.861023620808505,12.779168405569287
2019-06-28,9.786848036043356,7.178392688078576,13.628484251513619
2019-07-31,9.926399607648529,7.2352112203769865,13.63598869698739
2019-08-30,9.768458079475652,7.237717984558103,14.24008739764087
2019-09-30,9.95032478313291,7.298455833288281,14.126342884729606
2019-10-31,10.164752527536521,7.397624283915586,14.328288849169486
2019-11-29,10.532760718542292,7.54734095336595,14.503681158950007
2019-12-31,10.849563880447977,7.672301495777886,14.586962417839567
2020-01-31,10.844107666632217,7.737042221629046,15.294649286777727
2020-02-28,9.95041047328083,7.419921466055076,15.211103701521063
2020-03-31,8.71643284068843,6.934707864960478,14.815288653968146
2020-04-30,9.833343145665593,7.480350364418724,16.052186030437152
2020-05-29,10.301007155507198,7.706278653305169,16.60614594604625
2020-06-30,10.503502091014347,7.806260946077486,16.880744689450047
2020-07-31,11.094535604598326,8.084775621417249,17.557385957689018
2020-08-31,11.915736501883565,8.439039395730513,18.146436581267405
2020-09-30,11.438411991394233,8.23853689948807,17.79271232296628
2020-10-30,11.132854294007016,8.08692551825561,17.276141833669104
2020-11-30,12.350301020829484,8.624340725199646,18.283629078395606
2020-12-31,12.824233173831677,8.827482411333195,18.65819443133894
2021-01-29,12.693257302065463,8.75706873632978,18.331962196530085
2021-02-26,13.043271777471215,8.855450034033751,17.926171316101875
2021-03-31,13.6131270621566,9.056194312662003,17.879577980422294
2021-04-30,14.337715660186017,9.371392664345363,18.64475809224329
2021-05-28,14.436456235314287,9.429477786461526,18.93242631944761
2021-06-30,14.771577641465303,9.5574185761994,19.079831689015144
2021-07-30,15.120479968142737,9.736220989920227,19.82065508314388
2021-08-31,15.578484692799707,9.902242780318915,19.944399532690852
2021-09-30,14.851132131701226,9.586197326845186,18.99552601310351
2021-10-29,15.889707663654347,9.960518329230641,19.25200470034545
2021-11-30,15.77804428494195,9.935369555968682,19.374702583881547
2021-12-31,16.482439179176534,10.1876325481299,19.602100101075433
2022-01-31,15.627349955449507,9.805491667236307,18.295549098563367
2022-02-28,15.158210373415358,9.61783508630274,17.892219902072345
2022-03-31,15.717860629988222,9.710797247651092,16.88698182900675
2022-04-29,14.34564655685517,9.109061681159867,15.32035514269412
2022-05-31,14.370079795911616,9.145168613037944,15.512554416977506
2022-06-30,13.181320428964295,8.66067048507148,14.732543618209482
2022-07-29,14.39526054476906,9.205501349409225,15.743698604651799
2022-08-31,13.80639663280262,8.872408373315006,14.69504550761561
2022-09-30,12.53331572937625,8.265750177079655,13.42680724368164
2022-10-31,13.54616355408095,8.638815333729905,13.586467340242384
2022-11-30,14.301443810622668,9.015816300081612,14.271638599148186
2022-12-30,13.475308133187731,8.675091781556066,13.837019153196788
2023-01-31,14.319965037204206,9.086076951016706,14.502516826478562
2023-02-28,13.969165372641632,8.86060857374024,13.902888609948326
2023-03-31,14.48023113853873,9.16027145654973,14.517496165951489
2023-04-28,14.704806176558037,9.271220755052806,14.673363436543841
2023-05-31,14.766680540671427,9.253806811302995,14.483144592478544
2023-06-30,15.740550894972086,9.574326859695732,14.559752168760498
2023-07-31,16.24462288624324,9.753924053558743,14.65832574000378
2023-08-31,15.984346050850286,9.65222906589225,14.517890523652902
2023-09-29,15.220566060912804,9.304091880837609,13.961194449297334
2023-10-31,14.898589888091575,9.151045618412727,13.693200457294495
2023-11-30,16.257273426094965,9.767450668299414,14.538371959245863
2023-12-29,16.994562397962845,10.145896865928288,15.147189504074351
2024-01-31,17.277638890017858,10.255871770855185,15.23718245232907
2024-02-29,18.19831085574909,10.521415511418219,15.2587562047187
2024-03-28,18.78155446638248,10.748112138034985,15.480594200124319
2024-04-30,18.012337710038693,10.395024107924266,14.953600637110082
2024-05-31,18.90317491873682,10.766371380881735,15.38107827711135
2024-06-28,19.57883140364643,11.04248388168255,15.685889368716365
2024-07-31,19.81470295563403,11.227812863332208,16.068038621656047
2024-08-30,20.293052101509122,11.445861296670234,16.351646048434844
2024-09-30,20.72374293958384,11.6421285850739,16.605295218237142
2024-10-31,20.53396539439843,11.464115274614837,16.181559224935366
2024-11-29,21.73654700761726,11.900287781792386,16.577422230824038
2024-12-31,21.21627775519467,11.668234474015499,16.255868642094647
2025-01-31,21.804488963481216,11.8876667987743,16.46301914478341
2025-02-28,21.51761536472974,11.891769940638058,16.67273353092649
2025-03-31,20.302220339604975,11.514383865261369,16.427792054771214
2025-04-30,20.16264628193262,11.523856101327741,16.556627491921684
2025-05-30,21.42903241465344,11.918316654999638,16.766502148934837
2025-06-30,22.516774644102945,12.340353945988648,17.227715679854988
2025-07-31,23.01846918956799,12.482021702854087,17.27187290570762
2025-08-29,23.48280769239246,12.7101297012262,17.627920390578605
2025-09-30,24.33713238983521,13.003627311304191,17.902454359370005
2025-10-31,24.90398061883332,13.212753623604911,18.152894098362882
2025-11-28,24.96232527813028,13.279634735646695,18.315911039391192
2025-12-31,24.974662228504517,13.269403529445135,18.22743029972363
2026-01-30,25.333904499697578,13.380194552550064,18.304139902491986
2026-02-27,25.138674387085686,13.41440308650375,18.56907757807101
2026-03-31,23.88264886175304,12.913471023083968,17.61351214570046
2026-04-30,26.385848910189242,13.726043978186953,18.48398623249265
2026-05-29,27.77140633713593,14.154363709925466,18.870953691597087
2026-06-30,27.503678712994795,14.079871991977448,18.769275512871907
2026-07-31,27.482614737626758,14.024253856415953,18.506392453203468
2026-08-31,28.227686319666685,14.254550659271006,18.697295859630554
2026-09-30,28.12634343806046,14.059425729951192,17.944596617641995
