date,VFINX|VUSTX,VFINX|VFITX
1989-05-31,0.15981858331902998,
1989-06-30,0.13474188223346353,
1989-07-31,0.13542005745635885,
1989-08-31,0.09064286399284903,
1989-09-29,0.023570415739479798,
1989-10-31,-0.005840858925313238,
1989-11-30,-0.008790134610402107,
1989-12-29,-0.016741917261575083,
1990-01-31,0.03956987295158044,
1990-02-28,0.03560148679915987,
1990-03-30,0.04107095203073448,
1990-04-30,0.04483236603436437,
1990-05-31,0.10747620852663939,
1990-06-29,0.09751385976884899,
1990-07-31,0.11439177743359857,
1990-08-31,0.20714385692582135,
1990-09-28,0.18807200029932414,
1990-10-31,0.5474301489915492,
1990-11-30,0.5993713436009768,
1990-12-31,0.609901714136937,
1991-01-31,0.5990678707857925,
1991-02-28,0.5793349785585039,
1991-03-28,0.561121437351328,
1991-04-30,0.5623082735502856,
1991-05-31,0.5524787732595521,
1991-06-28,0.5504210446460837,
1991-07-31,0.5502501744021876,
1991-08-30,0.5504098761689219,
1991-09-30,0.5143295408099785,
1991-10-31,0.5105805256026305,
1991-11-29,0.5032719908899848,
1991-12-31,0.5699818609534143,
1992-01-31,0.5773612390561798,
1992-02-28,0.5665445043454811,
1992-03-31,0.5745623889846869,
1992-04-30,0.5608515240769211,
1992-05-29,0.5464371106970641,
1992-06-30,0.6050040761533578,
1992-07-31,0.6155393860622268,
1992-08-31,0.6457375293429769,
1992-09-30,0.6448257852488333,
1992-10-30,0.6865655445452716,
1992-11-30,0.6816469090903212,
1992-12-31,0.6846191866068249,
1993-01-29,0.6348338976249803,
1993-02-26,0.6321251493121574,
1993-03-31,0.639451026221085,
1993-04-30,0.6273206458292065,
1993-05-28,0.583242084048739,
1993-06-30,0.5685851438281609,
1993-07-30,0.5654306269303223,
1993-08-31,0.46767612042533047,
1993-09-30,0.4912123698775969,
1993-10-29,0.4980772541791897,
1993-11-30,0.469501919518848,
1993-12-31,0.46541910425215366,
1994-01-31,0.47879389873327094,
1994-02-28,0.5573354589719365,
1994-03-31,0.6080735790330237,
1994-04-29,0.5972555328661355,
1994-05-31,0.6163034209471935,
1994-06-30,0.6203662168758655,
1994-07-29,0.6339545552564674,
1994-08-31,0.5949927561228102,
1994-09-30,0.6491883254110045,
1994-10-31,0.6424357895507312,0.4992864987203931
1994-11-30,0.6346305107461734,0.5374150841694785
1994-12-30,0.5332975085152168,0.44647753342009755
1995-01-31,0.5236367896280916,0.43569854294660604
1995-02-28,0.5411852299203416,0.464416789898413
1995-03-31,0.5226326953873147,0.44584871843691987
1995-04-28,0.542751189622365,0.458459023208778
1995-05-31,0.577080798227614,0.5066838630480016
1995-06-30,0.5875592587364733,0.5395039139239085
1995-07-31,0.5268545941059567,0.4861803265781447
1995-08-31,0.5322580431408924,0.5094134218078682
1995-09-29,0.534171091817163,0.510294879884995
1995-10-31,0.50797777739925,0.4887997372226336
1995-11-30,0.5262775366376993,0.5297534888915408
1995-12-29,0.5267192987557885,0.5299588095183648
1996-01-31,0.5261437388480623,0.5589104310974672
1996-02-29,0.5007613765477206,0.5518933696721059
1996-03-29,0.4991736692530561,0.5492823444649861
1996-04-30,0.5115147546696207,0.5784718510935768
1996-05-31,0.5061015037601823,0.5756388382143487
1996-06-28,0.5303845897684019,0.588910978396499
1996-07-31,0.5147361454086254,0.5505548316859102
1996-08-30,0.4836048976579004,0.529266283856313
1996-09-30,0.5095940331020913,0.5593125557116041
1996-10-31,0.5145764352374558,0.5648408499312749
1996-11-29,0.5225176460358522,0.5689291123120928
1996-12-31,0.5421846860224213,0.6157748448083824
1997-01-31,0.49451308127263943,0.5770450771131345
1997-02-28,0.4548306371383929,0.5429649758821669
1997-03-31,0.426678435601493,0.5045554393587518
1997-04-30,0.4402782110144594,0.5179608605024616
1997-05-30,0.4321173889427722,0.5088849674070094
1997-06-30,0.42456683923469263,0.5003492409316335
1997-07-31,0.4777680729372559,0.5361722811907992
1997-08-29,0.5329521659756965,0.5649578474867976
1997-09-30,0.512051262874003,0.540355656063251
1997-10-31,0.4529887065039215,0.49181287432107645
1997-11-28,0.46230136067672983,0.4648189790150016
1997-12-31,0.4628705827087329,0.46361721640389014
1998-01-30,0.45877669194883547,0.4556630105030026
1998-02-27,0.406829859712683,0.39861460003644966
1998-03-31,0.3954984684285662,0.3853216520818373
1998-04-30,0.39615393460511295,0.3855081638367805
1998-05-29,0.38063609376796276,0.38045364725341774
1998-06-30,0.3871405362001013,0.3830103478492916
1998-07-31,0.4116655670935916,0.4008650977538622
1998-08-31,0.1316484940145043,0.09318992897220348
1998-09-30,0.15276490491364308,0.1465769535307339
1998-10-30,0.11809940277481758,0.11180721038154616
1998-11-30,0.10959130087138522,0.08151970809605014
1998-12-31,0.10192767002916778,0.07856322124553271
1999-01-29,0.10577363337773356,0.07852318342373493
1999-02-26,0.1626237061189393,0.14040458586057813
1999-03-31,0.15130776429117124,0.13464856729891198
1999-04-30,0.14573856599879756,0.12913706730037405
1999-05-28,0.17353609427374966,0.16515024094229694
1999-06-30,0.16271942530497022,0.15929884657734575
1999-07-30,0.1688720098837294,0.17126808222533743
1999-08-31,0.17722107749974883,0.17765839465666589
1999-09-30,0.15570816663857429,0.14734738401683248
1999-10-29,0.14709989154068598,0.13707309957225497
1999-11-30,0.1096499090114684,0.10237064970905001
1999-12-31,0.0545192666451298,0.045248658802466535
2000-01-31,0.05247142020968017,0.07837369257022649
2000-02-29,0.02462379702490609,0.06683046802363389
2000-03-31,0.027051949678212003,0.07134266627068395
2000-04-28,0.02861676635119201,0.06918011784535107
2000-05-31,0.036409891157037834,0.06779983544803798
2000-06-30,0.03143838881264827,0.06640562053676081
2000-07-31,-0.06583414061687996,-0.001992793337943179
2000-08-31,-0.11975894978275894,-0.026208072019982587
2000-09-29,-0.11139813745457897,-0.056323605098352984
2000-10-31,-0.08337011110008685,-0.034266801752555955
2000-11-30,-0.1530871450286284,-0.09717637525412555
2000-12-29,-0.1568623269588148,-0.1008149870838517
2001-01-31,-0.15955710994800065,-0.09286315776720987
2001-02-28,-0.16537775678220587,-0.09474413712416839
2001-03-30,-0.13147084161670236,-0.08248410289522769
2001-04-30,-0.1845635789357784,-0.12845615180491815
2001-05-31,-0.17775675208883046,-0.12487697943524691
2001-06-29,-0.20123778033090203,-0.1296467505018096
2001-07-31,-0.21093980358945877,-0.1390471756927055
2001-08-31,-0.07604996665339953,-0.00042066970741084803
2001-09-28,-0.14246277768255103,-0.16211120689690595
2001-10-31,-0.059873771861221156,-0.10323717699944897
2001-11-30,-0.17244855376229434,-0.16682540868799736
2001-12-31,-0.16901268677105744,-0.16896802004983058
2002-01-31,-0.1805554962269279,-0.17387378540262718
2002-02-28,-0.25002491868129595,-0.2553741416657408
2002-03-28,-0.2724222019877951,-0.28803172603999816
2002-04-30,-0.3079034092731882,-0.32323347664748314
2002-05-31,-0.32608478546508035,-0.35321937419104477
2002-06-28,-0.31788728104270864,-0.3567713188084837
2002-07-31,-0.35624257983458013,-0.41145781111208884
2002-08-30,-0.33140877717264416,-0.394183498131161
2002-09-30,-0.379501880629351,-0.4434491537881506
2002-10-31,-0.4280656250192399,-0.4655329450159147
2002-11-29,-0.4424892389374712,-0.4911533019221354
2002-12-31,-0.4408949456553501,-0.48442319126898903
2003-01-31,-0.4347714737382823,-0.49933769188028004
2003-02-28,-0.4329861691648151,-0.4983713592060868
2003-03-31,-0.5257640522932898,-0.5843130484710812
2003-04-30,-0.5130667199249066,-0.5935177491216467
2003-05-30,-0.42489449394023243,-0.5370737792904134
2003-06-30,-0.44099399017573626,-0.5626239774255541
2003-07-31,-0.4137400198430138,-0.5318323007332658
2003-08-29,-0.4367687761968633,-0.567900592844806
2003-09-30,-0.44583632225995945,-0.5593163744313302
2003-10-31,-0.4668707802287714,-0.5774434930512841
2003-11-28,-0.45461711175128305,-0.5674393835098509
2003-12-31,-0.44676497758952594,-0.5662259091429386
2004-01-30,-0.44193913911536964,-0.5773893509943244
2004-02-27,-0.43932312207877894,-0.5811131226428344
2004-03-31,-0.46856551023981735,-0.5989509256223033
2004-04-30,-0.39946353621347513,-0.5216877600339827
2004-05-28,-0.40104718736044886,-0.5230994470558462
2004-06-30,-0.40041891780226485,-0.525515000174151
2004-07-30,-0.40230455329134895,-0.5288650133351096
2004-08-31,-0.39091411399964143,-0.5239208877075896
2004-09-30,-0.40556973829120985,-0.5020754946666736
2004-10-29,-0.42937061327129533,-0.5166416589480147
2004-11-30,-0.39101423663903,-0.49174994124729815
2004-12-31,-0.3774766746873808,-0.4857368107951215
2005-01-31,-0.38379907106944733,-0.48492139242970156
2005-02-28,-0.3870430791983828,-0.4847105139786722
2005-03-31,-0.3591986197982629,-0.45827337006502783
2005-04-29,-0.3403646702355546,-0.4347052657895966
2005-05-31,-0.32773508148844854,-0.4221244367380218
2005-06-30,-0.3285232354072351,-0.4061036210297356
2005-07-29,-0.3220224297256419,-0.36988516529335047
2005-08-31,-0.3327679109828315,-0.3820715040941055
2005-09-30,-0.2632053289567022,-0.27311268824250734
2005-10-31,-0.1818676293287365,-0.23196683948879976
2005-11-30,-0.15451045999309684,-0.1817356524722464
2005-12-30,-0.06980965019081874,-0.0794256198116434
2006-01-31,-0.0931635704321266,-0.10896321403593053
2006-02-28,-0.06737949354151385,-0.07642639392116082
2006-03-31,-0.06666569682510638,-0.0759082304015529
2006-04-28,-0.09423148133348386,-0.09100366748547743
2006-05-31,-0.20580071466739816,-0.19583415646597638
2006-06-30,-0.20593170463907293,-0.19446471593474238
2006-07-31,-0.20604138770386704,-0.18820715448231842
2006-08-31,-0.18977235609870077,-0.16245919752853638
2006-09-29,-0.13546086837015928,-0.09926075382397813
2006-10-31,-0.049916676215753866,-0.006778049850033739
2006-11-30,-0.041001944004826214,0.002537468918482045
2006-12-29,-0.07342753835956027,-0.04192437593587721
2007-01-31,-0.0880161074438931,-0.053418519078463594
2007-02-28,-0.13615522455678625,-0.11301628414245872
2007-03-30,-0.12517132300072498,-0.09263879560192499
2007-04-30,-0.23249393684000977,-0.214458154551541
2007-05-31,-0.262835972140696,-0.25185985638657543
2007-06-29,-0.2351104040340692,-0.2331719659173924
2007-07-31,-0.25608687845485856,-0.2741936989657284
2007-08-31,-0.24463315082650072,-0.2502040829613842
2007-09-28,-0.24275820004538431,-0.23896258107220766
2007-10-31,-0.24260331412630284,-0.2392272341658569
2007-11-30,-0.30000786276223984,-0.3253587122807532
2007-12-31,-0.32643119647151564,-0.3447263957753443
2008-01-31,-0.343713138820714,-0.4612237610132703
2008-02-29,-0.3188764665301021,-0.4638102618773005
2008-03-31,-0.3432165711420815,-0.5006533126208342
2008-04-30,-0.3552199205683272,-0.5365983239645572
2008-05-30,-0.39822905094636973,-0.5572733951991111
2008-06-30,-0.4044585133523637,-0.5017106558086464
2008-07-31,-0.3732920607847846,-0.4786912649166703
2008-08-29,-0.3552828913550538,-0.467738674961708
2008-09-30,-0.3128270091129934,-0.4190727614930612
2008-10-31,0.0005920098858728703,-0.1521943712017618
2008-11-28,-0.18395998129523805,-0.26825770147315237
2008-12-31,-0.13704883962600942,-0.23284698073876314
2009-01-30,0.023562152025623367,-0.11068843461840731
2009-02-27,0.04979419982206469,-0.05862133789221329
2009-03-31,0.13707482462976936,0.04302766108232519
2009-04-30,0.04319673334628021,-0.03369142977961904
2009-05-29,0.007699755810255793,-0.07154818844654375
2009-06-30,0.007688719201116801,-0.0725763950511584
2009-07-31,0.006761027640081874,-0.07432880885213479
2009-08-31,0.004460758168177337,-0.07929612510505651
2009-09-30,0.008245878721595677,-0.07822828994464173
2009-10-30,0.01207367699810591,-0.07640714023424061
2009-11-30,0.01925330003917476,-0.05359607220140417
2009-12-31,0.005833021720974802,-0.06648362209023818
2010-01-29,0.00034704201786318786,-0.07332656170580103
2010-02-26,0.0016868677074144184,-0.07024662289956289
2010-03-31,-0.012210133507795708,-0.09139412840395571
2010-04-30,-0.008900683236151046,-0.08858230801990281
2010-05-28,-0.03064986916541838,-0.09324498909777164
2010-06-30,-0.05475962333354789,-0.11075466892345523
2010-07-30,-0.05862022131309547,-0.09543327753780467
2010-08-31,-0.08864539655840128,-0.1143631272900403
2010-09-30,-0.11225467104138305,-0.11688901739970002
2010-10-29,-0.13078486694451782,-0.11957581035797822
2010-11-30,-0.11645573108905263,-0.09654688387595656
2010-12-31,-0.1448944852972694,-0.138803906159552
2011-01-31,-0.1384164503896677,-0.10556303200601348
2011-02-28,-0.13570974297819488,-0.10403833154170504
2011-03-31,-0.1350332534140553,-0.10249186052367312
2011-04-29,-0.11978795888989083,-0.0678068484355306
2011-05-31,-0.12119896662179593,-0.06842134202414994
2011-06-30,-0.1055410740469193,-0.0608732992873701
2011-07-29,-0.11481444351214917,-0.0699832677069177
2011-08-31,-0.15826207407281256,-0.10018554835072235
2011-09-30,-0.22562178580881728,-0.10597129421104128
2011-10-31,-0.3877798566856265,-0.2455013087725108
2011-11-30,-0.32420948889099277,-0.1474388314417675
2011-12-30,-0.34045076588545586,-0.15526898901022348
2012-01-31,-0.5273189210232674,-0.2773939396445632
2012-02-29,-0.6211143514400429,-0.3714178171520531
2012-03-30,-0.7011257186749481,-0.4945983833069511
2012-04-30,-0.679440306168529,-0.45743439623252996
2012-05-31,-0.6976234652927656,-0.4470929919473647
2012-06-29,-0.7026588086132329,-0.4616786851209612
2012-07-31,-0.714356840703269,-0.4748635093456103
2012-08-31,-0.7194182581208749,-0.48253125502939237
2012-09-28,-0.7269656565987556,-0.4925389960653105
2012-10-31,-0.735077043226916,-0.4815259470526489
2012-11-30,-0.756214794064287,-0.5376986453875939
2012-12-31,-0.7734818726243046,-0.5903407033547856
2013-01-31,-0.7809708534920755,-0.5863573893413154
2013-02-28,-0.7800801827884702,-0.5866110300607492
2013-03-28,-0.7771053305731979,-0.56937426901282
2013-04-30,-0.7700861575036902,-0.573949135967634
2013-05-31,-0.7498704357645489,-0.5233334983354947
2013-06-28,-0.7041746775137072,-0.42411787783461513
2013-07-31,-0.7218470874391013,-0.46798294992612016
2013-08-30,-0.6687752738820841,-0.37351782581571713
2013-09-30,-0.6738739563399446,-0.38151355372266155
2013-10-31,-0.6533040145659725,-0.3773425713461815
2013-11-29,-0.6663178011045029,-0.3993081898409093
2013-12-31,-0.651994677623096,-0.33990527068469945
2014-01-31,-0.6711289478673513,-0.37284970917708055
2014-02-28,-0.6698779135415901,-0.362513331477945
2014-03-31,-0.672669377526113,-0.36122307533606146
2014-04-30,-0.6813208017322685,-0.3891285896524212
2014-05-30,-0.6677805213941735,-0.36520520904393206
2014-06-30,-0.6979607768761761,-0.38054082587627847
2014-07-31,-0.6833002023068598,-0.3327713948066623
2014-08-29,-0.6003825686769341,-0.19268150177831658
2014-09-30,-0.4574913360015792,-0.12816407678720623
2014-10-31,-0.40982456654963334,-0.0782539628047829
2014-11-28,-0.38917597700319245,-0.06498053012961842
2014-12-31,-0.3983480372199344,-0.04829304069575051
2015-01-30,-0.4693205109927901,-0.18839114318333156
2015-02-27,-0.5003351092500503,-0.2314912040478454
2015-03-31,-0.4862335733077364,-0.23054795250633028
2015-04-30,-0.4635694545964451,-0.20899771753888713
2015-05-29,-0.34899855801533924,-0.137854638731373
2015-06-30,-0.27655078435002745,-0.09302771691756216
2015-07-31,-0.26334272899027483,-0.08651891976600751
2015-08-31,-0.2120600506449715,-0.06917912139739499
2015-09-30,-0.21730109429109032,-0.10408931508005143
2015-10-30,-0.22373681630968567,-0.1478646208703771
2015-11-30,-0.21818469016696598,-0.13966940682206672
2015-12-31,-0.21453981104651074,-0.1275464174970517
2016-01-29,-0.2460977806913819,-0.2028101749951323
2016-02-29,-0.2519263390248617,-0.21010064734435321
2016-03-31,-0.2465981040957657,-0.20222884081244416
2016-04-29,-0.2574772555725899,-0.20602107377714593
2016-05-31,-0.24762238148041602,-0.1957085808546475
2016-06-30,-0.27993048376100943,-0.2458050631991345
2016-07-29,-0.24353521958845983,-0.24886982321609172
2016-08-31,-0.27028350995332356,-0.2951200405893412
2016-09-30,-0.26270779350230417,-0.32710903460344126
2016-10-31,-0.22172271087434695,-0.3099386805843947
2016-11-30,-0.25103282572486435,-0.34160724828780265
2016-12-30,-0.24302288810927292,-0.33099129485575074
2017-01-31,-0.1898068623230431,-0.2898898788020196
2017-02-28,-0.18220580632815328,-0.2865864495467225
2017-03-31,-0.17924606567589885,-0.2881420927256704
2017-04-28,-0.17839093271482026,-0.28591864565203984
2017-05-31,-0.18790529075450635,-0.29871406700953546
2017-06-30,-0.18594534197015739,-0.2932870878754862
2017-07-31,-0.18974721904942754,-0.3054159880967398
2017-08-31,-0.2346993143988067,-0.34044825354983604
2017-09-29,-0.26217087904942876,-0.37118785693058787
2017-10-31,-0.2761316346160734,-0.3949168392616932
2017-11-30,-0.2897223678129645,-0.41876733897068563
2017-12-29,-0.2820819060490167,-0.42645396850281025
2018-01-31,-0.24302481204199847,-0.41846391143397554
2018-02-28,-0.11250449920652036,-0.3274027147609078
2018-03-29,-0.13332726971036304,-0.3313888386656952
2018-04-30,-0.13014505649838992,-0.3212435464564896
2018-05-31,-0.11847285223681073,-0.30539338466776783
2018-06-29,-0.16602689523856018,-0.3370125692274117
2018-07-31,-0.2003061631051953,-0.35716224901461574
2018-08-31,-0.2352359067703263,-0.3733390828374739
2018-09-28,-0.20238988004478645,-0.3276314554948775
2018-10-31,-0.08900425920544337,-0.2752624214130924
2018-11-30,-0.08347173921432131,-0.26321168565450764
2018-12-31,-0.2413955338081829,-0.3958614812886264
2019-01-31,-0.14244758224136472,-0.250380035382032
2019-02-28,-0.1404865304187227,-0.2478463025090131
2019-03-29,-0.12487370619823245,-0.24226411955610724
2019-04-30,-0.14333196550364719,-0.24457062096947335
2019-05-31,-0.2595534043010039,-0.33819653381790776
2019-06-28,-0.23714840021802255,-0.2790580774346005
2019-07-31,-0.25441586535554916,-0.28010136918358514
2019-08-30,-0.28545990759901313,-0.315957915945112
2019-09-30,-0.29349919517480355,-0.31743362080487586
2019-10-31,-0.3423533877906982,-0.3467382334794362
2019-11-29,-0.32800897608536983,-0.3408546495131497
2019-12-31,-0.3362565373088582,-0.3461153138880118
2020-01-31,-0.3359349332118695,-0.34578519247673456
2020-02-28,-0.42049587078967005,-0.4313866280969991
2020-03-31,-0.47245569603709575,-0.5113625686300849
2020-04-30,-0.4130846663592828,-0.46063049254057836
2020-05-29,-0.42443468740180806,-0.4567746091917532
2020-06-30,-0.4253088710788247,-0.46342714285088454
2020-07-31,-0.3901977533239071,-0.4561421890078778
2020-08-31,-0.422926117920816,-0.46222548084646203
2020-09-30,-0.4160154447012705,-0.4492408656384441
2020-10-30,-0.38082133140459357,-0.4181320982689285
2020-11-30,-0.35323482943362,-0.4034442219782858
2020-12-31,-0.3581166620552499,-0.4064155941837029
2021-01-29,-0.31922297256903975,-0.3683963234367834
2021-02-26,-0.35364320185530207,-0.3993624688289664
2021-03-31,-0.35763895981794896,-0.4055207932989677
2021-04-30,-0.3514376821723184,-0.413908384802856
2021-05-28,-0.3525595414522091,-0.41641169449244037
2021-06-30,-0.34562284138024774,-0.4192556821982364
2021-07-30,-0.3357751022419276,-0.4086936878412985
2021-08-31,-0.3385966084985277,-0.4152400301127834
2021-09-30,-0.30598692970102737,-0.3665381245579047
2021-10-29,-0.35117131334930474,-0.422278009847214
2021-11-30,-0.35550458182412703,-0.4241337238153582
2021-12-31,-0.3175552314179232,-0.37640398817314275
2022-01-31,-0.26234191482270114,-0.2930644999431094
2022-02-28,-0.24029486767981964,-0.2718917945929017
2022-03-31,-0.25817339142783086,-0.2823381056750349
2022-04-29,-0.10442261454581117,-0.14179733627071292
2022-05-31,-0.0396188897353583,-0.0838203298236069
2022-06-30,-0.03051835546528192,-0.07309288425596468
2022-07-29,-0.0013736523374018243,-0.0026959482224770876
2022-08-31,0.06958492110860233,0.08730784412328765
2022-09-30,0.16004982220817773,0.19329422483628386
2022-10-31,0.11228269712230081,0.17135985938540507
2022-11-30,0.1448920752748088,0.20442582354718647
2022-12-30,0.16090006443971297,0.2163884561204994
2023-01-31,0.2133439062163196,0.2637614889106343
2023-02-28,0.3237570999177523,0.3693281794648124
2023-03-31,0.4874199516586859,0.535141668583414
2023-04-28,0.4790519237144301,0.5398320457586065
2023-05-31,0.48634157527130517,0.5358646993581991
2023-06-30,0.4849444553986585,0.5064228930110728
2023-07-31,0.46528434690006526,0.5009304485695839
2023-08-31,0.517574967173757,0.5037524283887282
2023-09-29,0.5623809781879635,0.5343549195050322
2023-10-31,0.5646587817086458,0.5380651592637958
2023-11-30,0.6038582529064105,0.5911959950417427
2023-12-29,0.6063340259950921,0.5943647987608638
2024-01-31,0.6020706605378797,0.5946304980051952
2024-02-29,0.6086621142266998,0.5763082044596769
2024-03-28,0.6387657951987836,0.5908208932551707
2024-04-30,0.6443403599665392,0.5981725981504278
2024-05-31,0.651498906057517,0.6091004796809487
2024-06-28,0.6567851860410167,0.6130294659344647
2024-07-31,0.6515678099550116,0.5967802158717495
2024-08-30,0.6526834776985649,0.5998999435044715
2024-09-30,0.6512883495438656,0.5973250173135735
2024-10-31,0.6478277378667526,0.6207865507380891
2024-11-29,0.6653732607407641,0.6275197033012312
2024-12-31,0.6800619953120927,0.6387355646096452
2025-01-31,0.6781413511713005,0.6316514887131229
2025-02-28,0.6452164412360536,0.606095608410066
2025-03-31,0.6595136474302724,0.6339202476431242
2025-04-30,0.6218021759201001,0.5961174191378994
2025-05-30,0.5907971089554251,0.5691778808640224
2025-06-30,0.6181579027822387,0.5792238483850858
2025-07-31,0.6150695329795841,0.5597874985324172
2025-08-29,0.6029472032172216,0.5295409584206768
2025-09-30,0.5526089939344024,0.4446663346744947
2025-10-31,0.6576287967544077,0.5027509236322844
2025-11-28,0.6414024468492691,0.47626843250194106
2025-12-31,0.6527949950623871,0.4682003188501828
2026-01-30,0.6301828851919298,0.439114114015011
2026-02-27,0.5749112792978287,0.37131522286366203
2026-03-31,0.5882419317582956,0.4112074520714274
2026-04-30,0.5321540809700394,0.36596387171130557
2026-05-29,0.5264658953081973,0.35056257104386057
2026-06-30,0.5297125188464843,0.4066931025872258
2026-07-31,0.5440005040729754,0.4175335033574229
2026-08-31,0.5363740117243049,0.41119080915393724
2026-09-30,0.4921725589749023,0.37049319281229587
