year,q0.05,q0.25,q0.5,q0.75,q0.95
0.08333333333333333,0.9535867298173063,0.988675695896149,1.0062600798158785,1.0229219998856705,1.0501241397634062
0.16666666666666666,0.9377327884690777,0.990130223347475,1.0112424152754387,1.0376259389614606,1.0667812827479044
0.25,0.9345428170880294,0.9892553561534841,1.0185817666140664,1.047028276437775,1.090430608827482
0.3333333333333333,0.9171277400853409,0.9907120561784344,1.0262487350172012,1.0554434153746501,1.1043094067963062
0.4166666666666667,0.9077059680467082,0.9934605643349544,1.0305348629394835,1.0673381629606236,1.121055828366442
0.5,0.9050176752316298,0.9938873468389072,1.0391229019382437,1.076365955660016,1.1381906174453813
0.5833333333333334,0.8967152656050439,0.9914822615028291,1.046134434970119,1.0880214518126796,1.1523256813755134
0.6666666666666666,0.8937756595366788,0.995816617373155,1.051521968553,1.097476990780753,1.1652888533362455
0.75,0.889295961039496,0.9969199766082132,1.057914606133955,1.1095945692351639,1.1787411670102355
0.8333333333333334,0.8846122443561244,0.9973353401974264,1.0615619413709976,1.1191384873102648,1.194880980707533
0.9166666666666666,0.8759245757558802,0.9987443744545181,1.0675625863466647,1.1267875424905205,1.2059718833858086
1.0,0.8735832486013987,0.9987455564217376,1.0743690008063969,1.137222964168653,1.2252372097464652
1.0833333333333333,0.8727591638829783,1.0017116535893538,1.0784389427738992,1.144343129563882,1.2357815312444766
1.1666666666666667,0.866350055596015,1.0057715606706172,1.0839823645006408,1.1533971592918093,1.2551392914564192
1.25,0.8685837985334961,1.0064644131239706,1.0887221778495817,1.1624411937937602,1.2655042527489906
1.3333333333333333,0.870213442681762,1.0078945787657407,1.0922212726948262,1.1688249185881325,1.2783174980286272
1.4166666666666667,0.8647368593990183,1.010157571128864,1.096490623706099,1.1798129828335806,1.2912180999363003
1.5,0.8655979134221173,1.0115917809862316,1.1007000901331678,1.188957469253996,1.3064586822409374
1.5833333333333333,0.8673136053825012,1.0137222076746186,1.1040453176998595,1.1961390226372084,1.3210195627678436
1.6666666666666667,0.8700081214795908,1.0143461606359736,1.1088946584085013,1.2026362988870625,1.3415292664570544
1.75,0.8721910025979606,1.0191344233523734,1.1154954716957741,1.2115830350108843,1.355635529711867
1.8333333333333333,0.8715223112529346,1.024761637929358,1.1185836542925611,1.2175839432761137,1.3661573405598946
1.9166666666666667,0.8715605771564566,1.0277846475625783,1.1242069230502578,1.2279787314934494,1.3804734847506202
2.0,0.8704896690138729,1.0292426814248696,1.12852201478889,1.2384621768703235,1.3939797707336583
2.0833333333333335,0.8692424146020549,1.0320259305940347,1.1344259536534789,1.2453724934264483,1.4094204152784116
2.1666666666666665,0.8705153050067265,1.036288101814146,1.140066191714405,1.2540068641142825,1.420598171874715
2.25,0.8758598894639199,1.0421259587263965,1.144632163222608,1.2603485731660165,1.4332320242094065
2.3333333333333335,0.8766854104875152,1.0433344219506235,1.1513442286628655,1.2673240914493946,1.4491706033610936
2.4166666666666665,0.8785835152773503,1.045410593386784,1.157163382876318,1.2756865476290657,1.4606327650594815
2.5,0.8794299487731867,1.0494565967534681,1.1613917783349912,1.2823770279759361,1.4769800539129057
2.5833333333333335,0.8789769201933032,1.052712523980575,1.1683290061685963,1.2921944548981672,1.4926646465672981
2.6666666666666665,0.879699649490874,1.0556913648376742,1.1734970979157058,1.2984876348120977,1.5058545357791995
2.75,0.878751656001262,1.0585985121056256,1.1784244171681646,1.3071917180004877,1.5209387109010568
2.8333333333333335,0.8818476158281159,1.0615029277999788,1.186198406909792,1.3124253596366868,1.5338380358999475
2.9166666666666665,0.8847475416938203,1.066128784114471,1.1912234143237288,1.3208176541527745,1.551205746893816
3.0,0.8852519854002394,1.0686314698548895,1.1974300563233715,1.3284059008714129,1.5617385761811549
3.0833333333333335,0.8875468729656476,1.0706193189533515,1.2023656878874411,1.3387245403306265,1.5784698923719374
3.1666666666666665,0.8863511486083393,1.0717820365653214,1.2065302101662048,1.346691945298879,1.593912915778365
3.25,0.8891022201100969,1.0755366177899663,1.214523333953744,1.3553418184675954,1.6050126028857026
3.3333333333333335,0.8892695247578316,1.0777939796785083,1.2202731102841322,1.364872233445673,1.6206689823424472
3.4166666666666665,0.8884556516193846,1.0826105609911632,1.2236508129259345,1.3735533888679439,1.6315314653193356
3.5,0.892691585309028,1.0835694903850626,1.2298040664499568,1.3800089014004713,1.6455356312003557
3.5833333333333335,0.8932150804551114,1.0889042508971385,1.2372482766967972,1.3893431830664944,1.6643628672742639
3.6666666666666665,0.8939717691438231,1.090847148822123,1.2429073932741268,1.3987408632369827,1.6812980025909126
3.75,0.8966619667048308,1.0940610253344645,1.2477375470937626,1.4067205584904132,1.691345010000979
3.8333333333333335,0.8969757424127842,1.0977097819493251,1.2547705134622458,1.4162081090979441,1.7058998429120145
3.9166666666666665,0.9003906166224782,1.1017948853026647,1.2609250371769998,1.424481331623821,1.723462341576773
4.0,0.9019172899302591,1.1059737406305263,1.269071482630109,1.4312652345797763,1.7322631501405121
4.083333333333333,0.9032921868876613,1.1098196991777507,1.272765202689277,1.4405426276521722,1.7443057392291226
4.166666666666667,0.905096985902862,1.1141971233176133,1.2822965586066744,1.4481933660989879,1.7552715551247007
4.25,0.9058501184288185,1.1162742682618547,1.2868093225193022,1.4578984928820002,1.7735354854089085
4.333333333333333,0.9106717723603922,1.1208736532631447,1.293130634467603,1.467101455090448,1.7911932997376208
4.416666666666667,0.9130049586183804,1.1263048962874116,1.2984757239719378,1.4758350453402937,1.7968396017066777
4.5,0.913699202916144,1.1297163501334482,1.3060888099234207,1.4876799541494798,1.808073256137066
4.583333333333333,0.914347947687543,1.1309133812458354,1.3128935440345084,1.4978723897838446,1.8157779545986374
4.666666666666667,0.9221105946070822,1.1363310196520464,1.319211081892624,1.5076578599456956,1.8332726366436842
4.75,0.9222950753926911,1.1407159600969907,1.3249330320300734,1.518709511560648,1.849250320635122
4.833333333333333,0.9233447815766214,1.1445655510877986,1.3303397889412998,1.525232009287501,1.8628861387473765
4.916666666666667,0.9211063674572119,1.149019869344266,1.3374599140666033,1.5344119278489114,1.8755597426588766
5.0,0.926242751474676,1.153457093932467,1.3425099364708073,1.544279914340355,1.892667980962966
5.083333333333333,0.9257289600951214,1.159023057223208,1.3481107659485745,1.5508050392496653,1.9112820204163339
5.166666666666667,0.9279617661920989,1.1616030609721366,1.3568611947531695,1.5629263456766767,1.9193433742734471
5.25,0.927378522826346,1.1651872461504926,1.3645667921155706,1.5722813554490103,1.939893028687954
5.333333333333333,0.9272240340735496,1.1705391288878848,1.3699550152683317,1.5830808072233455,1.957143348707822
5.416666666666667,0.9308818940620827,1.1744875734370357,1.3758597664566525,1.5911572193849475,1.9717442924157422
5.5,0.9299362112738071,1.1794927106056763,1.3823930357563334,1.597847372235422,1.9840137554875743
5.583333333333333,0.9338297843392538,1.1836095391790842,1.3875921806354394,1.6108844896769101,2.0008802461524464
5.666666666666667,0.9385559378341167,1.186534646127395,1.3968976113905125,1.6220712788782565,2.013154795395252
5.75,0.9385467027889193,1.1937850284556608,1.4028768865837646,1.6334682747307279,2.0289509130898273
5.833333333333333,0.9406305314122777,1.1974674132055572,1.4090033413977916,1.6415181263359082,2.0391963706805036
5.916666666666667,0.9446584727823443,1.2032432930531,1.4154302914231969,1.6504278413603823,2.056638234608479
6.0,0.9466216622198736,1.2070778687658117,1.4198943572592566,1.660879281317233,2.0810322518319277
6.083333333333333,0.9536716757365572,1.2118714433616145,1.4270369871016655,1.672051314996819,2.087970895944447
6.166666666666667,0.9499584100586164,1.2173930552504433,1.4343170091465303,1.684764425691423,2.10814679864672
6.25,0.9568884724574898,1.219314408403928,1.4388191189167912,1.6924611642101182,2.123142841909811
6.333333333333333,0.9604811844267641,1.2240897636361079,1.44629387193809,1.7054683583821395,2.1353073303735055
6.416666666666667,0.9637639667283663,1.2299122253894157,1.4530432467001628,1.7133397827750778,2.156544052394988
6.5,0.9681315143907664,1.2342805230030947,1.460134010153881,1.725243480403682,2.165173351492859
6.583333333333333,0.9679583770195191,1.238036245881617,1.4666754822303671,1.7374572105859842,2.181751022672963
6.666666666666667,0.9708929744981674,1.2432178817727069,1.4746743623411631,1.747762326334892,2.202588103285373
6.75,0.9689774647287802,1.2480009512170511,1.48039271921728,1.7578804460827708,2.2178198499691777
6.833333333333333,0.9732459316080924,1.2532087979022817,1.4867688166594246,1.7684922859410586,2.2327025833943597
6.916666666666667,0.9772608077881025,1.2559508246572242,1.4934105214594466,1.781485420027654,2.252583838136488
7.0,0.9779004560717719,1.2638792503498486,1.4999229392704176,1.790608870532978,2.268282077572133
7.083333333333333,0.9800170705674766,1.2696067227847023,1.5086104230987731,1.8010873923397044,2.2925981628236047
7.166666666666667,0.9825219671637594,1.2721938751682913,1.5156581673054854,1.8158389535375818,2.2997161308856935
7.25,0.9827950982459148,1.27685803283241,1.5227340648670111,1.8253596451023726,2.3139432551961656
7.333333333333333,0.9829561951075594,1.2825600805951614,1.5300228919290833,1.8352248322927622,2.336256744583704
7.416666666666667,0.9871438290285748,1.2888064361356923,1.538724520358098,1.845017059062957,2.3572407421187096
7.5,0.9910779760049203,1.2959203877057075,1.545063082719193,1.8543851006833212,2.3699651779974107
7.583333333333333,0.9922163718749938,1.2989508405673316,1.5520111200817635,1.865774554223028,2.394783951708745
7.666666666666667,0.9919435423304596,1.3025130083018808,1.5623758585168668,1.8810425415420644,2.4123822311090457
7.75,0.9978048820100957,1.3070573584322582,1.5696097516268583,1.8912115185052198,2.424554354056776
7.833333333333333,0.9989219650849149,1.312641494096943,1.5752502570900737,1.9068257712473196,2.439989639607159
7.916666666666667,0.9986696202485956,1.3172574538385706,1.581368757456348,1.9144436418457738,2.456143177498144
8.0,0.9999370280961895,1.322629751695589,1.5930579612680549,1.9295626784800588,2.485354297091505
8.083333333333334,1.0037797407640332,1.3291769766471313,1.6015162799473954,1.9387712060916784,2.5008205764453333
8.166666666666666,1.002620650577239,1.333943150593423,1.6057794866537474,1.9508609265182453,2.5191329242828124
8.25,1.010751178525628,1.3370835528636995,1.613297213074152,1.9628248775774602,2.5402374261349157
8.333333333333334,1.016658274452984,1.3445082825021677,1.624626725843199,1.975277854637795,2.5577132297202616
8.416666666666666,1.0124829159753834,1.3509128457618655,1.6317838100750444,1.986502354959645,2.575476880863266
8.5,1.0226962618852977,1.3540233230839682,1.6416370298540697,1.9948923146957347,2.5980337012928185
8.583333333333334,1.0260156759369017,1.359703058782843,1.645126328152172,2.0030149056770976,2.606473447929421
8.666666666666666,1.0336903093482783,1.3634526960603524,1.6554915323588306,2.014082854689899,2.6343388932707454
8.75,1.0322525298576595,1.3690847376458122,1.6643602852128954,2.0242329201249785,2.643868200232562
8.833333333333334,1.038523042027883,1.3738387340927887,1.6715899108049008,2.0388854293130243,2.6620459527864124
8.916666666666666,1.0381819264494483,1.3753774335690108,1.6810863944595342,2.0451088436407807,2.6894002823447956
9.0,1.0450973387808666,1.3838417619334706,1.688759202148589,2.057148011343527,2.703504897985306
9.083333333333334,1.0424570417203936,1.390910183638316,1.6974130995737033,2.068119324449443,2.7270169464080367
9.166666666666666,1.0505622196041084,1.3975210907460394,1.7087235700380783,2.081736506488097,2.7412231371656604
9.25,1.0518811295373345,1.405790812785925,1.7161236265418665,2.091559489579762,2.768565255331172
9.333333333333334,1.0557021481414806,1.4082842538572513,1.7217643651328642,2.103779686244666,2.7837973340395648
9.416666666666666,1.056703053909351,1.414520797671579,1.7331907338378816,2.111764694299899,2.7995858309111825
9.5,1.057201628511096,1.4174544388459418,1.7390035460906816,2.124216126485734,2.8178421815344388
9.583333333333334,1.0607162101279142,1.423861500421205,1.7484652616226821,2.1371334543075493,2.8411464256728585
9.666666666666666,1.0647270701769682,1.4284183688177534,1.7584832164732709,2.148183180430155,2.8667247633641963
9.75,1.0652765541384766,1.4328167343136782,1.7656558092536019,2.1594662213737266,2.872691585061684
9.833333333333334,1.0688353017438765,1.4349896929673824,1.7729269278235675,2.169938054820195,2.899807107050417
9.916666666666666,1.0761015468271347,1.444785501424755,1.7815071508395854,2.1807120128781694,2.9112128675084863
10.0,1.0780959259149037,1.4488026517312953,1.791020698850118,2.192050000979118,2.9353413114463804
