scenario,start,end,candidate,spcx_proxy,spcx_used,cum_return,max_drawdown,loss_usd,max_dd_usd,cum_return_composer_in_tbills,max_dd_composer_in_tbills,notes
tech_2000_02,2000-03-10,2002-10-09,PLAN,i,QQQ,-0.4627974049805441,-0.48786129685596724,-8330353.289649794,-8781503.343407411,-0.2939067296682303,-0.3247728189337452,
tech_2000_02,2000-03-10,2002-10-09,PLAN,ii,QQQ,-0.4627974049805441,-0.48786129685596724,-8330353.289649794,-8781503.343407411,-0.2939067296682303,-0.3247728189337452,
tech_2000_02,2000-03-10,2002-10-09,ALT-1,i,QQQ,-0.37379168817876296,-0.40503999008963076,-6728250.387217733,-7290719.821613354,-0.18275881507458125,-0.2293365417401455,
tech_2000_02,2000-03-10,2002-10-09,ALT-1,ii,QQQ,-0.40144866330539963,-0.43046159242554105,-7226075.939497193,-7748308.663659739,-0.22213032196806082,-0.26265682747985564,
tech_2000_02,2000-03-10,2002-10-09,ALT-2,i,QQQ,-0.042720870993348314,-0.269265412679108,-768975.6778802697,-4846777.428223943,0.07292017098660519,-0.20582700150250388,
tech_2000_02,2000-03-10,2002-10-09,ALT-2,ii,QQQ,-0.097423943023907,-0.30439917542800854,-1753630.974430326,-5479185.157704154,0.016532826335519113,-0.23740745081863712,
tech_2000_02,2000-03-10,2002-10-09,SPY 100%,-,-,-0.4233661520873946,-0.47515853479472425,-7620590.737573102,-8552853.626305036,,,
gfc_2008,2007-10-09,2009-03-09,PLAN,i,QQQ,-0.40350182115643074,-0.4076871894188141,-7263032.780815753,-7338369.409538654,-0.3149426735672326,-0.31662495092797993,
gfc_2008,2007-10-09,2009-03-09,PLAN,ii,QQQ,-0.40350182115643074,-0.4076871894188141,-7263032.780815753,-7338369.409538654,-0.3149426735672326,-0.31662495092797993,
gfc_2008,2007-10-09,2009-03-09,ALT-1,i,QQQ,-0.3712902804330378,-0.37525004552392227,-6683225.04779468,-6754500.819430601,-0.2711206981139599,-0.271943457601586,
gfc_2008,2007-10-09,2009-03-09,ALT-1,ii,QQQ,-0.3801366944993779,-0.3849616749178897,-6842460.500988803,-6929310.148522015,-0.2861097186075605,-0.28821396788362574,
gfc_2008,2007-10-09,2009-03-09,ALT-2,i,QQQ,-0.28138199916776585,-0.4445303373879995,-5064875.985019785,-8001546.072983991,-0.22074471362708126,-0.40590158888183425,
gfc_2008,2007-10-09,2009-03-09,ALT-2,ii,QQQ,-0.3122035379144873,-0.462687504949576,-5619663.682460771,-8328375.089092368,-0.25244941390599474,-0.4240498312384787,
gfc_2008,2007-10-09,2009-03-09,SPY 100%,-,-,-0.5518944215905263,-0.5518944215905263,-9934099.588629473,-9934099.588629473,,,
covid_2020,2020-02-19,2020-03-23,PLAN,i,EW NVDA/AVGO/TSLA/ISRG,-0.2609185783835457,-0.2609185783835457,-4696534.410903823,-4696534.410903823,-0.21604198665109609,-0.21604198665109609,
covid_2020,2020-02-19,2020-03-23,PLAN,ii,QQQ,-0.2353010756068129,-0.2353010756068129,-4235419.360922632,-4235419.360922632,-0.19042448387436284,-0.19042448387436284,
covid_2020,2020-02-19,2020-03-23,ALT-1,i,EW NVDA/AVGO/TSLA/ISRG,-0.2366307912776372,-0.2366307912776372,-4259354.242997469,-4259354.242997469,-0.18587071090067142,-0.18587071090067142,
covid_2020,2020-02-19,2020-03-23,ALT-1,ii,QQQ,-0.22780294861635386,-0.22780294861635386,-4100453.0750943697,-4100453.0750943697,-0.18015558158762535,-0.18015558158762535,
covid_2020,2020-02-19,2020-03-23,ALT-2,i,EW NVDA/AVGO/TSLA/ISRG,-0.22039357951975236,-0.32570711498843974,-3967084.4313555425,-5862728.069791915,-0.18966615292350675,-0.29889729723751735,
covid_2020,2020-02-19,2020-03-23,ALT-2,ii,QQQ,-0.22474836671519016,-0.32285494222984035,-4045470.600873423,-5811388.960137126,-0.1944684746830505,-0.29629552625022626,
covid_2020,2020-02-19,2020-03-23,SPY 100%,-,-,-0.3371728189633807,-0.3371728189633807,-6069110.741340852,-6069110.741340852,,,
inflation_2022,2022-01-03,2022-10-12,PLAN,i,EW NVDA/AVGO/TSLA/ISRG/RKLB,-0.2432708865726828,-0.2432708865726828,-4378875.958308291,-4378875.958308291,-0.19608371372939803,-0.19608371372939803,
inflation_2022,2022-01-03,2022-10-12,PLAN,ii,QQQ,-0.20924809000923128,-0.20924809000923128,-3766465.620166163,-3766465.620166163,-0.1620609171659475,-0.1620609171659475,
inflation_2022,2022-01-03,2022-10-12,ALT-1,i,EW NVDA/AVGO/TSLA/ISRG/RKLB,-0.2353975523414804,-0.2353975523414804,-4237155.942146648,-4237155.942146648,-0.1820239650475286,-0.1820239650475286,
inflation_2022,2022-01-03,2022-10-12,ALT-1,ii,QQQ,-0.22679828233879462,-0.22679828233879462,-4082369.0820983034,-4082369.0820983034,-0.1766976740547166,-0.1766976740547166,
inflation_2022,2022-01-03,2022-10-12,ALT-2,i,EW NVDA/AVGO/TSLA/ISRG/RKLB,-0.29690364741606456,-0.33749849905884466,-5344265.653489162,-6074972.983059204,-0.2645941440903482,-0.31890192082064794,
inflation_2022,2022-01-03,2022-10-12,ALT-2,ii,QQQ,-0.30162971318162135,-0.3391170406047611,-5429334.837269184,-6104106.7308857,-0.2697907868318872,-0.3206472852504135,
inflation_2022,2022-01-03,2022-10-12,SPY 100%,-,-,-0.24496383714802172,-0.24496383714802172,-4409349.068664391,-4409349.068664391,,,
