date,norway,saudi,uae,kuwait,grand_total,iraq,oil_exporters,basket3,basket4,seg1_share_pct,seg2_share_pct,seg2b_share_pct,norway_share_pct
2000-03-01,,,,,1085.0,,43.9,,,4.046082949308755,,,
2000-04-01,,,,,1088.9,,43.6,,,4.004040775094132,,,
2000-05-01,,,,,1072.2,,43.1,,,4.019772430516695,,,
2000-06-01,,,,,1060.7,,45.9,,,4.327331007825021,,,
2000-07-01,,,,,1055.9,,47.4,,,4.489061464153802,,,
2000-08-01,,,,,1053.9,,47.8,,,4.535534680709744,,,
2000-09-01,,,,,1038.8,,46.8,,,4.505198305737389,,,
2000-10-01,,,,,1035.2,,48.0,,,4.63678516228748,,,
2000-11-01,,,,,1021.0,,48.4,,,4.74045053868756,,,
2000-12-01,,,,,1015.2,,47.7,,,4.698581560283688,,,
2001-01-01,,,,,1010.8,,48.5,,,4.798179659675505,,,
2001-02-01,,,,,1015.4,,47.8,,,4.707504431751034,,,
2001-03-01,,,,,1012.5,,45.9,,,4.533333333333333,,,
2001-04-01,,,,,987.8,,44.4,,,4.494837011540797,,,
2001-05-01,,,,,986.2,,43.2,,,4.380450212938552,,,
2001-06-01,,,,,983.3,,43.4,,,4.413708939286078,,,
2001-07-01,,,,,975.9,,43.9,,,4.498411722512553,,,
2001-08-01,,,,,994.0,,44.5,,,4.476861167002013,,,
2001-09-01,,,,,992.2,,42.7,,,4.30356782906672,,,
2001-10-01,,,,,1016.0,,42.4,,,4.173228346456693,,,
2001-11-01,,,,,1036.3,,45.3,,,4.371321046029141,,,
2001-12-01,,,,,1040.1,,46.8,,,4.499567349293337,,,
2002-01-01,,,,,1029.6,,45.2,,,4.390054390054391,,,
2002-02-01,,,,,1035.8,,44.7,,,4.31550492373045,,,
2002-03-01,,,,,1057.2,,44.3,,,4.190314037079077,,,
2002-04-01,,,,,1042.8,,44.6,,,4.2769466820099735,,,
2002-05-01,,,,,1061.2,,45.6,,,4.297022238974745,,,
2002-06-01,,,,,1123.1,,52.3,,,4.656753628350103,,,
2002-07-01,,,,,1161.7,,53.0,,,4.562279418094172,,,
2002-08-01,,,,,1168.9,,52.4,,,4.482847121225083,,,
2002-09-01,,,,,1188.6,,51.7,,,4.349655056368838,,,
2002-10-01,,,,,1194.2,,52.2,,,4.3711271143862005,,,
2002-11-01,,,,,1220.0,,52.9,,,4.336065573770491,,,
2002-12-01,,,,,1235.6,,49.6,,,4.014244091939139,,,
2003-01-01,5.7,,,,1237.7,,47.7,,,3.8539225983679404,,,0.4605316312515149
2003-02-01,6.6,,,,1236.4,,42.3,,,3.42122290520867,,,0.5338078291814946
2003-03-01,5.1,,,,1275.2,,42.4,,,3.3249686323713923,,,0.39993726474278535
2003-04-01,7.3,,,,1278.0,,40.9,,,3.200312989045383,,,0.571205007824726
2003-05-01,4.8,,,,1328.1,,39.5,,,2.974173631503652,,,0.3614185678789248
2003-06-01,6.7,,,,1371.9,,38.0,,,2.7698811866754136,,,0.4883737881769808
2003-07-01,5.3,,,,1419.0,,39.4,,,2.776603241719521,,,0.37350246652572233
2003-08-01,1.9,,,,1444.9,,41.1,,,2.844487507786006,,,0.13149698941103188
2003-09-01,3.9,,,,1443.3,,40.4,,,2.79914085775653,,,0.27021409270421953
2003-10-01,5.6,,,,1451.9,,40.4,,,2.7825607824230314,,,0.3857014945932915
2003-11-01,7.8,,,,1498.3,,42.8,,,2.85657078021758,,,0.5205900020022692
2003-12-01,5.2,,,,1523.1,,42.6,,,2.7969273192830415,,,0.3414089685509816
2004-01-01,5.8,,,,1568.5,,43.9,,,2.798852406758049,,,0.36978004462862607
2004-02-01,4.6,,,,1609.2,,41.6,,,2.5851354710415113,,,0.28585632612478246
2004-03-01,7.1,,,,1670.0,,43.5,,,2.604790419161677,,,0.42514970059880236
2004-04-01,6.1,,,,1711.2,,45.4,,,2.6531089294062644,,,0.35647498831229546
2004-05-01,,,,,1743.8,,46.1,,,2.6436517949306118,,,
2004-06-01,7.0,,,,1735.4,,53.8,,,3.1001498213668315,,,0.4033652183934539
2004-07-01,10.7,,,,1751.9,,56.8,,,3.2421941891660477,,,0.6107654546492379
2004-08-01,13.3,,,,1770.1,,51.5,,,2.9094401446245977,,,0.7513699790972262
2004-09-01,16.4,,,,1794.5,,57.3,,,3.1930899972137086,,,0.9139035943159654
2004-10-01,25.2,,,,1812.7,,62.0,,,3.420312241407845,,,1.390191427152866
2004-11-01,24.8,,,,1846.6,,63.0,,,3.411675511751327,,,1.3430087728798874
2004-12-01,22.6,,,,1849.3,,62.1,,,3.358027361704429,,,1.2220840317958148
2005-01-01,,,,,1874.5,,67.1,,,3.5796212323286203,,,
2005-02-01,,,,,1914.4,,67.7,,,3.536356038445466,,,
2005-03-01,,,,,1952.2,,62.5,,,3.2015162380903592,,,
2005-04-01,,,,,1980.9,,60.8,,,3.069311928921197,,,
2005-05-01,,,,,1981.9,,62.8,,,3.1686765225288864,,,
2005-06-01,,,,,1877.5,,68.5,,,3.648468708388815,,,
2005-07-01,,,,,1899.2,,64.1,,,3.3751053074978934,,,
2005-08-01,,,,,1925.9,,65.2,,,3.3854301884833062,,,
2005-09-01,,,,,1929.6,,66.1,,,3.4255804311774463,,,
2005-10-01,,,,,1964.9,,75.4,,,3.837345411980254,,,
2005-11-01,,,,,2034.0,,79.3,,,3.8987217305801374,,,
2005-12-01,,,,,2033.9,,78.2,,,3.844830129308226,,,
2006-01-01,5.9,,,,2045.4,,89.4,,,4.37078322088589,,,0.2884521365014178
2006-02-01,7.4,,,,2071.3,,96.2,,,4.644426205764495,,,0.35726355428957657
2006-03-01,,,,,2082.1,,98.1,,,4.711589260842419,,,
2006-04-01,,,,,2059.5,,99.7,,,4.8409808205875215,,,
2006-05-01,,,,,2071.4,,103.0,,,4.972482379067297,,,
2006-06-01,3.1,,,,1977.8,,110.8,,,5.602184245120841,,,0.15673981191222572
2006-07-01,10.5,,,,1992.9,,112.4,,,5.640022078378243,,,0.5268703898840885
2006-08-01,14.4,,,,2038.0,,116.6,,,5.721295387634936,,,0.7065750736015701
2006-09-01,16.2,,,,2025.3,,113.7,,,5.6139831136127984,,,0.7998814990371796
2006-10-01,29.6,,,,2054.4,,107.2,,,5.218068535825545,,,1.440809968847352
2006-11-01,35.7,,,,2097.0,,106.4,,,5.0739151168335725,,,1.7024320457796855
2006-12-01,31.6,,,,2103.1,,110.2,,,5.239883980790262,,,1.5025438638200752
2007-01-01,20.7,,,,2120.6,,111.7,,,5.267377157408281,,,0.9761388286334056
2007-02-01,12.5,,,,2143.3,,110.5,,,5.15560117575701,,,0.5832128026874445
2007-03-01,7.3,,,,2194.3,,112.5,,,5.126919746616233,,,0.3326801257804311
2007-04-01,2.1,,,,2166.2,,112.0,,,5.170344381866864,,,0.0969439571600037
2007-05-01,,,,,2184.6,,121.1,,,5.543348896823217,,,
2007-06-01,3.1,,,,2191.5,,133.2,,,6.078028747433264,,,0.14145562400182524
2007-07-01,,,,,2200.5,,134.7,,,6.121336059986366,,,
2007-08-01,6.4,,,,2217.8,,134.7,,,6.073586437009649,,,0.288574262782938
2007-09-01,22.9,,,,2235.4,,137.1,,,6.133130535921982,,,1.024425158808267
2007-10-01,25.5,,,,2299.1,,141.6,,,6.158931755904485,,,1.1091296594319515
2007-11-01,27.6,,,,2335.0,,138.7,,,5.940042826552462,,,1.1820128479657388
2007-12-01,26.2,,,,2351.1,,137.9,,,5.865339628259114,,,1.114371996086938
2008-01-01,33.6,,,,2399.4,,140.8,,,5.86813370009169,,,1.4003500875218804
2008-02-01,34.0,,,,2426.2,,146.1,,,6.021762426840327,,,1.4013683950210207
2008-03-01,44.5,,,,2506.3,,150.7,,,6.01284762398755,,,1.7755256752982482
2008-04-01,45.3,,,,2586.7,,153.8,,,5.945799667530059,,,1.751266091931805
2008-05-01,47.1,,,,2597.7,,164.2,,,6.320976248219578,,,1.8131423951957504
2008-06-01,4.4,,,,2587.4,,159.5,,,6.164489448867589,,,0.17005488134807142
2008-07-01,2.8,,,,2624.2,,162.9,,,6.20760612758174,,,0.10669918451337551
2008-08-01,2.4,,,,2688.7,,169.6,,,6.307881132145647,,,0.08926246885111765
2008-09-01,13.2,,,,2802.4,,171.2,,,6.109049386240365,,,0.4710248358549814
2008-10-01,11.5,,,,2980.6,,176.7,,,5.928336576528215,,,0.38582835670670335
2008-11-01,20.2,,,,3036.6,,187.2,,,6.164789567279193,,,0.6652176776658104
2008-12-01,23.1,,,,3077.2,,186.2,,,6.050955414012739,,,0.7506824385805279
2009-01-01,21.9,,,,3071.7,,186.6,,,6.074811993358726,,,0.7129602500244164
2009-02-01,21.1,,,,3161.9,,181.8,,,5.749707454378696,,,0.6673202821088586
2009-03-01,26.2,,,,3265.7,,192.0,,,5.879290810545978,,,0.8022782251890866
2009-04-01,27.5,,,,3262.1,,189.6,,,5.812206860611262,,,0.8430152355844396
2009-05-01,28.3,,,,3292.6,,192.9,,,5.8585919941687425,,,0.8595031282269332
2009-06-01,11.1,,,,3460.8,,211.8,,,6.11997226074896,,,0.32073509015256585
2009-07-01,11.3,,,,3505.8,,209.9,,,5.987221176336357,,,0.3223230075874266
2009-08-01,7.1,,,,3531.1,,209.8,,,5.941491319985275,,,0.20107048794993063
2009-09-01,7.6,,,,3570.6,,201.3,,,5.637707948243993,,,0.21284938105640508
2009-10-01,7.3,,,,3571.6,,204.9,,,5.736924627617874,,,0.20439018927091498
2009-11-01,8.5,,,,3669.0,,202.6,,,5.521940583265195,,,0.23167075497410738
2009-12-01,12.1,,,,3685.1,,201.1,,,5.4571110688990805,,,0.32834929852649863
2010-01-01,12.3,,,,3702.2,,211.9,,,5.723623791259252,,,0.3322348873642699
2010-02-01,13.6,,,,3745.5,,211.9,,,5.6574556134027505,,,0.36310238953410756
2010-03-01,14.6,,,,3877.9,,223.4,,,5.760849944557622,,,0.3764924314706413
2010-04-01,15.0,,,,3951.2,,232.9,,,5.894411824255923,,,0.37963150435310794
2010-05-01,15.2,,,,3958.2,,228.6,,,5.775352432924056,,,0.3840129351725532
2010-06-01,15.4,,,,4070.0,,210.2,,,5.164619164619165,,,0.3783783783783784
2010-07-01,16.3,,,,4111.7,,217.8,,,5.297079067052557,,,0.39642970061045313
2010-08-01,17.5,,,,4262.1,,220.5,,,5.173506018160062,,,0.410595715726989
2010-09-01,18.1,,,,4316.0,,224.6,,,5.2038924930491195,,,0.4193697868396664
2010-10-01,18.0,,,,4356.0,,208.0,,,4.775022956841139,,,0.4132231404958678
2010-11-01,19.0,,,,4394.4,,204.3,,,4.6490988530857456,,,0.43236846896049524
2010-12-01,19.6,,,,4415.8,,211.9,,,4.798677476334979,,,0.44386068209610946
2011-01-01,19.4,,,,4435.4,,215.5,,,4.858637326960364,,,0.43739008883077063
2011-02-01,20.8,,,,4466.9,,219.0,,,4.9027289619199,,,0.4656473169312052
2011-03-01,21.4,,,,4481.4,,222.5,,,4.964966305172491,,,0.477529343508725
2011-04-01,21.1,,,,4496.5,,221.6,,,4.928277549204937,,,0.46925386411653514
2011-05-01,21.1,,,,4536.6,,230.0,,,5.069876118679187,,,0.46510602653969935
2011-06-01,26.5,,,,4690.6,,242.6,,,5.172046220099773,,,0.5649597066473372
2011-07-01,23.7,,,,4667.9,,243.9,,,5.225047665973993,,,0.5077229589322823
2011-08-01,28.1,,,,4763.3,,246.0,,,5.164486805366027,,,0.589927151344656
2011-09-01,39.6,,,,4912.1,,252.4,,,5.138331874351092,,,0.8061725127745771
2011-10-01,37.0,,,,4921.7,,248.3,,,5.045004774772945,,,0.7517727614442165
2011-11-01,40.3,,,,5008.8,,254.1,,,5.073071394345951,,,0.8045839322791886
2011-12-01,56.7,,,,5004.4,,260.8,,,5.211413955718968,,,1.1330029573974905
2012-01-01,57.2,74.9,54.0,23.3,5054.3,41.1,,152.20000000000002,193.3,,3.0112973112003645,3.8244662960251667,1.1317096333814771
2012-02-01,59.3,76.5,52.9,24.0,5102.7,43.8,,153.4,197.2,,3.0062515922942756,3.864620691006722,1.1621298528230153
2012-03-01,60.9,78.2,50.0,24.0,5145.1,44.1,,152.2,196.29999999999998,,2.958154360459466,3.8152805582010063,1.1836504635478415
2012-04-01,64.8,78.9,48.3,25.0,5214.5,45.2,,152.2,197.39999999999998,,2.9187841595550865,3.785597852143062,1.2426886566305493
2012-05-01,67.9,76.6,47.4,26.8,5265.3,44.7,,150.8,195.5,,2.864034338024424,3.712988813552884,1.289575142916833
2012-06-01,68.6,76.0,53.8,26.6,5310.9,48.9,,156.4,205.3,,2.9448869306520553,3.8656348264889195,1.2916831422169501
2012-07-01,68.2,77.2,53.2,27.5,5378.7,47.8,,157.9,205.7,,2.9356535965939727,3.824344172383661,1.2679643780095564
2012-08-01,71.4,75.9,53.1,27.3,5447.4,46.9,,156.3,203.20000000000002,,2.869258728934905,3.7302199214304075,1.3107170393215115
2012-09-01,73.9,75.3,50.9,27.6,5476.1,48.4,,153.79999999999998,202.2,,2.808568141560599,3.6924088311024263,1.3495005569657237
2012-10-01,75.5,76.9,45.8,27.5,5526.7,48.3,,150.2,198.5,,2.7177158159480337,3.5916550563627485,1.366095500027141
2012-11-01,75.6,76.8,42.9,27.9,5538.2,47.2,,147.6,194.8,,2.6651258531652884,3.517388321115164,1.3650644613773428
2012-12-01,75.1,77.6,43.7,28.0,5573.8,49.4,,149.3,198.70000000000002,,2.6786034662169436,3.5648928917435145,1.3473752197782483
2013-01-01,76.5,77.2,44.2,28.2,5622.1,49.2,,149.6,198.8,,2.660927411465466,3.536045249995553,1.360701517226659
2013-02-01,77.0,76.5,41.1,28.3,5691.1,45.3,,145.9,191.2,,2.5636520180632916,3.359631705645657,1.352989755934705
2013-03-01,76.4,78.6,46.0,29.0,5725.0,45.7,,153.6,199.3,,2.6829694323144104,3.4812227074235813,1.3344978165938866
2013-04-01,74.9,78.0,42.7,34.8,5709.7,49.6,,155.5,205.1,,2.72343555703452,3.5921326864809013,1.3118027216841517
2013-05-01,73.7,79.5,40.2,30.6,5658.1,46.9,,150.3,197.20000000000002,,2.6563687456920166,3.4852689065233915,1.3025573955921599
2013-06-01,75.7,79.8,40.2,28.5,5595.0,45.4,,148.5,193.9,,2.6541554959785523,3.4655942806076854,1.352993744414656
2013-07-01,74.6,81.8,38.4,28.6,5592.8,44.1,,148.79999999999998,192.89999999999998,,2.6605635817479616,3.449077385209555,1.3338578171935345
2013-08-01,71.7,80.9,36.3,27.9,5595.8,38.7,,145.1,183.8,,2.593016190714464,3.284606311876765,1.2813181314557347
2013-09-01,72.2,82.3,35.1,28.0,5652.8,37.8,,145.4,183.2,,2.57217662043589,3.240871780356637,1.2772431361449195
2013-10-01,78.4,83.6,34.4,28.2,5655.1,34.1,,146.2,180.29999999999998,,2.585277006595816,3.188272532758041,1.3863592155753213
2013-11-01,82.3,79.2,38.9,28.2,5716.8,33.2,,146.29999999999998,179.5,,2.559123985446403,3.1398684578785336,1.4396165687097677
2013-12-01,87.3,78.0,39.5,28.8,5792.6,35.2,,146.3,181.5,,2.525636156475503,3.1333080136726164,1.5070952594689775
2014-01-01,88.2,80.4,41.1,29.6,5841.3,36.5,,151.1,187.6,,2.5867529488298837,3.21161385308065,1.5099378562991115
2014-02-01,89.7,79.5,42.1,29.6,5890.1,33.9,,151.2,185.1,,2.567019235666627,3.142561246837914,1.522894348143495
2014-03-01,88.2,82.7,43.6,29.7,5948.3,31.6,,156.0,187.6,,2.6225980532252913,3.153842274263235,1.4827765916312223
2014-04-01,85.6,84.9,43.0,39.3,5959.4,29.6,,167.2,196.79999999999998,,2.8056515756619795,3.302345873745679,1.4363862133771856
2014-05-01,85.3,87.9,51.1,32.3,5974.5,27.3,,171.3,198.60000000000002,,2.86718553853879,3.324127542053729,1.4277345384551008
2014-06-01,87.1,90.9,52.7,32.3,6018.7,26.4,,175.90000000000003,202.30000000000004,,2.9225580274810183,3.3611909548573617,1.4471563626696795
2014-07-01,84.8,92.5,52.8,31.5,6002.6,25.1,,176.8,201.9,,2.945390330856629,3.363542464931863,1.4127211541665277
2014-08-01,87.0,92.9,59.7,31.9,6069.2,25.6,,184.50000000000003,210.10000000000002,,3.0399393659790426,3.4617412509062153,1.4334673433071905
2014-09-01,81.8,93.4,72.1,31.8,6069.2,24.6,,197.3,221.9,,3.2508403084426285,3.6561655572398344,1.3477888354313583
2014-10-01,77.2,93.9,72.5,37.4,6062.0,25.7,,203.8,229.5,,3.3619267568459255,3.7858792477730123,1.2735070933685253
2014-11-01,74.5,93.5,74.9,32.1,6114.8,26.2,,200.5,226.7,,3.2789298096421797,3.707398443121606,1.2183554654281414
2014-12-01,81.6,97.9,75.3,32.1,6158.0,26.4,,205.29999999999998,231.7,,3.33387463462163,3.762585254952907,1.3251055537512177
2015-01-01,73.6,100.8,77.9,31.8,6218.7,24.9,,210.5,235.4,,3.3849518388087545,3.7853570681975333,1.1835271037355073
2015-02-01,73.2,101.4,82.1,31.6,6163.4,25.9,,215.1,241.0,,3.489956842002791,3.9101794464094493,1.1876561638056917
2015-03-01,71.6,102.8,79.5,32.1,6172.6,27.2,,214.4,241.6,,3.4734147684930177,3.9140718659884,1.1599650066422575
2015-04-01,66.6,105.1,72.8,32.4,6137.9,27.6,,210.29999999999998,237.89999999999998,,3.426253278808713,3.8759184737450916,1.0850616660421317
2015-05-01,64.8,107.2,72.5,30.9,6134.8,29.3,,210.6,239.9,,3.4328747473430266,3.9104779291908454,1.0562691530286237
2015-06-01,67.2,109.5,71.4,31.0,6161.0,30.1,,211.9,242.0,,3.4393767245577016,3.9279337769842555,1.0907320240220744
2015-07-01,66.5,110.1,72.8,31.2,6117.4,29.0,,214.09999999999997,243.09999999999997,,3.499852878673946,3.973910484846503,1.087063131395691
2015-08-01,69.4,112.8,71.2,30.8,6099.6,25.6,,214.8,240.4,,3.521542396222703,3.941242048658929,1.1377795265263297
2015-09-01,69.8,112.3,70.9,30.7,6104.0,25.1,,213.89999999999998,238.99999999999997,,3.5042595019659237,3.915465268676278,1.1435124508519003
2015-10-01,70.1,113.0,71.5,30.2,6045.3,22.6,,214.7,237.29999999999998,,3.5515193621491075,3.925363505533224,1.1595785155409986
2015-11-01,69.7,114.7,68.2,31.4,6123.4,20.8,,214.3,235.10000000000002,,3.499689714864292,3.8393702844824773,1.1382565241532483
2015-12-01,69.1,118.9,69.5,31.4,6144.2,19.4,,219.8,239.20000000000002,,3.5773575078936233,3.893102438071678,1.1246378698610071
2016-01-01,68.1,123.7,66.7,30.7,6182.4,19.4,,221.1,240.5,,3.5762810559006217,3.8900750517598346,1.1015139751552794
2016-02-01,69.8,119.9,64.8,30.4,6241.5,17.1,,215.1,232.2,,3.446286950252343,3.720259552992069,1.118320916446367
2016-03-01,72.3,116.8,62.5,31.2,6284.4,13.4,,210.5,223.9,,3.3495639997454014,3.562790401629432,1.1504678250907008
2016-04-01,66.2,113.0,60.1,30.9,6236.7,15.2,,204.0,219.2,,3.2709606041656647,3.5146792374172238,1.0614587842929755
2016-05-01,61.9,103.7,61.8,30.9,6208.3,14.7,,196.4,211.1,,3.1635069181579496,3.400286712948794,0.9970523331668893
2016-06-01,58.7,98.2,66.2,30.6,6279.1,15.3,,195.0,210.3,,3.105540602952652,3.3492060964150916,0.9348473507349779
2016-07-01,52.9,96.5,66.0,31.7,6248.1,15.2,,194.2,209.39999999999998,,3.1081448760423167,3.351418831324722,0.8466573838446887
2016-08-01,53.7,93.0,64.1,31.3,6197.1,15.3,,188.4,203.70000000000002,,3.040131674492908,3.2870213486953577,0.8665343467105582
2016-09-01,56.8,89.4,63.8,30.6,6155.9,15.2,,183.79999999999998,198.99999999999997,,2.9857535047677835,3.2326710960217024,0.9226920515278026
2016-10-01,51.6,96.7,64.4,29.9,6043.6,15.4,,191.00000000000003,206.40000000000003,,3.1603679925872,3.4151830035078437,0.8537957508769607
2016-11-01,47.7,100.1,63.0,29.4,5953.0,13.9,,192.5,206.4,,3.2336636989753065,3.4671594154207965,0.8012766672266084
2016-12-01,52.5,102.8,60.6,28.7,6002.8,14.0,,192.1,206.1,,3.2001732524821747,3.4333977477177315,0.8745918571333379
2017-01-01,43.1,112.3,61.2,29.4,5949.2,14.7,,202.9,217.6,,3.410542593962214,3.65763463995159,0.7244671552477645
2017-02-01,45.8,116.7,61.7,29.8,6012.5,14.4,,208.20000000000002,222.60000000000002,,3.462785862785863,3.7022869022869025,0.7617463617463617
2017-03-01,48.9,124.5,63.0,32.4,6075.3,15.4,,219.9,235.3,,3.619574342007802,3.8730597665958886,0.8048985235297021
2017-04-01,51.4,126.8,60.6,31.3,6060.5,14.8,,218.70000000000002,233.50000000000003,,3.608613150730138,3.852817424304926,0.8481148420097352
2017-05-01,48.3,134.0,60.5,31.6,6108.4,15.5,,226.1,241.6,,3.7014602841988085,3.9552092200903672,0.790714426036278
2017-06-01,53.7,142.0,58.8,31.8,6151.9,16.0,,232.60000000000002,248.60000000000002,,3.7809457240852424,4.041027975097125,0.8729010549586308
2017-07-01,54.9,142.5,59.9,33.0,6230.2,16.2,,235.4,251.6,,3.7783698757664284,4.038393631023081,0.8811916150364354
2017-08-01,58.0,137.9,55.9,35.6,6249.4,17.0,,229.4,246.4,,3.6707523922296543,3.9427785067366474,0.9280890965532692
2017-09-01,64.1,136.7,54.3,38.0,6301.9,17.3,,229.0,246.3,,3.6338247195290307,3.9083451022707436,1.017153556863803
2017-10-01,60.6,145.2,57.7,39.4,6324.1,18.2,,242.29999999999998,260.5,,3.831375215445675,4.119163201087902,0.95823911702851
2017-11-01,55.3,147.6,58.2,36.8,6306.2,19.9,,242.60000000000002,262.5,,3.847007706701342,4.162570169039992,0.8769147822777583
2017-12-01,51.1,147.4,57.7,36.8,6211.3,20.7,,241.90000000000003,262.6,,3.894514835863668,4.227778403876806,0.8226941220034454
2018-01-01,46.9,143.7,55.6,36.9,6194.6,21.3,,236.2,257.5,,3.8129984179769476,4.156846285474445,0.7571110321893261
2018-02-01,50.4,150.9,57.5,36.3,6221.7,22.3,,244.7,267.0,,3.9330086632270924,4.291431602295193,0.8100679878489802
2018-03-01,40.2,151.2,59.3,36.9,6223.4,21.7,,247.4,269.1,,3.975318957483048,4.324002956583219,0.6459491596233571
2018-04-01,39.4,159.9,59.7,42.6,6180.0,22.4,,262.20000000000005,284.6,,4.242718446601942,4.605177993527509,0.6375404530744336
2018-05-01,49.7,162.2,60.0,43.9,6215.1,24.5,,266.09999999999997,290.59999999999997,,4.281507940338852,4.675709159949156,0.7996653312094737
2018-06-01,49.7,164.3,59.6,43.0,6225.0,26.5,,266.9,293.4,,4.287550200803213,4.713253012048193,0.7983935742971888
2018-07-01,61.1,166.8,59.7,42.9,6254.4,28.3,,269.4,297.7,,4.307367613200307,4.759849066257355,0.9769122537733436
2018-08-01,66.7,169.5,59.0,43.5,6278.6,29.8,,272.0,301.8,,4.3321759627942535,4.806804064600389,1.0623387379352085
2018-09-01,63.6,176.1,60.0,43.8,6225.9,29.4,,279.9,309.29999999999995,,4.495735556305112,4.967956440032766,1.0215390545945164
2018-10-01,61.3,171.3,57.7,44.1,6200.3,31.1,,273.1,304.20000000000005,,4.404625582633099,4.906214215441189,0.9886618389432769
2018-11-01,47.3,169.9,56.3,43.9,6199.9,32.1,,270.09999999999997,302.2,,4.356521879385151,4.874272165680091,0.7629155308956596
2018-12-01,84.9,172.2,56.7,41.1,6270.1,34.6,,270.0,304.6,,4.30615141704279,4.857976746782348,1.3540453900256775
2019-01-01,90.9,163.3,55.9,40.7,6324.6,34.0,,259.90000000000003,293.90000000000003,,4.109350788982702,4.64693419346678,1.4372450431647852
2019-02-01,97.1,167.6,54.5,42.2,6374.5,34.7,,264.3,299.0,,4.146207545689858,4.690563965801239,1.5232567260177268
2019-03-01,99.5,170.0,55.6,40.2,6474.0,36.2,,265.8,302.0,,4.105653382761817,4.664813098548038,1.5369168983626815
2019-04-01,97.1,176.6,55.7,40.2,6433.9,35.4,,272.5,307.9,,4.235378230933027,4.785588834144143,1.509193490728796
2019-05-01,99.3,179.0,53.2,41.4,6539.4,34.4,,273.59999999999997,307.99999999999994,,4.183870079823837,4.709912224363091,1.5184879346729059
2019-06-01,98.6,179.6,51.5,44.4,6625.9,34.7,,275.5,310.2,,4.157925715751823,4.681628156175011,1.4880997298480205
2019-07-01,96.9,180.8,49.3,44.0,6800.2,34.9,,274.1,309.0,,4.0307638010646745,4.543984000470575,1.424958089467957
2019-08-01,101.0,183.8,49.3,44.1,7036.4,35.1,,277.20000000000005,312.30000000000007,,3.9395145244727425,4.438349155818317,1.4353930987436758
2019-09-01,99.2,181.5,37.3,44.1,6923.5,32.5,,262.90000000000003,295.40000000000003,,3.7972123925760095,4.266628150501915,1.4328013288076842
2019-10-01,100.3,178.9,38.4,43.8,6946.4,32.7,,261.1,293.8,,3.758781527121963,4.229528964643556,1.443913393988253
2019-11-01,96.0,179.7,39.9,43.0,6902.1,31.0,,262.6,293.6,,3.8046391677895133,4.253777835731155,1.3908810362063717
2019-12-01,90.1,179.8,40.7,43.3,6844.2,32.9,,263.8,296.7,,3.854358434879168,4.335057420881914,1.316443119721808
2020-01-01,97.7,182.9,39.8,41.9,7027.3,,,264.59999999999997,,,3.765315270445263,,1.3902921463435458
2020-02-01,103.3,184.4,37.3,43.6,7226.0,,,265.3,,,3.6714641572100746,,1.4295599225020759
2020-03-01,98.0,159.1,28.0,40.1,6949.5,,,227.2,,,3.269299949636664,,1.410173393769336
2020-04-01,93.2,125.3,26.3,44.5,6903.1,,,196.1,,,2.8407527053063113,,1.350118062899277
2020-05-01,87.6,123.5,27.9,43.6,6978.1,,,195.0,,,2.7944569438672415,,1.2553560424757453
2020-06-01,88.7,124.9,26.1,44.7,7052.1,,,195.7,,,2.775059911232115,,1.2577813700883425
2020-07-01,89.9,124.6,29.5,47.9,7096.2,,,202.0,,,2.846593951692455,,1.2668752289958007
2020-08-01,90.6,130.0,36.6,46.4,7082.0,,,213.0,,,3.0076249646992377,,1.2792996328720698
2020-09-01,90.5,131.2,33.1,46.6,7069.2,,,210.89999999999998,,,2.9833644542522486,,1.280201437220619
2020-10-01,82.9,134.2,29.1,47.1,7070.4,,,210.39999999999998,,,2.975786377008373,,1.1724937768725958
2020-11-01,89.0,137.6,36.8,46.1,7051.2,,,220.49999999999997,,,3.1271272974812794,,1.2621965055593374
2020-12-01,87.5,136.4,32.2,46.6,7070.7,,,215.20000000000002,,,3.043545900688758,,1.2375012375012375
2021-01-01,91.4,135.1,33.8,45.3,7128.0,,,214.2,,,3.005050505050505,,1.282267115600449
2021-02-01,97.5,132.9,50.6,44.8,7108.8,,,228.3,,,3.2115124915597573,,1.3715395003376096
2021-03-01,94.3,130.8,45.6,45.7,7038.3,,,222.10000000000002,,,3.1555915490956625,,1.339812170552548
2021-04-01,109.2,130.3,43.7,45.8,7078.6,,,219.8,,,3.1051337835165147,,1.5426779306642557
2021-05-01,113.5,127.3,57.3,45.9,7144.7,,,230.5,,,3.2261676487466238,,1.5885901437429142
2021-06-01,115.8,127.6,60.8,47.2,7518.9,,,235.59999999999997,,,3.1334370719121143,,1.540118900371065
2021-07-01,119.1,128.1,58.0,46.5,7567.3,,,232.6,,,3.0737515362150303,,1.5738770763680572
2021-08-01,119.9,124.1,58.7,46.8,7578.8,,,229.60000000000002,,,3.029503351454056,,1.582044650868211
2021-09-01,120.8,123.8,58.1,46.3,7570.9,,,228.2,,,3.0141726875272425,,1.5955830878759463
2021-10-01,105.0,116.5,53.0,46.0,7660.7,,,215.5,,,2.813058858851019,,1.3706319265863434
2021-11-01,100.2,116.5,48.6,46.3,7687.9,,,211.39999999999998,,,2.74977562143108,,1.3033468177265575
2021-12-01,98.3,119.0,44.9,46.4,7740.4,,,210.3,,,2.716913854581159,,1.2699602087747404
2022-01-01,115.8,119.4,44.9,50.6,7655.7,23.4,,214.9,238.3,,2.807058792794911,3.112713403085283,1.512598456052353
2022-02-01,120.1,116.7,46.5,50.6,7703.5,24.1,,213.79999999999998,237.89999999999998,,2.7753618485104172,3.0882066593107025,1.559031609008892
2022-03-01,116.7,115.5,45.8,46.8,7604.2,26.2,,208.10000000000002,234.3,,2.7366455379921626,3.0811919728571056,1.534678204150338
2022-04-01,115.6,115.7,41.9,46.1,7443.1,28.3,,203.7,232.0,,2.736762907928148,3.116980827880856,1.5531163090647713
2022-05-01,109.0,114.7,38.4,46.3,7410.8,32.9,,199.39999999999998,232.29999999999998,,2.690667674205214,3.1346143466292435,1.4708263615264208
2022-06-01,112.9,119.2,40.1,46.0,7416.9,32.0,,205.3,237.3,,2.7680028044061538,3.1994499049468113,1.5221993015950062
2022-07-01,112.5,121.6,41.6,49.5,7485.5,34.6,,212.7,247.29999999999998,,2.8414935542047957,3.3037205263509453,1.5029056175272193
2022-08-01,111.1,122.1,48.2,51.1,7492.7,35.6,,221.4,257.0,,2.9548760793839337,3.4300052050662644,1.4827765691940153
2022-09-01,99.6,121.0,47.9,50.2,7251.5,36.9,,219.10000000000002,256.0,,3.021443839205682,3.5303040750189614,1.3735089291870646
2022-10-01,95.7,120.7,53.9,50.3,7133.2,38.0,,224.89999999999998,262.9,,3.152862670330286,3.6855829080917397,1.3416138619413447
2022-11-01,97.7,121.5,59.5,50.8,7184.7,39.7,,231.8,271.5,,3.226300332651329,3.7788634180967886,1.35983409188971
2022-12-01,92.0,119.7,58.5,48.5,7194.7,40.8,,226.7,267.5,,3.1509305460964323,3.7180146496726763,1.2787190570836866
2023-01-01,104.4,111.0,64.9,43.3,7305.1,,,219.2,,,3.0006433861275,,1.4291385470424771
2023-02-01,116.6,111.7,65.2,39.1,7254.9,,,216.0,,,2.97729810197246,,1.6071896235647631
2023-03-01,119.1,116.2,61.5,39.3,7468.6,,,217.0,,,2.905497683635487,,1.5946763784377256
2023-04-01,122.8,113.3,70.2,41.4,7506.0,,,224.9,,,2.99626965094591,,1.6360245137223555
2023-05-01,122.0,111.3,69.0,41.4,7458.6,,,221.70000000000002,,,2.9724076904512913,,1.6356957069691362
2023-06-01,126.4,110.7,65.6,43.7,7563.2,,,220.0,,,2.9088216627882377,,1.6712502644383331
2023-07-01,127.5,109.2,64.9,42.5,7595.1,,,216.60000000000002,,,2.8518386854682625,,1.6787139076509854
2023-08-01,126.3,112.0,68.3,41.9,7620.5,,,222.20000000000002,,,2.9158191719703432,,1.6573715635456991
2023-09-01,121.6,117.1,64.4,40.8,7509.1,,,222.3,,,2.960408038246927,,1.6193684995538744
2023-10-01,121.2,117.5,64.0,39.6,7476.7,,,221.1,,,2.9571869942621745,,1.62103601856434
2023-11-01,113.6,128.1,62.8,43.1,7716.3,,,233.99999999999997,,,3.0325415030519802,,1.4722081826782265
2023-12-01,139.3,132.0,64.0,46.4,7940.0,,,242.4,,,3.052896725440806,,1.7544080604534007
2024-01-01,150.1,133.5,60.1,46.0,7953.8,,,239.6,,,3.0123965903090344,,1.8871482813246496
2024-02-01,141.3,131.1,68.9,46.7,7999.3,,,246.7,,,3.0840198517370268,,1.766404560399035
2024-03-01,151.9,135.9,70.9,46.3,8107.9,,,253.10000000000002,,,3.1216467889342496,,1.8734814193564302
2024-04-01,142.3,135.4,69.9,44.9,8036.2,,,250.20000000000002,,,3.1134118115527243,,1.7707374132052465
2024-05-01,146.1,136.3,70.8,46.2,8130.7,,,253.3,,,3.115352921642663,,1.7968932564231863
2024-06-01,157.1,140.2,70.1,46.4,8299.3,,,256.7,,,3.093031942452978,,1.892930729097635
2024-07-01,160.3,142.7,68.9,47.6,8428.2,,,259.2,,,3.0753897629387055,,1.9019482214470467
2024-08-01,166.0,142.8,79.2,47.4,8611.4,,,269.4,,,3.1284111758831314,,1.9276772650207865
2024-09-01,173.5,143.9,71.9,48.3,8766.3,,,264.1,,,3.012673533874041,,1.9791702314545478
2024-10-01,167.1,139.2,68.3,51.4,8693.5,,,258.9,,,2.978087076551446,,1.9221257261172138
2024-11-01,162.5,135.6,73.1,51.2,8723.3,,,259.9,,,2.9793770706040146,,1.8628271411048571
2024-12-01,157.6,137.5,77.1,50.3,8619.3,,,264.9,,,3.0733354216699733,,1.828454746905201
2025-01-01,173.1,126.9,92.6,49.2,8617.8,,,268.7,,,3.1179651419155703,,2.008633293880109
2025-02-01,161.8,126.4,119.9,50.0,8899.3,,,296.3,,,3.3294753519939775,,1.818120526333532
2025-03-01,200.1,131.6,104.3,52.7,9052.0,,,288.59999999999997,,,3.188245691559876,,2.210561201944322
2025-04-01,195.9,133.8,112.9,54.2,8998.7,,,300.90000000000003,,,3.343816329025304,,2.1769811194950384
2025-05-01,187.3,127.7,103.6,57.0,9021.7,,,288.3,,,3.1956283183878864,,2.076105390336633
2025-06-01,195.1,130.5,96.4,58.0,9093.6,,,284.9,,,3.1329726400985303,,2.1454649423770564
2025-07-01,208.0,131.6,107.7,58.1,9109.5,,,297.40000000000003,,,3.2647236401558817,,2.2833305889456064
2025-08-01,214.9,133.0,108.7,59.2,9248.2,,,300.9,,,3.253606107134361,,2.323695421811812
2025-09-01,215.9,134.2,103.3,59.4,9237.5,,,296.9,,,3.214073071718538,,2.337212449255751
2025-10-01,193.7,134.3,110.7,60.7,9230.5,,,305.7,,,3.3118465955257026,,2.0984778722712742
2025-11-01,218.9,148.8,103.5,64.8,9349.6,,,317.1,,,3.3915889449816037,,2.341276632155386
2025-12-01,208.1,149.5,95.7,66.1,9269.5,,,311.29999999999995,,,3.358325691784885,,2.244997033281191
