date,value
2023-04-19,9994.99
2023-04-20,10059.07
2023-04-21,10010.4
2023-04-24,9972.1
2023-04-25,10847.22
2023-04-26,10546.32
2023-04-27,10657.28
2023-04-28,10787.82
2023-05-01,10552.0
2023-05-02,10751.26
2023-05-03,10796.93
2023-05-04,10710.75
2023-05-05,10230.5
2023-05-08,10124.54
2023-05-09,10089.19
2023-05-10,9842.22
2023-05-11,9920.73
2023-05-12,9858.32
2023-05-15,9775.69
2023-05-16,9768.26
2023-05-17,10169.52
2023-05-18,10703.19
2023-05-19,10548.23
2023-05-22,10578.36
2023-05-23,10353.83
2023-05-24,10123.5
2023-05-25,10949.19
2023-05-26,11461.41
2023-05-30,11635.04
2023-05-31,11553.29
2023-06-01,12012.72
2023-06-02,12157.01
2023-06-05,12019.47
2023-06-06,12175.5
2023-06-07,11963.93
2023-06-08,12239.92
2023-06-09,12328.27
2023-06-12,13075.56
2023-06-13,12984.22
2023-06-14,12574.15
2023-06-15,12938.16
2023-06-16,12326.92
2023-06-20,12433.38
2023-06-21,12084.17
2023-06-22,12267.55
2023-06-23,11861.03
2023-06-26,11811.94
2023-06-27,12554.23
2023-06-28,12459.38
2023-06-29,12496.17
2023-06-30,12932.62
2023-07-03,13009.61
2023-07-05,12599.26
2023-07-06,12369.52
2023-07-07,12483.98
2023-07-10,12496.61
2023-07-11,12373.02
2023-07-12,12040.84
2023-07-13,12496.46
2023-07-14,12341.67
2023-07-17,12846.29
2023-07-18,12921.81
2023-07-19,13239.07
2023-07-20,13245.84
2023-07-21,13360.62
2023-07-24,13378.72
2023-07-25,13356.52
2023-07-26,12924.5
2023-07-27,13659.48
2023-07-28,14075.25
2023-07-31,14159.4
2023-08-01,14200.96
2023-08-02,13301.79
2023-08-03,13385.41
2023-08-04,13496.76
2023-08-07,13291.27
2023-08-08,13555.51
2023-08-09,13890.13
2023-08-10,13854.3
2023-08-11,14088.39
2023-08-14,13740.98
2023-08-15,14067.0
2023-08-16,14395.37
2023-08-17,14718.21
2023-08-18,14775.91
2023-08-21,15457.11
2023-08-22,15521.67
2023-08-23,14955.74
2023-08-24,14193.58
2023-08-25,13937.51
2023-08-28,13706.93
2023-08-29,13049.67
2023-08-30,13215.54
2023-08-31,13354.64
2023-09-01,13427.98
2023-09-05,13457.51
2023-09-06,13469.36
2023-09-07,13714.72
2023-09-08,13690.96
2023-09-11,13353.0
2023-09-12,13686.89
2023-09-13,13581.45
2023-09-14,13368.56
2023-09-15,13872.14
2023-09-18,13838.74
2023-09-19,13922.81
2023-09-20,14345.12
2023-09-21,13654.9
2023-09-22,13713.07
2023-09-25,13808.62
2023-09-26,14333.93
2023-09-27,14430.22
2023-09-28,14724.47
2023-09-29,14704.39
2023-10-02,14428.63
2023-10-03,13985.93
2023-10-04,14272.97
2023-10-05,15332.81
2023-10-06,15749.36
2023-10-09,15799.99
2023-10-10,16181.94
2023-10-11,16392.06
2023-10-12,16337.66
2023-10-13,15103.89
2023-10-16,15863.47
2023-10-17,15572.63
2023-10-18,16058.72
2023-10-19,16397.6
2023-10-20,16927.33
2023-10-23,16233.61
2023-10-24,17145.12
2023-10-25,18072.25
2023-10-26,17835.45
2023-10-27,17963.7
2023-10-30,18604.19
2023-10-31,18944.67
2023-11-01,18191.0
2023-11-02,18979.62
2023-11-03,19625.71
2023-11-06,19765.71
2023-11-07,19925.1
2023-11-08,20060.24
2023-11-09,19686.48
2023-11-10,20904.56
2023-11-13,20750.46
2023-11-14,21636.71
2023-11-15,21960.46
2023-11-16,22009.78
2023-11-17,21607.61
2023-11-20,21979.0
2023-11-21,21429.71
2023-11-22,21587.47
2023-11-24,21865.56
2023-11-27,21847.56
2023-11-28,21740.91
2023-11-29,22003.49
2023-11-30,21972.89
2023-12-01,21773.12
2023-12-04,21948.44
2023-12-05,21718.4
2023-12-06,21337.8
2023-12-07,22257.75
2023-12-08,22656.76
2023-12-11,23765.38
2023-12-12,24050.66
2023-12-13,23631.86
2023-12-14,23504.56
2023-12-15,24448.96
2023-12-18,24560.92
2023-12-19,25112.58
2023-12-20,26912.38
2023-12-21,27425.12
2023-12-22,27684.45
2023-12-26,28119.68
2023-12-27,28498.17
2023-12-28,28557.37
2023-12-29,28436.2
2024-01-02,27640.71
2024-01-03,26572.64
2024-01-04,26268.83
2024-01-05,26309.76
2024-01-08,25139.27
2024-01-09,25149.6
2024-01-10,25289.31
2024-01-11,25531.23
2024-01-12,25515.18
2024-01-16,25984.23
2024-01-17,25387.15
2024-01-18,26648.52
2024-01-19,28071.8
2024-01-22,28518.65
2024-01-23,28936.61
2024-01-24,29854.68
2024-01-25,30287.1
2024-01-26,30002.31
2024-01-29,30277.79
2024-01-30,29763.16
2024-01-31,31525.32
2024-02-01,31876.53
2024-02-02,32322.9
2024-02-05,33373.34
2024-02-06,33203.64
2024-02-07,34252.17
2024-02-08,34952.05
2024-02-09,35642.6
2024-02-12,35402.46
2024-02-13,35030.04
2024-02-14,34175.81
2024-02-15,34311.78
2024-02-16,34138.19
2024-02-20,34733.14
2024-02-21,35066.17
2024-02-22,32729.66
2024-02-23,32961.8
2024-02-26,32839.34
2024-02-27,32642.22
2024-02-28,32072.81
2024-02-29,33367.52
2024-03-01,33964.44
2024-03-04,34045.69
2024-03-05,32715.78
2024-03-06,32858.73
2024-03-07,33424.2
2024-03-08,34347.86
2024-03-11,34335.66
2024-03-12,35731.14
2024-03-13,35378.36
2024-03-14,36258.69
2024-03-15,37252.75
2024-03-18,36487.43
2024-03-19,36292.64
2024-03-20,35340.83
2024-03-21,34988.29
2024-03-22,35060.38
2024-03-25,34930.65
2024-03-26,35005.15
2024-03-27,35267.11
2024-03-28,35219.4
2024-04-01,35361.91
2024-04-02,36051.4
2024-04-03,35902.15
2024-04-04,37171.72
2024-04-05,36204.19
2024-04-08,36206.02
2024-04-09,35881.87
2024-04-10,36606.03
2024-04-11,35351.69
2024-04-12,36595.37
2024-04-15,37977.63
2024-04-16,38115.4
2024-04-17,39165.13
2024-04-18,38938.94
2024-04-19,37058.34
2024-04-22,38087.96
2024-04-23,39874.44
2024-04-24,39612.81
2024-04-25,40089.74
2024-04-26,38640.11
2024-04-29,38298.98
2024-04-30,39920.3
2024-05-01,40654.11
2024-05-02,39447.99
2024-05-03,41692.88
2024-05-06,43190.52
2024-05-07,42638.39
2024-05-08,42781.14
2024-05-09,42534.52
2024-05-10,43101.49
2024-05-13,43445.45
2024-05-14,44564.86
2024-05-15,47064.11
2024-05-16,46588.75
2024-05-17,45947.83
2024-05-20,47617.34
2024-05-21,47554.71
2024-05-22,48289.41
2024-05-23,47887.26
2024-05-24,48836.21
2024-05-28,48626.19
2024-05-29,47549.21
2024-05-30,46256.09
2024-05-31,46302.65
2024-06-03,46438.29
2024-06-04,46149.22
2024-06-05,49417.44
2024-06-06,49409.7
2024-06-07,49629.82
2024-06-10,50497.48
2024-06-11,51602.21
2024-06-12,53505.54
2024-06-13,53565.92
2024-06-14,55501.59
2024-06-17,55122.38
2024-06-18,54950.55
2024-06-20,57214.24
2024-06-21,56969.52
2024-06-24,55270.03
2024-06-25,57271.31
2024-06-26,57228.12
2024-06-27,56874.0
2024-06-28,57406.13
2024-07-01,58117.25
2024-07-02,59306.66
2024-07-03,61352.22
2024-07-05,61415.86
2024-07-08,60370.92
2024-07-09,60446.35
2024-07-10,60040.33
2024-07-11,60438.84
2024-07-12,60638.76
2024-07-15,60115.4
2024-07-16,60696.08
2024-07-17,63122.58
2024-07-18,65125.19
2024-07-19,66435.95
2024-07-22,64372.13
2024-07-23,64915.78
2024-07-24,70108.61
2024-07-25,68122.22
2024-07-26,70174.53
2024-07-29,69885.37
2024-07-30,72027.25
2024-07-31,78802.68
2024-08-01,79609.06
2024-08-02,82041.04
2024-08-05,78919.06
2024-08-06,81136.14
2024-08-07,77928.47
2024-08-08,84803.46
2024-08-09,88368.18
2024-08-12,89054.23
2024-08-13,95704.23
2024-08-14,97471.64
2024-08-15,103890.64
2024-08-16,103750.83
2024-08-19,106586.43
2024-08-20,103701.11
2024-08-21,104650.83
2024-08-22,110319.84
2024-08-23,102995.28
2024-08-26,102830.43
2024-08-27,100495.12
2024-08-28,106503.01
2024-08-29,107281.21
2024-08-30,111585.29
2024-09-03,137029.42
2024-09-04,141083.92
2024-09-05,134040.47
2024-09-06,133261.25
2024-09-09,129946.75
2024-09-10,130648.64
2024-09-11,130564.12
2024-09-12,130098.51
2024-09-13,130383.91
2024-09-16,131327.43
2024-09-17,130846.25
2024-09-18,129485.99
2024-09-19,137644.0
2024-09-20,135758.9
2024-09-23,136250.43
2024-09-24,137823.47
2024-09-25,138287.14
2024-09-26,143865.33
2024-09-27,139242.84
2024-09-30,138893.02
2024-10-01,131421.11
2024-10-02,129365.06
2024-10-03,127845.34
2024-10-04,131765.07
2024-10-07,145079.29
2024-10-08,149888.89
2024-10-09,153018.63
2024-10-10,151165.24
2024-10-11,152984.88
2024-10-14,158269.35
2024-10-15,147035.69
2024-10-16,147734.86
2024-10-17,149800.57
2024-10-18,151101.36
2024-10-21,150677.85
2024-10-22,150293.87
2024-10-23,145882.97
2024-10-24,147684.08
2024-10-25,146861.68
2024-10-28,149351.53
2024-10-29,153875.47
2024-10-30,146158.79
2024-10-31,135649.87
2024-11-01,133360.99
2024-11-04,134429.45
2024-11-05,130926.89
2024-11-06,139245.39
2024-11-07,144967.47
2024-11-08,143282.98
2024-11-11,138185.79
2024-11-12,137673.36
2024-11-13,134150.4
2024-11-14,133170.67
2024-11-15,132518.68
2024-11-18,130754.47
2024-11-19,132297.24
2024-11-20,130716.99
2024-11-21,133584.8
2024-11-22,135392.49
2024-11-25,136667.68
2024-11-26,135272.03
2024-11-27,131160.91
2024-11-29,134354.95
2024-12-02,139655.92
2024-12-03,139354.74
2024-12-04,144376.07
2024-12-05,141451.26
2024-12-06,143165.91
2024-12-09,146883.03
2024-12-10,146825.83
2024-12-11,144659.33
2024-12-12,145748.84
2024-12-13,150684.13
2024-12-16,155671.56
2024-12-17,159423.88
2024-12-18,188463.76
2024-12-19,186286.08
2024-12-20,190789.75
2024-12-23,186711.95
2024-12-24,181215.85
2024-12-26,181716.86
2024-12-27,187614.97
2024-12-30,193623.8
2024-12-31,197524.54
2025-01-02,198686.0
2025-01-03,191448.43
2025-01-06,186341.06
2025-01-07,178166.05
2025-01-08,178096.05
2025-01-10,184582.15
2025-01-13,185952.01
2025-01-14,186639.4
2025-01-15,177045.51
2025-01-16,175224.56
2025-01-17,177820.35
2025-01-21,182150.89
2025-01-22,185635.29
2025-01-23,187173.59
2025-01-24,184936.33
2025-01-27,158639.04
2025-01-28,164311.16
2025-01-29,163500.19
2025-01-30,167191.93
2025-01-31,165488.19
2025-02-03,159557.75
2025-02-04,159964.21
2025-02-05,155833.3
2025-02-06,156183.29
2025-02-07,151653.8
2025-02-10,155299.98
2025-02-11,155192.71
2025-02-12,155606.69
2025-02-13,158620.13
2025-02-14,159075.84
2025-02-18,162535.75
2025-02-19,165925.73
2025-02-20,165125.59
2025-02-21,155787.3
2025-02-24,152896.46
2025-02-25,154729.01
2025-02-26,151556.16
2025-02-27,150066.37
2025-02-28,153932.39
2025-03-03,154361.31
2025-03-04,153644.08
2025-03-05,158741.73
2025-03-06,168338.92
2025-03-07,173811.74
2025-03-10,188387.63
2025-03-11,186699.04
2025-03-12,194331.36
2025-03-13,186123.82
2025-03-14,199722.07
2025-03-17,196836.62
2025-03-18,204268.96
2025-03-19,198264.52
2025-03-20,198352.35
2025-03-21,197330.46
2025-03-24,188065.86
2025-03-25,185786.54
2025-03-26,193886.49
2025-03-27,196441.15
2025-03-28,208245.04
2025-03-31,208182.66
2025-04-01,204369.41
2025-04-02,218572.06
2025-04-03,219142.59
2025-04-04,183472.73
2025-04-07,185186.94
2025-04-08,177327.27
2025-04-09,228217.66
2025-04-10,193291.81
2025-04-11,198725.07
2025-04-14,209023.22
2025-04-15,210888.9
2025-04-16,195141.97
2025-04-17,196188.66
2025-04-21,187726.33
2025-04-22,196413.9
2025-04-23,208174.62
2025-04-24,224634.12
2025-04-25,230415.64
2025-04-28,229868.36
2025-04-29,227585.82
2025-04-30,227929.05
2025-05-01,228527.63
2025-05-02,239543.95
2025-05-05,235973.26
2025-05-06,230264.96
2025-05-07,236946.07
2025-05-08,242775.34
2025-05-09,246278.07
2025-05-12,278824.92
2025-05-13,288203.36
2025-05-14,295070.4
2025-05-15,289573.6
2025-05-16,289042.83
2025-05-19,292739.22
2025-05-20,289437.02
2025-05-21,276822.63
2025-05-22,274694.09
2025-05-23,262179.11
2025-05-27,249467.77
2025-05-28,247133.74
2025-05-29,247843.2
2025-05-30,241766.71
2025-06-02,246463.18
2025-06-03,245731.89
2025-06-04,249657.61
2025-06-05,247215.97
2025-06-06,252583.72
2025-06-09,260601.14
2025-06-10,267324.03
2025-06-11,269302.67
2025-06-12,270490.87
2025-06-13,254745.62
2025-06-16,270613.35
2025-06-17,262319.3
2025-06-18,265025.18
2025-06-20,262413.95
2025-06-23,267175.12
2025-06-24,284498.12
2025-06-25,288716.66
2025-06-26,291139.3
2025-06-27,290942.11
2025-06-30,294806.99
2025-07-01,293118.89
2025-07-02,297071.95
2025-07-03,301489.61
2025-07-07,304189.81
2025-07-08,313248.47
2025-07-09,318220.28
2025-07-10,322451.92
2025-07-11,320275.16
2025-07-14,319542.11
2025-07-15,325928.52
2025-07-16,324062.11
2025-07-17,325586.67
2025-07-18,327616.23
2025-07-21,328861.18
2025-07-22,323957.15
2025-07-23,322843.09
2025-07-24,321669.46
2025-07-25,322280.76
2025-07-28,311094.25
2025-07-29,312836.73
2025-07-30,314787.14
2025-07-31,302883.84
2025-08-01,290893.25
2025-08-04,302329.07
2025-08-05,299084.9
2025-08-06,300216.98
2025-08-07,304839.49
2025-08-08,311892.96
2025-08-11,310717.75
2025-08-12,326711.12
2025-08-13,332422.27
2025-08-14,331302.52
2025-08-15,329051.74
2025-08-18,330165.11
2025-08-19,331317.0
2025-08-20,335832.67
2025-08-21,339168.59
2025-08-22,328675.75
2025-08-25,328194.43
2025-08-26,328089.73
2025-08-27,328017.33
2025-08-28,329254.67
2025-08-29,312834.32
2025-09-02,318698.8
2025-09-03,313147.23
2025-09-04,314953.1
2025-09-05,318362.12
2025-09-08,311899.36
2025-09-09,310258.03
2025-09-10,307329.73
2025-09-11,310015.9
2025-09-12,310678.06
2025-09-15,316440.99
2025-09-16,322886.05
2025-09-17,309852.22
2025-09-18,309600.25
2025-09-19,309017.27
2025-09-22,315540.3
2025-09-23,319198.67
2025-09-24,318059.39
2025-09-25,315340.52
2025-09-26,320973.73
2025-09-29,321086.49
2025-09-30,324156.79
2025-10-01,328109.97
2025-10-02,328584.2
2025-10-03,327118.67
2025-10-06,331589.84
2025-10-07,326480.43
2025-10-08,340603.7
2025-10-09,339957.51
2025-10-10,299383.19
2025-10-13,300540.7
2025-10-14,301277.68
2025-10-15,300764.73
2025-10-16,302472.52
2025-10-17,302139.12
2025-10-20,302750.05
2025-10-21,303934.88
2025-10-22,299013.64
2025-10-23,309161.99
2025-10-24,316604.45
2025-10-27,330069.7
2025-10-28,327433.81
2025-10-29,332394.44
2025-10-30,325864.19
2025-10-31,325972.64
2025-11-03,329158.74
2025-11-04,309352.86
2025-11-05,324448.19
2025-11-06,312481.65
2025-11-07,311671.04
2025-11-10,327144.51
2025-11-11,315313.0
2025-11-12,315558.46
2025-11-13,294843.26
2025-11-14,294448.51
2025-11-17,282847.07
2025-11-18,290217.07
2025-11-19,286623.95
2025-11-20,301457.32
2025-11-21,303991.97
2025-11-24,286332.36
2025-11-25,287355.55
2025-11-26,288107.86
2025-11-28,286856.09
2025-12-01,283645.82
2025-12-02,293263.55
2025-12-03,301012.73
2025-12-04,303096.47
2025-12-05,308655.12
2025-12-08,314863.2
2025-12-09,315250.95
2025-12-10,321723.57
2025-12-11,321341.54
2025-12-12,318661.09
2025-12-15,322261.89
2025-12-16,320902.18
2025-12-17,334198.1
2025-12-18,323622.81
2025-12-19,314770.57
2025-12-22,311999.92
2025-12-23,308459.96
2025-12-24,310036.68
2025-12-26,309430.33
2025-12-29,310344.19
2025-12-30,308577.46
2025-12-31,306473.5
2026-01-02,308103.6
2026-01-05,302708.7
2026-01-06,296604.98
2026-01-07,297874.16
2026-01-08,293534.74
2026-01-09,286959.61
2026-01-12,286273.76
2026-01-13,286687.65
2026-01-14,287689.1
2026-01-15,277959.75
2026-01-16,279233.66
2026-01-20,313538.78
2026-01-21,282231.07
2026-01-22,273691.46
2026-01-23,274083.99
2026-01-26,273561.65
2026-01-27,278972.92
2026-01-28,278790.59
2026-01-29,279184.25
2026-01-30,277784.42
2026-02-02,285840.2
2026-02-03,298805.28
2026-02-04,304630.38
2026-02-05,324755.2
2026-02-06,302726.97
2026-02-09,290688.31
2026-02-10,296532.62
2026-02-11,296715.26
2026-02-12,317493.3
2026-02-13,322397.96
2026-02-17,309624.4
2026-02-18,308745.97
2026-02-19,308994.06
2026-02-20,308482.66
2026-02-23,309350.82
2026-02-24,309764.19
2026-02-25,309790.03
2026-02-26,310735.71
2026-02-27,312203.41
2026-03-02,309807.72
2026-03-03,309047.09
2026-03-04,298898.15
2026-03-05,297764.48
2026-03-06,307978.23
2026-03-09,298645.4
2026-03-10,296064.24
2026-03-11,296223.07
2026-03-12,307727.38
2026-03-13,311392.98
2026-03-16,319810.96
2026-03-17,316370.44
2026-03-18,326395.53
2026-03-19,328612.82
2026-03-20,341498.47
2026-03-23,351571.71
2026-03-24,345627.3
2026-03-25,340538.08
2026-03-26,358744.39
2026-03-27,373133.53
2026-03-30,356801.49
2026-03-31,393138.8
2026-04-01,382042.37
2026-04-02,381168.14
2026-04-06,380292.76
2026-04-07,380657.27
2026-04-08,380072.69
2026-04-09,385716.85
2026-04-10,385835.8
2026-04-13,399870.87
2026-04-14,408921.3
2026-04-15,416119.42
2026-04-16,421646.9
2026-04-17,415621.52
2026-04-20,421817.31
2026-04-21,430794.8
2026-04-22,426821.04
2026-04-23,423354.12
2026-04-24,435294.84
2026-04-27,420032.64
2026-04-28,409774.34
2026-04-29,407349.63
2026-04-30,406773.88
2026-05-01,412256.6
2026-05-04,411158.81
2026-05-05,431260.78
2026-05-06,421437.32
2026-05-07,415871.36
2026-05-08,418057.02
2026-05-11,426498.42
2026-05-12,414393.28
2026-05-13,421882.62
2026-05-14,410544.92
2026-05-15,412735.91
2026-05-18,404061.39
2026-05-19,401043.74
2026-05-20,425481.09
2026-05-21,434791.09
2026-05-22,450806.58
2026-05-26,485915.31
2026-05-27,473152.13
2026-05-28,485862.42
2026-05-29,496971.99
2026-06-01,513380.38
2026-06-02,502672.78
2026-06-03,501755.94
2026-06-04,483569.51
2026-06-05,522188.77
2026-06-08,566194.51
2026-06-09,544029.94
2026-06-10,505970.16
2026-06-11,469364.58
2026-06-12,481702.58
2026-06-15,530686.46
2026-06-16,478877.5
2026-06-17,482240.12
2026-06-18,533433.49
2026-06-22,537500.03
2026-06-23,502760.65
2026-06-24,497738.7
2026-06-25,521815.61
2026-06-26,480498.52
2026-06-29,511184.91
2026-06-30,552002.25
2026-07-01,496063.88
2026-07-02,450731.42
2026-07-06,470943.03
2026-07-07,475804.27
2026-07-08,473129.39
2026-07-09,455633.53
2026-07-10,452782.24
2026-07-13,472279.46
2026-07-14,460452.38
2026-07-15,462874.45
2026-07-16,480661.82
2026-07-17,498446.62
2026-07-20,497162.9
2026-07-21,475713.21
2026-07-22,481290.07
2026-07-23,501824.75
2026-07-24,514944.89
2026-07-27,519120.93
2026-07-28,530281.54
2026-07-29,554977.3
2026-07-30,622628.79
2026-07-31,613381.94
2026-08-03,588843.89
2026-08-04,665646.67
2026-08-05,657204.13
2026-08-06,655714.2
2026-08-07,680299.56
2026-08-10,655004.34
2026-08-11,658791.79
2026-08-12,686779.67
2026-08-13,700555.73
2026-08-14,696585.5
2026-08-17,709886.64
2026-08-18,648745.34
2026-08-19,653214.21
2026-08-20,648650.44
2026-08-21,645172.29
2026-08-24,659715.63
2026-08-25,650160.05
2026-08-26,649167.18
2026-08-27,647682.91
2026-08-28,612742.19
2026-08-31,610768.36
2026-09-01,608323.27
2026-09-02,606109.6
2026-09-03,589976.94
2026-09-04,590350.57
2026-09-08,590802.16
2026-09-09,587920.22
2026-09-10,602009.47
2026-09-11,591013.19
2026-09-14,602052.4
2026-09-15,611151.96
2026-09-16,611085.84
2026-09-17,587572.96
2026-09-18,584717.47
2026-09-21,587181.32
2026-09-22,608208.09
2026-09-23,595818.33
2026-09-24,594240.65
2026-09-25,606111.73
2026-09-28,589196.77
2026-09-29,597191.14
2026-09-30,600188.59
2026-10-01,605107.41
2026-10-02,626348.2
2026-10-05,628762.67
