sleeve,usd,dollar_share,risk_share
Other venture (7 marked names + 4 at $0),1548000.0,0.21019843424707144,0.6874509005123464
"Private credit (film, Gary, Spirit)",1532000.0,0.2080258406114428,0.08506756230975428
Real estate,1500000.0,0.2036806533401855,0.07272122220372292
Venezuela bond + Argentina warrants,410000.0,0.055672711912984035,0.0422903485556256
BTC,281485.12,0.03822204876476035,0.0384261991305703
Composer HG symphony + KMLM switcher,184300.0,0.025025562940397462,0.020912541334897068
"Equity ETFs (SPY, B.5 factor funds)",274481.64,0.03727106651005707,0.020567760129555298
Single stocks,139774.03999999998,0.018979511858131484,0.01774832722787086
Gold and silver,247859.8,0.03365616400051181,0.016427983767830397
"Cash, BOXX, T-bills, USDC, 16% Dominion loan",1066740.1,0.14484954700811656,0.0007086869645642108
Composer VIX Harvester,37400.0,0.005078437623281959,0.00031543045144822213
ETH carry,30110.0,0.004088549648048657,4.236690308305963e-05
KMLM trend,34419.0,0.004673656271543897,-0.00015512822262728096
Composer Crash Convexity,77900.0,0.010577815263466968,-0.002524201268641331
