ts_open_unix,open,high,low,close,volume
1788134400,11.134,11.243,11.032,11.159,90785.1
1788148800,11.16,11.316,11.093,11.269,90362.3
1788163200,11.265,11.356,11.206,11.248,55975.2
1788177600,11.243,11.392,11.161,11.381,111455.4
1788192000,11.375,11.499,11.285,11.406,63913.3
1788206400,11.393,11.436,11.28,11.321,62333.4
1788220800,11.319,11.487,11.294,11.429,66736.8
1788235200,11.432,11.521,11.403,11.471,64227.1
1788249600,11.471,11.492,11.292,11.463,191067.2
1788264000,11.465,11.54,11.321,11.437,475135.3
1788278400,11.437,11.455,11.061,11.218,250847.2
1788292800,11.224,11.269,11.075,11.232,355137.6
1788307200,11.232,11.29,11.069,11.208,90964.4
1788321600,11.196,11.303,11.153,11.21,142204.0
1788336000,11.213,11.235,10.91,11.025,226321.4
1788350400,11.025,11.211,10.956,11.081,102818.9
1788364800,11.071,11.178,11.028,11.12,57158.7
1788379200,11.121,11.174,11.028,11.119,74393.3
1788393600,11.117,11.227,11.001,11.19,57010.1
1788408000,11.198,11.282,11.1,11.18,49075.9
1788422400,11.181,11.325,11.129,11.273,56584.6
1788436800,11.275,11.872,11.257,11.793,517305.5
1788451200,11.794,11.884,11.639,11.868,354118.1
1788465600,11.872,11.971,11.787,11.843,515849.0
1788480000,11.84,11.955,11.766,11.896,71895.4
1788494400,11.889,12.007,11.817,11.929,94910.9
1788508800,11.931,12.172,11.895,12.045,157302.2
1788523200,12.049,12.072,11.436,11.668,420235.4
1788537600,11.657,11.736,11.583,11.721,115689.5
1788552000,11.721,11.728,11.604,11.64,45442.3
1788566400,11.64,11.71,11.611,11.671,43790.5
1788580800,11.679,11.783,11.619,11.748,73198.3
1788595200,11.747,11.879,11.725,11.734,78987.0
1788609600,11.736,11.971,11.736,11.956,94704.6
1788624000,11.957,12.252,11.906,12.012,143452.0
1788638400,12.026,12.114,11.966,12.059,114162.5
1788652800,12.057,12.47,12.051,12.229,170583.5
1788667200,12.23,12.343,12.131,12.217,82327.4
1788681600,12.217,12.33,12.178,12.288,118074.6
1788696000,12.287,12.425,12.082,12.226,486511.8
1788710400,12.231,12.44,12.211,12.393,113413.9
1788724800,12.395,13.377,12.35,13.252,1192596.8999999999
1788739200,13.247,13.339,12.949,13.043,293063.5
1788753600,13.045,13.696,13.028,13.195,437942.7
1788768000,13.201,13.531,13.146,13.183,285999.0
1788782400,13.179,13.337,12.85,12.871,211259.7
1788796800,12.869,12.975,12.702,12.838,225435.4
1788811200,12.836,12.837,12.607,12.746,457709.8
1788825600,12.744,12.805,12.558,12.66,116448.1
1788840000,12.651,12.726,12.569,12.674,95163.8
1788854400,12.669,12.782,12.467,12.496,112987.6
1788868800,12.484,12.711,12.282,12.692,365401.1
1788883200,12.686,12.784,12.532,12.562,232223.6
1788897600,12.566,12.617,12.436,12.515,67342.1
1788912000,12.515,12.564,12.373,12.398,41678.9
1788926400,12.397,12.633,12.397,12.485,69326.6
1788940800,12.486,12.506,11.966,12.11,422049.0
1788955200,12.111,12.228,11.814,11.993,405163.8
1788969600,11.996,12.049,11.852,11.862,149465.5
1788984000,11.866,11.892,11.601,11.804,180465.1
1788998400,11.8,11.874,11.655,11.805,62409.2
1789012800,11.81,11.89,11.734,11.78,50451.7
1789027200,11.78,11.879,11.742,11.814,127159.6
1789041600,11.812,11.84,11.498,11.633,259017.2
1789056000,11.629,11.728,11.485,11.613,58477.2
1789070400,11.612,11.643,11.428,11.448,71782.9
1789084800,11.448,11.528,11.391,11.489,270434.5
1789099200,11.491,11.593,11.469,11.469,33552.9
1789113600,11.469,11.536,11.3,11.396,224343.4
1789128000,11.394,12.197,11.267,11.704,1736234.5
1789142400,11.699,11.809,11.503,11.61,725955.5
1789156800,11.607,11.642,11.461,11.544,81648.9
1789171200,11.542,11.567,11.448,11.478,25737.1
1789185600,11.476,11.578,11.475,11.567,45252.9
1789200000,11.565,11.576,11.512,11.567,35074.2
1789214400,11.567,11.62,11.522,11.582,63825.3
1789228800,11.585,11.6,11.456,11.473,47716.8
1789243200,11.472,11.535,11.463,11.502,19464.0
1789257600,11.499,11.525,11.462,11.483,13786.2
1789272000,11.475,11.556,11.416,11.426,27407.4
1789286400,11.426,11.444,11.249,11.287,311098.5
1789300800,11.286,11.336,11.186,11.249,367837.2
1789315200,11.249,11.49,11.249,11.407,163793.7
1789329600,11.414,11.474,11.151,11.198,201565.8
1789344000,11.207,11.458,11.124,11.374,198076.6
1789358400,11.374,11.462,11.357,11.405,60230.9
1789372800,11.406,11.483,11.314,11.389,58061.3
1789387200,11.39,11.489,11.246,11.465,103588.2
1789401600,11.46,11.767,11.441,11.74,182771.0
1789416000,11.745,11.963,11.499,11.513,230159.1
1789430400,11.509,11.624,11.454,11.497,78702.7
1789444800,11.5,11.509,11.323,11.336,83665.7
1789459200,11.333,11.421,11.297,11.377,92093.1
1789473600,11.381,11.492,11.042,11.269,167333.4
1789488000,11.273,11.403,10.8,11.091,453657.6
1789502400,11.1,11.115,10.812,10.879,388855.1
1789516800,10.882,10.932,10.76,10.823,109444.2
1789531200,10.823,10.901,10.744,10.752,66632.3
1789545600,10.749,10.9,10.671,10.868,94576.7
1789560000,10.871,10.873,10.623,10.68,115815.5
1789574400,10.675,10.953,10.614,10.929,332507.0
1789588800,10.928,11.071,10.851,11.047,51274.1
1789603200,11.052,11.179,10.98,11.131,48531.3
1789617600,11.13,11.236,11.046,11.177,42069.2
1789632000,11.179,11.236,11.1,11.183,61263.7
1789646400,11.178,11.429,11.15,11.366,259495.0
1789660800,11.377,11.43,11.277,11.319,167890.9
1789675200,11.318,11.411,11.252,11.382,123264.9
1789689600,11.39,11.795,11.342,11.766,137063.4
1789704000,11.768,11.862,11.66,11.832,111984.9
1789718400,11.832,11.973,11.736,11.837,118699.2
1789732800,11.842,12.253,11.781,12.147,191681.9
1789747200,12.155,12.39,12.09,12.389,176927.7
1789761600,12.383,12.43,12.232,12.234,84506.5
1789776000,12.235,12.499,12.22,12.416,79424.5
1789790400,12.41,12.465,12.273,12.305,58588.8
1789804800,12.312,12.627,12.3,12.538,107536.2
1789819200,12.538,12.659,12.447,12.574,117956.6
1789833600,12.581,12.702,12.469,12.507,140536.3
1789848000,12.513,12.55,12.306,12.432,103551.1
1789862400,12.432,12.459,11.932,12.081,176715.9
1789876800,12.082,12.092,11.945,11.982,67276.7
1789891200,11.98,12.094,11.918,12.074,76044.3
1789905600,12.073,12.386,12.029,12.382,190715.7
1789920000,12.382,12.624,12.328,12.541,155180.2
1789934400,12.552,12.584,12.352,12.536,141067.7
1789948800,12.53,12.82,12.471,12.699,538199.5
1789963200,12.69,12.717,12.488,12.575,96127.4
1789977600,12.571,13.148,12.571,13.05,403946.3
1789992000,13.054,13.177,12.882,13.03,268255.3
1790006400,13.029,13.087,12.751,13.043,239199.7
1790020800,13.041,13.29,13.033,13.197,335801.9
1790035200,13.191,13.259,12.876,13.012,761472.8
1790049600,13.007,13.068,12.82,12.908,129939.3
1790064000,12.908,13.08,12.821,12.944,205555.3
1790078400,12.948,13.293,12.76,13.051,398925.6
1790092800,13.05,13.118,12.9,13.003,81681.2
1790107200,13.011,13.143,12.843,13.064,270260.4
1790121600,13.05,13.23,12.94,13.162,143177.3
1790136000,13.168,13.222,12.903,12.93,216411.8
1790150400,12.931,13.021,12.68,12.766,277061.8
1790164800,12.77,12.779,12.093,12.18,685414.1
1790179200,12.18,12.319,12.054,12.287,174047.0
1790193600,12.29,12.382,12.204,12.351,72189.2
1790208000,12.347,12.403,12.173,12.287,52476.5
1790222400,12.288,12.501,12.259,12.475,66545.3
1790236800,12.48,12.49,12.088,12.21,91724.2
1790251200,12.199,12.795,12.184,12.795,188628.9
1790265600,12.796,13.54,12.692,13.287,1218244.7
1790280000,13.268,13.308,13.109,13.23,169568.0
1790294400,13.227,13.506,13.22,13.425,821714.3
1790308800,13.424,13.568,13.308,13.518,198107.8
1790323200,13.518,14.172,13.501,14.087,815209.6
1790337600,14.091,14.227,13.679,13.834,830290.6
1790352000,13.842,13.964,13.621,13.876,579372.0
1790366400,13.882,13.955,13.701,13.936,178252.8
1790380800,13.932,14.136,13.832,14.037,473888.6
1790395200,14.037,14.2,13.964,14.095,106219.9
1790409600,14.093,14.365,13.941,14.287,191387.4
1790424000,14.284,14.5,14.165,14.265,317456.4
1790438400,14.258,14.384,14.123,14.135,144377.4
1790452800,14.132,14.168,13.879,14.155,166805.0
1790467200,14.148,14.349,14.043,14.111,139349.1
1790481600,14.108,14.498,13.978,14.462,438470.2
1790496000,14.459,14.459,14.257,14.289,77016.9
1790510400,14.298,14.384,13.969,14.119,306758.8
1790524800,14.116,14.186,14.055,14.076,84286.5
1790539200,14.077,14.128,13.9,14.023,317781.6
1790553600,14.02,14.195,13.883,13.888,481913.5
1790568000,13.89,13.99,13.649,13.669,310801.8
1790582400,13.669,14.114,13.536,14.087,256216.4
1790596800,14.069,15.018,14.044,14.432,2468327.8999999999
1790611200,14.43,15.481,14.393,15.233,942156.0
