signal_bar,entry_ts,side,entry_price,stop_price,atr_at_entry,exit_ts,exit_price,exit_reason,bars_held,ret_pct
2024-07-25 04:00:00+00:00,2024-07-25 08:00:00+00:00,L,64075.0,61733.79,936.49,2024-07-26 08:00:00+00:00,67065.0,SIGNAL,6,4.6064
2024-07-30 16:00:00+00:00,2024-07-30 20:00:00+00:00,L,66194.0,63692.36,1000.65,2024-08-01 08:00:00+00:00,63692.36,STOP,9,-3.8393
2024-08-01 08:00:00+00:00,2024-08-01 12:00:00+00:00,L,64302.0,61915.23,954.71,2024-08-03 00:00:00+00:00,61915.23,STOP,9,-3.7718
2024-08-09 00:00:00+00:00,2024-08-09 04:00:00+00:00,S,61699.0,65931.8,1693.12,2024-08-15 00:00:00+00:00,58895.0,SIGNAL,35,4.701
2024-08-20 04:00:00+00:00,2024-08-20 08:00:00+00:00,S,60661.0,62847.17,874.47,2024-08-20 20:00:00+00:00,58830.0,SIGNAL,3,3.0524
2024-08-21 20:00:00+00:00,2024-08-22 00:00:00+00:00,S,61602.0,64141.86,1015.94,2024-08-24 00:00:00+00:00,64141.86,STOP,12,-4.0198
2024-09-09 20:00:00+00:00,2024-09-10 00:00:00+00:00,S,57103.0,59365.87,905.15,2024-09-13 12:00:00+00:00,59365.87,STOP,21,-3.8717
2024-09-30 08:00:00+00:00,2024-09-30 12:00:00+00:00,L,63828.0,62270.14,623.14,2024-10-01 12:00:00+00:00,62270.14,STOP,6,-2.5007
2024-10-01 12:00:00+00:00,2024-10-01 16:00:00+00:00,L,62627.0,60650.6,790.56,2024-10-01 20:00:00+00:00,60650.6,STOP,1,-3.2158
2024-10-01 20:00:00+00:00,2024-10-02 00:00:00+00:00,L,60807.0,58634.41,869.03,2024-10-07 00:00:00+00:00,62831.0,SIGNAL,30,3.2686
2024-10-23 08:00:00+00:00,2024-10-23 12:00:00+00:00,L,66349.0,64583.51,706.2,2024-10-24 20:00:00+00:00,68243.0,SIGNAL,8,2.7946
2024-10-25 16:00:00+00:00,2024-10-25 20:00:00+00:00,L,66697.0,64379.82,926.87,2024-10-27 16:00:00+00:00,67728.0,SIGNAL,11,1.4858
2024-11-03 00:00:00+00:00,2024-11-03 04:00:00+00:00,L,68365.0,66225.12,855.95,2024-11-06 04:00:00+00:00,74351.0,SIGNAL,18,8.6959
2024-11-25 16:00:00+00:00,2024-11-25 20:00:00+00:00,L,94670.0,90846.16,1529.54,2024-11-26 20:00:00+00:00,90846.16,STOP,6,-4.0991
2024-11-26 20:00:00+00:00,2024-11-27 00:00:00+00:00,L,91928.0,87678.13,1699.95,2024-11-27 20:00:00+00:00,96774.0,SIGNAL,5,5.2115
2024-12-02 08:00:00+00:00,2024-12-02 12:00:00+00:00,L,95143.0,92148.4,1197.84,2024-12-02 20:00:00+00:00,95827.0,SIGNAL,2,0.6589
2024-12-09 16:00:00+00:00,2024-12-09 20:00:00+00:00,L,96986.0,92621.7,1745.72,2024-12-11 16:00:00+00:00,100497.0,SIGNAL,11,3.5601
2024-12-18 20:00:00+00:00,2024-12-19 00:00:00+00:00,L,100153.0,95882.52,1708.19,2024-12-19 20:00:00+00:00,95882.52,STOP,5,-4.324
2025-01-02 12:00:00+00:00,2025-01-02 16:00:00+00:00,S,96363.0,99458.39,1238.16,2025-01-06 04:00:00+00:00,99458.39,STOP,21,-3.1722
2025-01-14 08:00:00+00:00,2025-01-14 12:00:00+00:00,S,96500.0,100314.65,1525.86,2025-01-15 20:00:00+00:00,100314.65,STOP,8,-3.8627
2025-01-26 20:00:00+00:00,2025-01-27 00:00:00+00:00,L,102573.0,99014.53,1423.39,2025-01-27 04:00:00+00:00,99014.53,STOP,1,-3.5292
2025-01-27 04:00:00+00:00,2025-01-27 08:00:00+00:00,L,99025.0,95131.54,1557.38,2025-01-30 00:00:00+00:00,103768.0,SIGNAL,16,4.7297
2025-01-31 16:00:00+00:00,2025-01-31 20:00:00+00:00,L,102271.0,98453.16,1527.14,2025-02-02 12:00:00+00:00,98453.16,STOP,10,-3.7931
2025-02-11 04:00:00+00:00,2025-02-11 08:00:00+00:00,S,98290.0,100859.71,1027.89,2025-02-11 16:00:00+00:00,97041.0,SIGNAL,2,1.2271
2025-02-12 20:00:00+00:00,2025-02-13 00:00:00+00:00,S,97882.0,101033.83,1260.73,2025-02-13 08:00:00+00:00,96081.0,SIGNAL,2,1.8145
2025-02-14 16:00:00+00:00,2025-02-14 20:00:00+00:00,S,97990.0,101062.27,1228.91,2025-02-17 00:00:00+00:00,96066.0,SIGNAL,13,1.9428
2025-02-20 16:00:00+00:00,2025-02-20 20:00:00+00:00,S,98459.0,100907.38,979.35,2025-02-21 20:00:00+00:00,95236.0,SIGNAL,6,3.3242
2025-03-02 16:00:00+00:00,2025-03-02 20:00:00+00:00,S,93533.0,98908.52,2150.21,2025-03-03 20:00:00+00:00,85537.0,SIGNAL,6,9.288
2025-03-05 08:00:00+00:00,2025-03-05 12:00:00+00:00,S,89829.0,96333.18,2601.67,2025-03-08 00:00:00+00:00,86754.0,SIGNAL,15,3.4845
2025-03-19 12:00:00+00:00,2025-03-19 16:00:00+00:00,S,84753.0,87742.62,1195.85,2025-03-21 16:00:00+00:00,83519.0,SIGNAL,12,1.4175
2025-03-23 12:00:00+00:00,2025-03-23 16:00:00+00:00,S,85170.0,87031.65,744.66,2025-03-24 04:00:00+00:00,87031.65,STOP,3,-2.199
2025-03-24 04:00:00+00:00,2025-03-24 08:00:00+00:00,S,86882.0,88898.99,806.8,2025-03-28 08:00:00+00:00,85167.0,SIGNAL,24,1.9537
2025-04-09 20:00:00+00:00,2025-04-10 00:00:00+00:00,S,82595.0,87925.35,2132.14,2025-04-10 16:00:00+00:00,78696.0,SIGNAL,4,4.8945
2025-04-11 08:00:00+00:00,2025-04-11 12:00:00+00:00,S,82077.0,86821.48,1897.79,2025-04-20 12:00:00+00:00,84124.0,SIGNAL,54,-2.4933
2025-05-04 20:00:00+00:00,2025-05-05 00:00:00+00:00,L,94316.0,92284.72,812.51,2025-05-07 00:00:00+00:00,96815.0,SIGNAL,12,2.5896
2025-05-28 12:00:00+00:00,2025-05-28 16:00:00+00:00,L,107169.0,104174.68,1197.73,2025-05-30 16:00:00+00:00,104174.68,STOP,12,-2.854
2025-05-30 16:00:00+00:00,2025-05-30 20:00:00+00:00,L,104632.0,101339.98,1316.81,2025-06-03 16:00:00+00:00,106698.0,SIGNAL,23,1.9145
2025-06-05 12:00:00+00:00,2025-06-05 16:00:00+00:00,L,104567.0,101815.99,1100.4,2025-06-05 20:00:00+00:00,101815.99,STOP,1,-2.6909
2025-06-23 20:00:00+00:00,2025-06-24 00:00:00+00:00,S,105464.0,109411.05,1578.82,2025-07-01 12:00:00+00:00,106623.0,SIGNAL,45,-1.147
2025-07-01 12:00:00+00:00,2025-07-01 16:00:00+00:00,L,105984.0,103976.01,803.2,2025-07-02 08:00:00+00:00,107125.0,SIGNAL,4,1.0166
2025-07-20 20:00:00+00:00,2025-07-21 00:00:00+00:00,L,117339.0,114507.91,1132.44,2025-07-21 08:00:00+00:00,119388.0,SIGNAL,2,1.6862
2025-07-21 16:00:00+00:00,2025-07-21 20:00:00+00:00,L,116802.0,113767.27,1213.89,2025-07-22 12:00:00+00:00,119225.0,SIGNAL,4,2.0145
2025-07-25 00:00:00+00:00,2025-07-25 04:00:00+00:00,L,115400.0,111943.13,1382.75,2025-07-26 16:00:00+00:00,118167.0,SIGNAL,9,2.3377
2025-07-29 12:00:00+00:00,2025-07-29 16:00:00+00:00,L,117397.0,114882.4,1005.84,2025-07-31 04:00:00+00:00,118455.0,SIGNAL,9,0.8412
2025-07-31 16:00:00+00:00,2025-07-31 20:00:00+00:00,L,116767.0,114032.57,1093.77,2025-08-01 12:00:00+00:00,114032.57,STOP,4,-2.4018
2025-08-01 12:00:00+00:00,2025-08-01 16:00:00+00:00,L,115320.0,112046.24,1309.5,2025-08-02 16:00:00+00:00,112046.24,STOP,6,-2.8988
2025-08-22 16:00:00+00:00,2025-08-22 20:00:00+00:00,S,116658.0,119905.74,1299.1,2025-08-23 04:00:00+00:00,115515.0,SIGNAL,2,0.9295
2025-09-02 12:00:00+00:00,2025-09-02 16:00:00+00:00,S,110844.0,114001.09,1262.84,2025-09-04 16:00:00+00:00,109522.0,SIGNAL,12,1.1471
2025-09-05 04:00:00+00:00,2025-09-05 08:00:00+00:00,S,112978.0,115927.92,1179.97,2025-09-09 16:00:00+00:00,110885.0,SIGNAL,26,1.8275
2025-09-10 16:00:00+00:00,2025-09-10 20:00:00+00:00,S,113621.0,115986.3,946.12,2025-09-12 00:00:00+00:00,115986.3,STOP,7,-2.0993
2025-09-19 16:00:00+00:00,2025-09-19 20:00:00+00:00,L,115160.0,112984.0,870.4,2025-09-22 04:00:00+00:00,112984.0,STOP,14,-1.9495
2025-09-29 08:00:00+00:00,2025-09-29 12:00:00+00:00,S,112150.0,114258.4,843.36,2025-09-29 16:00:00+00:00,114258.4,STOP,1,-1.9053
2025-10-09 12:00:00+00:00,2025-10-09 16:00:00+00:00,L,121202.0,117470.12,1492.75,2025-10-10 16:00:00+00:00,117470.12,STOP,6,-3.1391
2025-10-10 16:00:00+00:00,2025-10-10 20:00:00+00:00,L,116684.0,111445.72,2095.31,2025-10-11 00:00:00+00:00,111445.72,STOP,1,-4.5493
2025-10-20 12:00:00+00:00,2025-10-20 16:00:00+00:00,S,111182.0,114683.32,1400.53,2025-10-21 04:00:00+00:00,109108.0,SIGNAL,3,1.8409
2025-10-21 12:00:00+00:00,2025-10-21 16:00:00+00:00,S,113420.0,117810.24,1756.1,2025-10-22 00:00:00+00:00,108324.0,SIGNAL,2,4.6444
2025-10-26 08:00:00+00:00,2025-10-26 12:00:00+00:00,S,113279.0,115887.65,1043.46,2025-10-27 04:00:00+00:00,115887.65,STOP,4,-2.311
2025-10-28 00:00:00+00:00,2025-10-28 04:00:00+00:00,S,113905.0,116555.63,1060.25,2025-10-29 16:00:00+00:00,111508.0,SIGNAL,9,2.0896
2025-11-10 00:00:00+00:00,2025-11-10 04:00:00+00:00,S,106031.0,109329.97,1319.59,2025-11-11 16:00:00+00:00,103448.0,SIGNAL,9,2.4369
2025-11-26 16:00:00+00:00,2025-11-26 20:00:00+00:00,S,89943.0,93802.96,1543.98,2025-12-01 04:00:00+00:00,86342.0,SIGNAL,26,4.1106
2025-12-02 12:00:00+00:00,2025-12-02 16:00:00+00:00,S,90866.0,94596.53,1492.21,2025-12-05 16:00:00+00:00,90480.0,SIGNAL,18,0.3666
2025-12-07 16:00:00+00:00,2025-12-07 20:00:00+00:00,S,91426.0,94601.23,1270.09,2025-12-08 16:00:00+00:00,89936.0,SIGNAL,5,1.5967
2025-12-09 12:00:00+00:00,2025-12-09 16:00:00+00:00,S,92704.0,96135.54,1372.62,2025-12-11 04:00:00+00:00,89895.0,SIGNAL,9,3.0648
2025-12-11 20:00:00+00:00,2025-12-12 00:00:00+00:00,S,92531.0,96251.89,1488.36,2025-12-12 16:00:00+00:00,89921.0,SIGNAL,4,2.8425
2025-12-22 00:00:00+00:00,2025-12-22 04:00:00+00:00,S,88742.0,91180.99,975.6,2025-12-23 08:00:00+00:00,87497.0,SIGNAL,7,1.3629
2025-12-26 00:00:00+00:00,2025-12-26 04:00:00+00:00,S,88749.0,91253.3,1001.72,2025-12-26 16:00:00+00:00,87053.0,SIGNAL,3,1.8882
2025-12-30 12:00:00+00:00,2025-12-30 16:00:00+00:00,S,88913.0,91090.11,870.84,2025-12-31 20:00:00+00:00,87387.0,SIGNAL,7,1.6863
2026-01-09 16:00:00+00:00,2026-01-09 20:00:00+00:00,L,90225.0,87449.67,1110.13,2026-01-12 04:00:00+00:00,91677.0,SIGNAL,14,1.5493
2026-01-19 00:00:00+00:00,2026-01-19 04:00:00+00:00,L,92651.0,90686.43,785.83,2026-01-20 08:00:00+00:00,90686.43,STOP,7,-2.1804
2026-01-20 08:00:00+00:00,2026-01-20 12:00:00+00:00,L,91130.0,88958.07,868.77,2026-01-20 20:00:00+00:00,88958.07,STOP,2,-2.4433
2026-02-14 12:00:00+00:00,2026-02-14 16:00:00+00:00,S,69766.0,72780.43,1205.77,2026-02-15 20:00:00+00:00,68249.0,SIGNAL,7,2.1627
2026-02-25 12:00:00+00:00,2026-02-25 16:00:00+00:00,S,67419.0,70487.89,1227.55,2026-02-27 12:00:00+00:00,66123.0,SIGNAL,11,1.9
2026-03-01 00:00:00+00:00,2026-03-01 04:00:00+00:00,S,67513.0,70814.18,1320.47,2026-03-01 20:00:00+00:00,65969.0,SIGNAL,4,2.2805
2026-03-02 12:00:00+00:00,2026-03-02 16:00:00+00:00,S,69121.0,72911.46,1516.18,2026-03-04 12:00:00+00:00,72911.46,STOP,11,-5.2587
2026-03-18 16:00:00+00:00,2026-03-18 20:00:00+00:00,L,71071.0,68245.54,1130.18,2026-03-22 00:00:00+00:00,68245.54,STOP,19,-4.0355
2026-03-22 00:00:00+00:00,2026-03-22 04:00:00+00:00,L,69337.0,66953.14,953.54,2026-03-24 08:00:00+00:00,71278.0,SIGNAL,13,2.7394
2026-03-24 16:00:00+00:00,2026-03-24 20:00:00+00:00,L,69330.0,66391.2,1175.52,2026-03-25 08:00:00+00:00,70900.0,SIGNAL,3,2.2045
2026-04-01 12:00:00+00:00,2026-04-01 16:00:00+00:00,S,68909.0,71448.27,1015.71,2026-04-02 04:00:00+00:00,66570.0,SIGNAL,3,3.4536
2026-04-05 20:00:00+00:00,2026-04-06 00:00:00+00:00,S,68999.0,70768.56,707.82,2026-04-07 20:00:00+00:00,70768.56,STOP,11,-2.5605
2026-04-19 20:00:00+00:00,2026-04-20 00:00:00+00:00,L,73825.0,71525.54,919.78,2026-04-20 08:00:00+00:00,74867.0,SIGNAL,2,1.3514
2026-04-28 00:00:00+00:00,2026-04-28 04:00:00+00:00,L,76815.0,74857.63,782.95,2026-04-29 12:00:00+00:00,77587.0,SIGNAL,8,0.945
2026-04-29 12:00:00+00:00,2026-04-29 16:00:00+00:00,L,75883.0,73724.42,863.43,2026-05-01 12:00:00+00:00,77451.0,SIGNAL,11,2.0063
2026-05-12 12:00:00+00:00,2026-05-12 16:00:00+00:00,L,80319.0,78432.86,754.46,2026-05-13 04:00:00+00:00,81245.0,SIGNAL,3,1.0929
2026-05-13 12:00:00+00:00,2026-05-13 16:00:00+00:00,L,78788.0,76734.47,821.41,2026-05-14 16:00:00+00:00,81312.0,SIGNAL,6,3.1435
2026-05-15 12:00:00+00:00,2026-05-15 16:00:00+00:00,L,79126.0,76876.38,899.85,2026-05-17 20:00:00+00:00,76876.38,STOP,13,-2.9031
2026-06-11 16:00:00+00:00,2026-06-11 20:00:00+00:00,S,63547.15,66113.98,1026.73,2026-06-15 08:00:00+00:00,66113.98,STOP,21,-3.9424
2026-06-15 08:00:00+00:00,2026-06-15 12:00:00+00:00,S,66199.62,68113.37,765.5,2026-06-18 12:00:00+00:00,63910.46,SIGNAL,18,3.5218
2026-07-02 08:00:00+00:00,2026-07-02 12:00:00+00:00,S,61284.08,63806.05,1008.79,2026-07-05 20:00:00+00:00,63806.05,STOP,20,-4.0126
2026-07-13 00:00:00+00:00,2026-07-13 04:00:00+00:00,L,62754.11,61184.52,627.84,2026-07-14 16:00:00+00:00,64697.86,SIGNAL,9,3.0374
