date,ticker,delta_weight_pct,notional_compounding_$,half_spread_bps,drag_composer_bps_of_nav,drag_ibkr_bps_of_nav
2023-04-20,PULS,-36.0,13494.99,1.01,1.8,0.657
2023-04-20,ZVOL,36.0,13494.99,15.0,5.4,4.281
2023-04-21,PULS,35.969,13479.87,1.01,1.798,0.656
2023-04-21,ZVOL,-35.969,13479.87,15.0,5.395,4.279
2023-04-25,PULS,-68.0,25492.01,1.01,3.4,1.24
2023-04-25,ZVOL,68.0,25492.01,15.0,10.2,8.196
2023-04-26,PULS,0.224,84.45,1.01,0.011,0.094
2023-04-26,ZVOL,-0.224,84.45,15.0,0.034,0.11
2023-04-27,PULS,68.241,25934.47,1.01,3.412,1.244
2023-04-27,ZVOL,-68.241,25934.47,15.0,10.236,8.16
2023-04-28,PULS,-36.0,13684.76,1.01,1.8,0.656
2023-04-28,VXZ,35.4,13456.68,3.0,1.77,1.533
2023-05-01,PULS,35.697,13492.33,1.02,1.785,0.654
2023-05-01,VXZ,-35.093,13264.33,3.0,1.755,1.534
2023-05-03,PULS,-36.0,13618.54,1.02,1.8,0.659
2023-05-03,ZVOL,36.0,13618.54,15.0,5.4,4.327
2023-05-04,PULS,-16.429,6181.36,1.01,0.821,0.3
2023-05-04,ZVOL,16.429,6181.36,15.0,2.464,1.988
2023-05-05,PULS,52.719,20085.05,1.02,2.636,0.965
2023-05-05,ZVOL,-52.719,20085.05,15.0,7.908,6.314
2023-05-16,PULS,-36.0,13729.74,1.02,1.8,0.658
2023-05-16,ZVOL,36.0,13729.74,15.0,5.4,4.296
2023-05-17,PULS,36.424,13981.83,1.02,1.821,0.666
2023-05-17,ZVOL,-36.424,13981.83,15.0,5.464,4.316
2023-05-18,PULS,-52.0,19954.01,1.02,2.6,0.95
2023-05-18,VXZ,51.9,19915.64,3.0,2.595,2.303
2023-05-19,PULS,52.346,20239.91,1.02,2.617,0.956
2023-05-19,VXZ,-52.346,20239.91,3.0,2.617,2.299
2023-05-23,PULS,-36.0,13929.99,1.01,1.8,0.657
2023-05-23,ZVOL,36.0,13929.99,15.0,5.4,4.267
2023-05-24,PULS,-16.027,6198.57,1.01,0.801,0.292
2023-05-24,ZVOL,16.027,6198.57,15.0,2.404,1.9
2023-05-25,PULS,52.251,20296.88,1.01,2.613,0.954
2023-05-25,ZVOL,-52.251,20296.88,15.0,7.838,6.173
2023-05-26,PULS,-36.0,13976.33,1.01,1.8,0.657
2023-05-26,VXZ,35.3,13704.57,3.0,1.765,1.586
2023-05-30,PULS,-0.166,64.21,1.01,0.008,0.091
2023-05-30,VXZ,0.767,297.2,3.0,0.038,0.102
2023-05-31,PULS,35.875,13887.51,1.01,1.794,0.654
2023-05-31,VXZ,-35.775,13848.75,3.0,1.789,1.619
2023-06-02,PULS,-60.0,23200.64,1.02,3.0,1.099
2023-06-02,VXZ,59.7,23084.64,3.0,2.985,2.814
2023-06-05,PULS,59.843,23049.63,1.02,2.992,1.095
2023-06-05,VXZ,-59.542,22933.7,3.0,2.977,2.818
2023-06-06,PULS,-52.0,20018.04,1.02,2.6,0.952
2023-06-06,VXZ,51.3,19748.57,3.0,2.565,2.492
2023-06-07,PULS,52.246,20201.14,1.02,2.612,0.956
2023-06-07,VXZ,-51.549,19931.81,3.0,2.577,2.487
2023-06-09,PULS,-52.0,20103.61,1.02,2.6,0.952
2023-06-09,VXZ,51.8,20026.29,3.0,2.59,2.543
2023-06-12,PULS,-23.955,9275.17,1.02,1.198,0.438
2023-06-12,VXZ,23.755,9197.6,3.0,1.188,1.164
2023-06-13,PULS,-16.048,6202.6,1.02,0.802,0.293
2023-06-13,VXZ,16.349,6318.79,3.0,0.817,0.802
2023-06-14,PULS,-0.068,26.08,1.02,0.003,0.092
2023-06-14,VXZ,-0.031,11.92,3.0,0.002,0.092
2023-06-15,PULS,-7.947,3067.25,1.01,0.397,0.145
2023-06-15,VXZ,8.145,3143.89,3.0,0.407,0.4
2023-06-16,PULS,68.0,25688.87,1.01,3.4,1.242
2023-06-16,VXZ,-68.1,25726.65,3.0,3.405,3.394
2023-06-20,PULS,32.366,12299.19,1.01,1.618,0.591
2023-06-20,VXZ,-32.267,12261.42,3.0,1.613,1.588
2023-06-21,PULS,-36.0,13677.79,1.01,1.8,0.657
2023-06-21,ZVOL,36.0,13677.79,15.0,5.4,4.013
2023-06-22,PULS,36.079,13719.37,1.01,1.804,0.658
2023-06-22,ZVOL,-36.079,13719.37,15.0,5.412,4.017
2023-06-23,PULS,-36.0,13692.66,1.01,1.8,0.656
2023-06-23,ZVOL,36.0,13692.66,15.0,5.4,4.016
2023-06-26,PULS,-15.74,6012.53,1.01,0.787,0.287
2023-06-26,ZVOL,15.74,6012.53,15.0,2.361,1.749
2023-06-27,PULS,52.59,20319.78,1.01,2.629,0.959
2023-06-27,ZVOL,-52.59,20319.78,15.0,7.888,5.8
2023-06-29,PULS,-36.0,13913.12,1.01,1.8,0.656
2023-06-29,VXZ,35.5,13719.88,3.0,1.775,1.818
2023-06-30,PULS,-24.325,9364.44,1.01,1.216,0.443
2023-06-30,VXZ,24.227,9326.66,3.0,1.211,1.251
2023-07-03,PULS,-0.226,86.53,1.02,0.011,0.093
2023-07-03,VXZ,0.729,279.01,3.0,0.036,0.102
2023-07-05,PULS,60.0,22963.55,1.02,3.0,1.098
2023-07-05,VXZ,-60.0,22963.55,3.0,3.0,3.117
2023-07-06,PULS,-36.0,13773.01,1.02,1.8,0.659
2023-07-06,ZVOL,36.0,13773.01,15.0,5.4,3.955
2023-07-07,PULS,0.233,89.65,1.02,0.012,0.092
2023-07-07,ZVOL,-0.233,89.65,15.0,0.035,0.109
2023-07-10,PULS,36.415,14085.48,1.02,1.821,0.665
2023-07-10,ZVOL,-36.415,14085.48,15.0,5.462,3.964
2023-07-11,PULS,-36.0,13922.8,1.01,1.8,0.658
2023-07-11,VXZ,35.6,13768.1,3.0,1.78,1.869
2023-07-12,PULS,-16.583,6364.49,1.01,0.829,0.303
2023-07-12,VXZ,16.585,6365.46,3.0,0.829,0.885
2023-07-13,PULS,-15.898,6117.55,1.01,0.795,0.29
2023-07-13,VXZ,15.898,6117.23,3.0,0.795,0.845
2023-07-14,PULS,-0.181,69.43,1.01,0.009,0.092
2023-07-14,VXZ,-0.018,6.71,3.0,0.001,0.092
2023-07-17,PULS,-7.923,3041.12,1.01,0.396,0.145
2023-07-17,VXZ,7.922,3040.76,3.0,0.396,0.422
2023-07-18,PULS,-20.018,7678.96,1.01,1.001,0.365
2023-07-18,VXZ,19.918,7640.65,3.0,0.996,1.062
2023-07-19,PULS,0.038,14.69,1.01,0.002,0.091
2023-07-19,VXZ,0.057,22.2,3.0,0.003,0.091
2023-07-20,PULS,96.022,37379.26,1.01,4.801,1.75
2023-07-20,VXZ,-95.625,37224.51,3.0,4.781,5.04
2023-07-25,PULS,-36.0,14017.32,1.01,1.8,0.656
2023-07-25,VXZ,35.8,13939.45,3.0,1.79,1.916
2023-07-26,PULS,-16.305,6318.77,1.01,0.815,0.297
2023-07-26,VXZ,16.106,6241.61,3.0,0.805,0.871
2023-07-27,PULS,16.457,6435.43,1.01,0.823,0.3
2023-07-27,VXZ,-52.061,20358.33,3.0,2.603,2.776
2023-07-27,ZVOL,36.0,14077.83,15.0,5.4,3.891
2023-07-28,PULS,36.479,14380.49,1.01,1.824,0.664
2023-07-28,ZVOL,-36.479,14380.49,15.0,5.472,3.917
2023-07-31,PULS,-36.0,14194.88,1.01,1.8,0.655
2023-07-31,VXZ,35.5,13997.73,3.0,1.775,1.919
2023-08-01,PULS,36.259,14340.89,1.02,1.813,0.663
2023-08-01,VXZ,-35.761,14143.81,3.0,1.788,1.918
2023-08-02,PULS,-52.0,20568.04,1.02,2.6,0.95
2023-08-02,ZVOL,52.0,20568.04,15.0,7.8,5.653
2023-08-03,PULS,-7.921,3139.21,1.01,0.396,0.145
2023-08-03,ZVOL,7.921,3139.21,15.0,1.188,0.86
2023-08-04,PULS,-8.389,3294.42,1.01,0.419,0.153
2023-08-04,ZVOL,8.389,3294.42,15.0,1.258,0.915
2023-08-07,PULS,68.601,27441.47,1.01,3.43,1.252
2023-08-07,ZVOL,-68.601,27441.47,15.0,10.29,7.421
2023-08-09,PULS,-52.0,20793.95,1.01,2.6,0.949
2023-08-09,ZVOL,52.0,20793.95,15.0,7.8,5.652
2023-08-10,PULS,16.03,6412.95,1.01,0.801,0.293
2023-08-10,ZVOL,-16.03,6412.95,15.0,2.404,1.742
2023-08-11,PULS,-15.637,6289.24,1.01,0.782,0.285
2023-08-11,ZVOL,15.637,6289.24,15.0,2.346,1.691
2023-08-14,PULS,52.08,20978.34,1.01,2.604,0.95
2023-08-14,ZVOL,-52.08,20978.34,15.0,7.812,5.625
2023-08-15,PULS,-52.0,20934.9,1.01,2.6,0.949
2023-08-15,ZVOL,52.0,20934.9,15.0,7.8,5.665
2023-08-16,PULS,-24.276,9719.16,1.01,1.214,0.443
2023-08-16,ZVOL,24.276,9719.16,15.0,3.641,2.654
2023-08-17,PULS,-16.343,6451.03,1.01,0.817,0.298
2023-08-17,ZVOL,16.343,6451.03,15.0,2.452,1.797
2023-08-18,PULS,8.057,3204.14,1.01,0.403,0.147
2023-08-18,ZVOL,-8.057,3204.14,15.0,1.209,0.884
2023-08-21,PULS,84.223,33941.54,1.01,4.211,1.535
2023-08-21,ZVOL,-84.223,33941.54,15.0,12.633,9.187
2023-08-23,PULS,-36.0,14508.43,1.01,1.8,0.656
2023-08-23,VXZ,35.7,14387.53,3.0,1.785,1.866
2023-08-24,PULS,36.409,14765.31,1.01,1.82,0.663
2023-08-24,VXZ,-36.111,14644.45,3.0,1.806,1.863
2023-08-29,PULS,-52.0,21106.57,1.01,2.6,0.946
2023-08-29,VXZ,51.6,20944.21,3.0,2.58,2.769
2023-08-30,PULS,-0.227,91.59,1.01,0.011,0.088
2023-08-30,VXZ,0.629,253.95,3.0,0.031,0.096
2023-08-31,PULS,51.633,20697.7,1.01,2.582,0.939
2023-08-31,VXZ,-51.633,20697.7,3.05,2.582,2.83
2023-09-01,PULS,-52.0,20824.75,1.02,2.6,0.95
2023-09-01,VXZ,51.6,20664.56,3.05,2.58,2.835
2023-09-05,PULS,51.762,20637.29,1.01,2.588,0.945
2023-09-05,VXZ,-51.36,20477.18,3.08,2.568,2.846
2023-09-06,PULS,-36.0,14341.89,1.01,1.8,0.657
2023-09-06,ZVOL,36.0,14341.89,15.0,5.4,3.852
2023-09-07,PULS,-15.877,6336.11,1.01,0.794,0.29
2023-09-07,ZVOL,15.877,6336.11,15.0,2.381,1.696
2023-09-08,PULS,52.266,20975.94,1.01,2.613,0.954
2023-09-08,ZVOL,-52.266,20975.94,15.0,7.84,5.565
2023-09-14,PULS,-36.0,14451.48,1.01,1.8,0.657
2023-09-14,VXZ,35.7,14331.06,3.2,1.785,2.054
2023-09-15,PULS,36.358,14675.0,1.01,1.818,0.663
2023-09-15,VXZ,-36.06,14554.62,3.15,1.803,2.042
2023-09-19,PULS,-36.0,14539.66,1.01,1.8,0.656
2023-09-19,ZVOL,36.0,14539.66,15.0,5.4,3.803
2023-09-20,PULS,-24.28,9762.96,1.01,1.214,0.442
2023-09-20,ZVOL,24.28,9762.96,15.0,3.642,2.574
2023-09-21,PULS,-32.698,12918.23,1.01,1.635,0.595
2023-09-21,ZVOL,32.698,12918.23,15.0,4.905,3.496
2023-09-22,PULS,0.0,0.11,1.01,0.0,0.089
2023-09-22,ZVOL,-0.0,0.11,15.0,0.0,0.089
2023-09-25,PULS,91.994,36312.08,1.01,4.6,1.674
2023-09-25,ZVOL,-91.994,36312.08,15.0,13.799,9.836
2023-09-26,PULS,-96.0,37848.45,1.01,4.8,1.747
2023-09-26,ZVOL,96.0,37848.45,15.0,14.4,10.428
2023-09-27,PULS,0.054,21.62,1.01,0.003,0.088
2023-09-27,ZVOL,-0.054,21.62,15.0,0.008,0.092
2023-09-28,PULS,96.096,39325.69,1.01,4.805,1.748
2023-09-28,ZVOL,-96.096,39325.69,15.0,14.414,10.312
2023-10-03,PULS,-100.0,40909.45,1.01,5.0,1.826
2023-10-03,ZVOL,100.0,40909.45,15.0,15.0,10.948
2023-10-04,PULS,100.0,41628.83,1.01,5.0,1.826
2023-10-04,ZVOL,-100.0,41628.83,15.0,15.0,10.885
2023-10-06,PULS,-36.0,14989.96,1.01,1.8,0.657
2023-10-06,VXZ,35.6,14823.4,3.0,1.78,1.892
2023-10-09,PULS,-16.036,6675.07,1.01,0.802,0.293
2023-10-09,VXZ,15.936,6633.47,3.0,0.797,0.848
2023-10-10,PULS,-0.395,163.13,1.01,0.02,0.087
2023-10-10,VXZ,0.598,247.16,3.0,0.03,0.094
2023-10-11,PULS,-8.34,3423.62,1.01,0.417,0.152
2023-10-11,VXZ,8.442,3465.2,3.02,0.422,0.459
2023-10-12,PULS,60.398,25026.62,1.01,3.02,1.101
2023-10-12,VXZ,-60.299,24985.6,3.0,3.015,3.232
2023-10-13,PULS,-36.0,14914.47,1.01,1.8,0.656
2023-10-13,ZVOL,36.0,14914.47,15.0,5.4,3.959
2023-10-16,PULS,36.928,15518.14,1.01,1.846,0.673
2023-10-16,ZVOL,-36.928,15518.14,15.0,5.539,4.01
2023-10-18,PULS,-36.0,15125.5,1.01,1.8,0.656
2023-10-18,ZVOL,36.0,15125.5,15.0,5.4,3.968
2023-10-19,PULS,-16.721,6945.98,1.01,0.836,0.305
2023-10-19,ZVOL,16.721,6945.98,15.0,2.508,1.862
2023-10-20,PULS,-16.249,6719.35,1.01,0.812,0.296
2023-10-20,ZVOL,16.249,6719.35,15.0,2.437,1.815
2023-10-23,PULS,-7.489,3146.83,1.01,0.374,0.136
2023-10-23,ZVOL,7.489,3146.83,15.0,1.123,0.83
2023-10-24,PULS,76.454,32726.19,1.01,3.823,1.392
2023-10-24,ZVOL,-76.454,32726.19,15.0,11.468,8.405
2023-10-25,PULS,-68.0,29093.02,1.01,3.4,1.238
2023-10-25,ZVOL,68.0,29093.02,15.0,10.2,7.575
2023-10-26,PULS,-24.045,10274.57,1.01,1.202,0.438
2023-10-26,ZVOL,24.045,10274.57,15.0,3.607,2.68
2023-10-27,PULS,-4.129,1736.2,1.01,0.206,0.104
2023-10-27,ZVOL,4.129,1736.2,15.0,0.619,0.463
2023-10-30,PULS,96.15,41978.47,1.01,4.807,1.749
2023-10-30,ZVOL,-96.15,41978.47,15.0,14.422,10.638
2023-11-01,PULS,-36.0,15717.22,1.02,1.8,0.658
2023-11-01,VXZ,35.6,15542.58,3.0,1.78,1.895
2023-11-02,PULS,-24.542,10634.98,1.02,1.227,0.448
2023-11-02,VXZ,24.845,10766.05,3.0,1.242,1.343
2023-11-03,PULS,-0.386,165.81,1.01,0.019,0.083
2023-11-03,VXZ,-0.014,5.95,3.05,0.001,0.082
2023-11-06,PULS,-0.51,216.27,1.01,0.026,0.085
2023-11-06,VXZ,0.515,218.45,3.12,0.026,0.091
2023-11-07,PULS,-8.203,3462.68,1.01,0.41,0.15
2023-11-07,VXZ,8.505,3590.04,3.14,0.425,0.481
2023-11-08,PULS,-0.255,106.87,1.01,0.013,0.085
2023-11-08,VXZ,0.056,23.5,3.18,0.003,0.085
2023-11-09,PULS,68.542,29165.1,1.01,3.427,1.251
2023-11-09,VXZ,-68.247,29039.61,3.1,3.412,3.808
2023-11-10,PULS,-36.0,15312.68,1.01,1.8,0.657
2023-11-10,VXZ,35.8,15227.61,3.2,1.79,2.061
2023-11-13,PULS,36.012,15346.04,1.01,1.801,0.657
2023-11-13,VXZ,-35.912,15303.48,3.18,1.796,2.059
2023-11-14,PULS,-76.0,32387.18,1.01,3.8,1.385
2023-11-14,VXZ,75.7,32259.34,3.19,3.785,4.342
2023-11-15,PULS,-8.204,3466.42,1.01,0.41,0.15
2023-11-15,VXZ,8.307,3509.75,3.22,0.415,0.482
2023-11-16,PULS,-0.167,69.85,1.01,0.008,0.085
2023-11-16,VXZ,-0.031,12.98,3.26,0.002,0.084
2023-11-17,PULS,-0.076,31.48,1.01,0.004,0.084
2023-11-17,VXZ,-0.023,9.46,3.28,0.001,0.084
2023-11-20,PULS,-12.076,5007.49,1.01,0.604,0.22
2023-11-20,VXZ,12.078,5008.39,3.3,0.604,0.717
2023-11-21,PULS,63.975,26343.83,1.01,3.199,1.165
2023-11-21,VXZ,-63.572,26177.82,3.32,3.179,3.797
2023-11-22,PULS,-59.936,24708.63,1.01,2.997,1.09
2023-11-22,VXZ,60.036,24749.78,3.31,3.002,3.572
2023-11-24,PULS,-0.165,66.82,1.01,0.008,0.087
2023-11-24,VXZ,-0.035,14.0,3.38,0.002,0.087
2023-11-27,PULS,92.05,37408.32,1.01,4.603,1.673
2023-11-27,VXZ,-91.852,37327.59,3.35,4.593,5.545
2023-11-30,PULS,-84.0,34134.94,1.01,4.2,1.525
2023-11-30,VXZ,83.7,34013.03,3.35,4.185,5.052
2023-12-01,PULS,-12.161,4894.92,1.01,0.608,0.222
2023-12-01,VXZ,12.063,4855.81,3.39,0.603,0.736
2023-12-04,PULS,96.052,39146.93,1.01,4.803,1.751
2023-12-04,VXZ,-95.657,38986.08,3.34,4.783,5.759
2023-12-06,PULS,-36.0,14672.68,1.01,1.8,0.656
2023-12-06,ZVOL,36.0,14672.68,15.0,5.4,3.761
2023-12-07,PULS,36.092,14729.03,1.01,1.805,0.658
2023-12-07,ZVOL,-36.092,14729.03,15.0,5.414,3.766
2023-12-08,PULS,-36.0,14679.99,1.01,1.8,0.656
2023-12-08,VXZ,35.6,14516.88,3.41,1.78,2.187
2023-12-11,PULS,-24.367,9887.23,1.01,1.218,0.444
2023-12-11,VXZ,24.569,9969.15,3.47,1.228,1.532
2023-12-12,PULS,-24.385,9797.68,1.01,1.219,0.444
2023-12-12,VXZ,24.387,9798.46,3.52,1.219,1.546
2023-12-13,PULS,-16.208,6435.41,1.01,0.81,0.295
2023-12-13,VXZ,15.91,6317.23,3.57,0.795,1.023
2023-12-14,VXZ,0.002,0.99,3.59,0.0,0.089
2023-12-15,PULS,36.0,14512.31,1.01,1.8,0.655
2023-12-15,VXZ,-36.01,14516.4,3.52,1.801,2.279
2023-12-18,PULS,-35.79,14515.74,1.01,1.79,0.65
2023-12-18,VXZ,36.187,14676.67,3.48,1.809,2.268
2023-12-19,VXZ,-0.002,0.96,3.4,0.0,0.084
2023-12-20,PULS,100.0,42771.02,1.01,5.0,1.816
2023-12-20,VXZ,-99.903,42729.54,3.3,4.995,5.931
2023-12-26,PULS,-36.0,15404.29,1.01,1.8,0.653
2023-12-26,VXZ,35.8,15318.71,3.38,1.79,2.176
2023-12-27,PULS,-0.746,316.15,1.01,0.037,0.086
2023-12-27,VXZ,0.548,231.92,3.48,0.027,0.092
2023-12-28,PULS,0.027,11.48,1.01,0.001,0.083
2023-12-28,VXZ,-0.027,11.56,3.47,0.001,0.083
2023-12-29,PULS,36.117,15335.61,1.01,1.806,0.658
2023-12-29,VXZ,-35.818,15208.51,3.45,1.791,2.226
2024-01-02,PULS,-36.0,15280.11,1.01,1.8,0.656
2024-01-02,ZVOL,36.0,15280.11,15.0,5.4,3.729
2024-01-03,PULS,-24.284,10263.36,1.01,1.214,0.442
2024-01-03,ZVOL,24.284,10263.36,15.0,3.643,2.524
2024-01-04,PULS,0.115,48.75,1.01,0.006,0.083
2024-01-04,ZVOL,-0.115,48.75,15.0,0.017,0.091
2024-01-05,PULS,8.548,3674.57,1.01,0.427,0.156
2024-01-05,ZVOL,-8.548,3674.57,15.0,1.282,0.882
2024-01-08,PULS,16.354,7081.63,1.01,0.818,0.298
2024-01-08,VXZ,35.8,15501.84,3.58,1.79,2.306
2024-01-08,ZVOL,-52.354,22670.07,15.0,7.853,5.378
2024-01-09,PULS,35.786,15438.49,1.01,1.789,0.651
2024-01-09,VXZ,-35.585,15351.92,3.61,1.779,2.314
2024-01-10,PULS,-36.0,15528.19,1.01,1.8,0.655
2024-01-10,VXZ,35.8,15441.92,3.64,1.79,2.348
2024-01-11,PULS,0.098,42.38,1.01,0.005,0.081
2024-01-11,VXZ,0.002,0.65,3.63,0.0,0.081
2024-01-12,PULS,0.065,27.97,1.01,0.003,0.081
2024-01-12,VXZ,0.035,15.27,3.61,0.002,0.081
2024-01-16,PULS,36.517,15936.0,1.01,1.826,0.664
2024-01-16,VXZ,-36.517,15936.0,3.53,1.826,2.323
2024-01-17,PULS,-52.0,22690.02,1.01,2.6,0.945
2024-01-17,ZVOL,52.0,22690.02,15.0,7.8,5.375
2024-01-18,PULS,52.445,23085.54,1.01,2.622,0.953
2024-01-18,ZVOL,-52.445,23085.54,15.0,7.867,5.395
2024-01-19,PULS,-52.0,22891.4,1.01,2.6,0.944
2024-01-19,VXZ,51.8,22803.36,3.62,2.59,3.373
2024-01-22,PULS,-8.476,3699.66,1.01,0.424,0.154
2024-01-22,VXZ,8.377,3656.43,3.68,0.419,0.555
2024-01-23,PULS,-8.337,3608.2,1.01,0.417,0.151
2024-01-23,VXZ,8.339,3608.93,3.73,0.417,0.56
2024-01-24,PULS,0.209,91.09,1.01,0.01,0.081
2024-01-24,VXZ,-0.41,178.79,3.7,0.021,0.088
2024-01-25,PULS,-15.843,6940.01,1.01,0.792,0.287
2024-01-25,VXZ,15.84,6939.01,3.67,0.792,1.045
2024-01-26,PULS,51.961,22694.0,1.01,2.598,0.942
2024-01-26,VXZ,-51.76,22606.22,3.68,2.588,3.425
2024-01-29,PULS,-60.061,26207.97,1.01,3.003,1.088
2024-01-29,VXZ,60.161,26251.63,3.68,3.008,3.99
2024-01-30,PULS,8.018,3505.33,1.01,0.401,0.145
2024-01-30,VXZ,-8.318,3636.58,3.68,0.416,0.55
2024-01-31,PULS,48.355,21618.26,1.01,2.418,0.876
2024-01-31,VXZ,-83.964,37538.33,3.58,4.198,5.405
2024-01-31,ZVOL,36.0,16094.8,15.0,5.4,3.716
2024-02-01,PULS,36.172,16209.57,1.01,1.809,0.658
2024-02-01,ZVOL,-36.172,16209.57,15.0,5.426,3.726
2024-02-02,PULS,-36.0,16123.39,1.01,1.8,0.655
2024-02-02,VXZ,35.9,16078.61,3.6,1.795,2.323
2024-02-05,PULS,35.645,15877.15,1.01,1.782,0.649
2024-02-05,VXZ,-35.545,15832.38,3.65,1.777,2.335
2024-02-07,PULS,-52.0,23163.62,1.01,2.6,0.946
2024-02-07,VXZ,51.6,22985.44,3.69,2.58,3.429
2024-02-08,PULS,-0.04,17.92,1.01,0.002,0.079
2024-02-08,VXZ,0.441,196.1,3.7,0.022,0.087
2024-02-09,PULS,-15.803,7062.77,1.01,0.79,0.287
2024-02-09,VXZ,15.503,6928.69,3.67,0.775,1.024
2024-02-12,PULS,8.359,3781.31,1.01,0.418,0.152
2024-02-12,VXZ,-8.263,3737.71,3.6,0.413,0.536
2024-02-13,PULS,24.534,11233.81,1.01,1.227,0.446
2024-02-13,VXZ,-60.336,27627.58,3.53,3.017,3.831
2024-02-13,ZVOL,36.0,16484.19,15.0,5.4,3.733
2024-02-14,PULS,36.263,16680.32,1.01,1.813,0.659
2024-02-14,ZVOL,-36.263,16680.32,15.0,5.439,3.748
2024-02-22,PULS,-52.0,23935.25,1.01,2.6,0.943
2024-02-22,VXZ,51.9,23889.23,3.61,2.595,3.375
2024-02-23,PULS,-0.305,139.51,1.01,0.015,0.078
2024-02-23,VXZ,0.005,2.48,3.65,0.0,0.077
2024-02-26,PULS,51.743,23542.24,1.01,2.587,0.938
2024-02-26,VXZ,-51.341,23359.28,3.69,2.567,3.413
2024-02-29,PULS,-36.0,16379.87,1.01,1.8,0.652
2024-02-29,VXZ,35.7,16243.37,3.7,1.785,2.375
2024-03-01,PULS,-32.082,14582.82,1.01,1.604,0.584
2024-03-01,VXZ,32.082,14582.91,3.71,1.604,2.14
2024-03-04,PULS,16.247,7441.23,1.01,0.812,0.296
2024-03-04,VXZ,-16.049,7350.69,3.66,0.802,1.059
2024-03-05,PULS,16.482,7625.75,1.01,0.824,0.3
2024-03-05,VXZ,-52.383,24236.4,3.59,2.619,3.387
2024-03-05,ZVOL,36.0,16656.42,15.0,5.4,3.731
2024-03-06,PULS,35.975,16628.86,1.01,1.799,0.654
2024-03-06,ZVOL,-35.975,16628.86,15.0,5.396,3.73
2024-03-07,PULS,-36.0,16640.9,1.01,1.8,0.654
2024-03-07,VXZ,35.7,16502.23,3.59,1.785,2.308
2024-03-08,PULS,36.288,16853.96,1.01,1.814,0.659
2024-03-08,VXZ,-35.99,16715.33,3.54,1.799,2.296
2024-03-12,PULS,-36.0,16717.28,1.01,1.8,0.654
2024-03-12,VXZ,35.9,16670.85,3.6,1.795,2.329
2024-03-13,PULS,36.073,16767.53,1.01,1.804,0.655
2024-03-13,VXZ,-35.973,16721.12,3.59,1.799,2.326
2024-03-15,PULS,-36.0,16734.11,1.01,1.8,0.653
2024-03-15,ZVOL,36.0,16734.11,15.0,5.4,3.761
2024-03-18,PULS,36.25,16916.49,1.01,1.812,0.658
2024-03-18,ZVOL,-36.25,16916.49,15.0,5.437,3.775
2024-03-19,PULS,-36.0,16800.51,1.01,1.8,0.653
2024-03-19,VXZ,35.9,16753.85,3.58,1.795,2.316
2024-03-20,PULS,-16.348,7586.68,1.01,0.817,0.297
2024-03-20,VXZ,16.448,7633.34,3.64,0.822,1.077
2024-03-21,PULS,-7.99,3710.0,1.01,0.4,0.145
2024-03-21,VXZ,7.59,3524.27,3.64,0.38,0.497
2024-03-22,PULS,60.084,27950.96,1.01,3.004,1.089
2024-03-22,VXZ,-59.685,27765.34,3.62,2.984,3.891
2024-03-27,PULS,-36.0,16751.15,1.01,1.8,0.652
2024-03-27,VXZ,35.6,16565.02,3.67,1.78,2.352
2024-03-28,PULS,36.112,16830.04,1.01,1.806,0.654
2024-03-28,VXZ,-35.713,16643.99,3.65,1.786,2.348
2024-04-02,PULS,-36.0,16779.75,1.01,1.8,0.655
2024-04-02,ZVOL,36.0,16779.75,15.0,5.4,3.751
2024-04-03,PULS,36.139,16882.01,1.01,1.807,0.657
2024-04-03,ZVOL,-36.139,16882.01,15.0,5.421,3.759
2024-04-04,PULS,-60.0,28016.57,1.01,3.0,1.091
2024-04-04,ZVOL,60.0,28016.57,15.0,9.0,6.28
2024-04-05,PULS,59.958,27952.87,1.01,2.998,1.09
2024-04-05,ZVOL,-59.958,27952.87,15.0,8.994,6.279
2024-04-10,PULS,-36.0,16772.14,1.01,1.8,0.655
2024-04-10,ZVOL,36.0,16772.14,15.0,5.4,3.766
2024-04-11,PULS,36.164,16903.72,1.01,1.808,0.657
2024-04-11,ZVOL,-36.164,16903.72,15.0,5.425,3.774
2024-04-12,PULS,-36.0,16829.61,1.01,1.8,0.653
2024-04-12,ZVOL,36.0,16829.61,15.0,5.4,3.785
2024-04-15,PULS,-32.523,15072.99,1.01,1.626,0.59
2024-04-15,ZVOL,32.523,15072.99,15.0,4.879,3.443
2024-04-16,PULS,-7.542,3545.78,1.01,0.377,0.137
2024-04-16,ZVOL,7.542,3545.78,15.0,1.131,0.793
2024-04-17,PULS,-7.918,3737.35,1.01,0.396,0.144
2024-04-17,ZVOL,7.918,3737.35,15.0,1.188,0.832
2024-04-18,PULS,-7.981,3771.28,1.01,0.399,0.145
2024-04-18,ZVOL,7.981,3771.28,15.0,1.197,0.838
2024-04-19,PULS,-8.031,3781.2,1.01,0.402,0.146
2024-04-19,ZVOL,8.031,3781.2,15.0,1.205,0.844
2024-04-22,PULS,100.0,48962.29,1.01,5.0,1.813
2024-04-22,ZVOL,-100.0,48962.29,15.0,15.0,10.394
2024-04-23,PULS,-36.0,17627.02,1.01,1.8,0.653
2024-04-23,VXZ,35.7,17480.13,3.7,1.785,2.375
2024-04-24,PULS,35.945,17575.35,1.01,1.797,0.652
2024-04-24,VXZ,-35.645,17428.51,3.71,1.782,2.377
2024-04-26,PULS,-36.0,17606.14,1.01,1.8,0.652
2024-04-26,VXZ,35.8,17508.33,3.73,1.79,2.403
2024-04-29,PULS,-0.284,138.23,1.01,0.014,0.073
2024-04-29,VXZ,0.385,187.33,3.77,0.019,0.079
2024-04-30,PULS,0.082,39.96,1.01,0.004,0.072
2024-04-30,VXZ,-35.982,17546.15,3.76,1.799,2.435
2024-04-30,ZVOL,36.0,17554.88,15.0,5.4,3.731
2024-05-01,PULS,-0.233,113.1,1.01,0.012,0.073
2024-05-01,ZVOL,0.233,113.1,15.0,0.035,0.089
2024-05-02,PULS,36.386,17791.29,1.01,1.819,0.661
2024-05-02,ZVOL,-36.386,17791.29,15.0,5.458,3.763
2024-05-03,PULS,-36.0,17606.53,1.01,1.8,0.654
2024-05-03,VXZ,35.8,17508.72,3.86,1.79,2.487
2024-05-06,PULS,-16.311,7937.34,1.01,0.816,0.296
2024-05-06,VXZ,16.112,7840.49,3.91,0.806,1.135
2024-05-07,PULS,-0.097,47.15,1.01,0.005,0.073
2024-05-07,VXZ,0.398,193.24,3.93,0.02,0.08
2024-05-08,PULS,-0.103,49.96,1.01,0.005,0.073
2024-05-08,VXZ,0.003,1.59,3.94,0.0,0.072
2024-05-09,PULS,-8.167,3946.21,1.01,0.408,0.148
2024-05-09,VXZ,8.268,3994.83,3.97,0.413,0.591
2024-05-10,PULS,-8.043,3880.7,1.01,0.402,0.146
2024-05-10,VXZ,7.843,3784.26,3.98,0.392,0.561
2024-05-13,PULS,0.03,14.43,1.01,0.001,0.073
2024-05-13,VXZ,-0.03,14.65,3.97,0.002,0.073
2024-05-14,PULS,-8.343,3989.54,1.01,0.417,0.151
2024-05-14,VXZ,8.546,4086.68,4.03,0.427,0.62
2024-05-15,PULS,-16.41,7720.03,1.01,0.821,0.298
2024-05-15,VXZ,16.312,7673.75,4.12,0.816,1.209
2024-05-16,PULS,52.023,24530.56,1.01,2.601,0.943
2024-05-16,VXZ,-51.923,24483.67,4.11,2.596,3.837
2024-05-17,PULS,-44.302,20801.07,1.01,2.215,0.803
2024-05-17,VXZ,43.902,20613.26,4.15,2.195,3.277
2024-05-20,PULS,-0.014,6.77,1.01,0.001,0.075
2024-05-20,VXZ,0.015,6.94,4.15,0.001,0.075
2024-05-21,PULS,-8.078,3772.18,1.01,0.404,0.146
2024-05-21,VXZ,8.08,3773.01,4.17,0.404,0.607
2024-05-22,PULS,92.085,43419.91,1.01,4.604,1.669
2024-05-22,VXZ,-91.689,43233.29,4.13,4.584,6.809
2024-05-23,PULS,-36.0,16971.89,1.01,1.8,0.652
2024-05-23,ZVOL,36.0,16971.89,15.0,5.4,3.66
2024-05-24,PULS,36.306,17198.51,1.01,1.815,0.657
2024-05-24,ZVOL,-36.306,17198.51,15.0,5.446,3.678
2024-05-29,PULS,-36.0,17050.71,1.01,1.8,0.652
2024-05-29,ZVOL,36.0,17050.71,15.0,5.4,3.668
2024-05-30,PULS,-15.935,7556.74,1.01,0.797,0.288
2024-05-30,ZVOL,15.935,7556.74,15.0,2.39,1.622
2024-05-31,PULS,52.344,24998.75,1.01,2.617,0.947
2024-05-31,ZVOL,-52.344,24998.75,15.0,7.852,5.309
2024-06-05,PULS,-52.0,24839.06,1.01,2.6,0.945
2024-06-05,VXZ,51.9,24791.3,4.12,2.595,3.848
2024-06-06,PULS,0.179,85.81,1.01,0.009,0.074
2024-06-06,VXZ,-0.379,181.91,4.09,0.019,0.081
2024-06-07,PULS,51.959,24883.08,1.01,2.598,0.944
2024-06-07,VXZ,-51.659,24739.29,4.1,2.583,3.808
2024-06-10,PULS,-52.0,24896.75,1.01,2.6,0.944
2024-06-10,VXZ,51.9,24848.88,4.1,2.595,3.833
2024-06-11,PULS,-8.066,3861.26,1.01,0.403,0.146
2024-06-11,VXZ,7.966,3813.39,4.11,0.398,0.589
2024-06-12,PULS,-24.02,11501.77,1.01,1.201,0.436
2024-06-12,VXZ,23.72,11358.12,4.1,1.186,1.751
2024-06-13,PULS,-7.932,3814.68,1.01,0.397,0.144
2024-06-13,VXZ,8.03,3862.13,4.08,0.402,0.59
2024-06-14,PULS,0.103,50.45,1.01,0.005,0.072
2024-06-14,VXZ,-0.006,3.01,4.02,0.0,0.072
2024-06-17,PULS,-8.001,3898.44,1.01,0.4,0.145
2024-06-17,VXZ,8.002,3898.46,4.02,0.4,0.579
2024-06-18,VXZ,-0.001,0.27,4.0,0.0,0.071
2024-06-20,PULS,100.0,50275.83,1.01,5.0,1.813
2024-06-20,VXZ,-99.903,50226.88,3.89,4.995,7.003
2024-06-24,PULS,-36.0,18103.52,1.01,1.8,0.652
2024-06-24,ZVOL,36.0,18103.52,15.0,5.4,3.684
2024-06-25,PULS,36.212,18267.64,1.01,1.811,0.656
2024-06-25,ZVOL,-36.212,18267.64,15.0,5.432,3.717
2024-06-27,PULS,-36.0,18161.21,1.01,1.8,0.652
2024-06-27,VXZ,35.9,18110.76,4.06,1.795,2.621
2024-06-28,PULS,36.126,18272.14,1.01,1.806,0.654
2024-06-28,VXZ,-36.126,18272.14,4.02,1.806,2.616
2024-07-02,PULS,-52.0,26308.21,1.01,2.6,0.945
2024-07-02,VXZ,52.0,26308.21,4.14,2.6,3.874
2024-07-03,PULS,-23.682,12063.08,1.01,1.184,0.43
2024-07-03,VXZ,23.382,11910.26,4.08,1.169,1.719
2024-07-05,PULS,-24.037,12227.08,1.01,1.202,0.437
2024-07-05,VXZ,24.237,12328.99,4.09,1.212,1.785
2024-07-08,VXZ,0.0,0.21,4.11,0.0,0.069
2024-07-09,VXZ,-0.0,0.25,4.09,0.0,0.069
2024-07-10,VXZ,0.002,0.79,4.15,0.0,0.07
2024-07-11,PULS,100.0,50898.38,1.01,5.0,1.815
2024-07-11,VXZ,-99.902,50848.31,4.08,4.995,7.346
2024-07-16,PULS,-68.0,34607.68,1.01,3.4,1.233
2024-07-16,VXZ,67.7,34455.0,4.07,3.385,4.966
2024-07-17,PULS,32.328,16614.53,1.01,1.616,0.586
2024-07-17,VXZ,-68.031,34963.88,4.01,3.402,4.914
2024-07-17,ZVOL,36.0,18501.92,15.0,5.4,3.693
2024-07-18,PULS,-16.226,8308.35,1.01,0.811,0.294
2024-07-18,ZVOL,16.226,8308.35,15.0,2.434,1.669
2024-07-19,PULS,-8.169,4168.84,1.01,0.408,0.148
2024-07-19,ZVOL,8.169,4168.84,15.0,1.225,0.842
2024-07-22,PULS,60.388,31104.83,1.01,3.019,1.095
2024-07-22,ZVOL,-60.388,31104.83,15.0,9.058,6.194
2024-07-24,PULS,-68.0,35029.56,1.01,3.4,1.232
2024-07-24,ZVOL,68.0,35029.56,15.0,10.2,7.101
2024-07-25,PULS,-8.117,4164.09,1.01,0.406,0.147
2024-07-25,ZVOL,8.117,4164.09,15.0,1.218,0.849
2024-07-26,PULS,76.348,39753.72,1.01,3.817,1.382
2024-07-26,ZVOL,-76.348,39753.72,15.0,11.452,7.941
2024-07-31,PULS,-36.0,18741.67,1.01,1.8,0.652
2024-07-31,VXZ,35.6,18533.42,3.0,1.78,0.997
2024-08-01,PULS,36.818,19446.15,1.01,1.841,0.669
2024-08-01,VXZ,-36.522,19289.87,3.0,1.826,1.005
2024-08-07,PULS,-60.0,31657.93,1.01,3.0,1.09
2024-08-07,ZVOL,60.0,31657.93,15.0,9.0,6.587
2024-08-08,PULS,60.985,32974.7,1.01,3.049,1.108
2024-08-08,ZVOL,-60.985,32974.7,15.0,9.148,6.609
2024-08-12,PULS,-36.0,19481.78,1.01,1.8,0.653
2024-08-12,VXZ,35.9,19427.67,3.0,1.795,0.975
2024-08-13,PULS,-17.063,9084.96,1.01,0.853,0.31
2024-08-13,VXZ,16.965,9032.57,3.0,0.848,0.471
2024-08-14,PULS,-0.743,389.45,1.01,0.037,0.07
2024-08-14,VXZ,0.646,338.61,3.0,0.032,0.076
2024-08-15,PULS,-7.945,4170.16,1.01,0.397,0.144
2024-08-15,VXZ,8.145,4274.99,3.0,0.407,0.229
2024-08-16,PULS,0.053,27.87,1.01,0.003,0.067
2024-08-16,VXZ,0.047,24.61,3.0,0.002,0.067
2024-08-19,PULS,-7.837,4138.7,1.01,0.392,0.142
2024-08-19,VXZ,7.837,4138.7,3.0,0.392,0.219
2024-08-20,PULS,8.487,4553.85,1.01,0.424,0.154
2024-08-20,VXZ,-8.587,4607.51,3.0,0.429,0.238
2024-08-21,PULS,-8.15,4357.21,1.01,0.408,0.148
2024-08-21,VXZ,8.251,4410.86,3.0,0.413,0.229
2024-08-22,PULS,68.43,37040.55,1.01,3.422,1.24
2024-08-22,VXZ,-68.43,37040.55,3.0,3.422,1.882
2024-08-28,PULS,-36.0,19502.79,1.01,1.8,0.652
2024-08-28,ZVOL,36.0,19502.79,15.0,5.4,3.796
2024-08-29,PULS,35.974,19477.21,1.01,1.799,0.651
2024-08-29,ZVOL,-35.974,19477.21,15.0,5.396,3.794
2024-08-30,PULS,-36.0,19495.95,1.0,1.8,0.651
2024-08-30,VXZ,35.9,19441.8,3.0,1.795,1.003
2024-09-03,PULS,1.424,788.53,1.01,0.071,0.07
2024-09-03,VXZ,-37.326,20671.34,3.0,1.866,1.014
2024-09-03,ZVOL,36.0,19936.95,15.0,5.4,3.87
2024-09-04,PULS,-16.583,9104.97,1.01,0.829,0.301
2024-09-04,ZVOL,16.583,9104.97,15.0,2.488,1.796
2024-09-05,PULS,0.636,353.96,1.01,0.032,0.066
2024-09-05,ZVOL,-0.636,353.96,15.0,0.095,0.111
2024-09-06,PULS,-25.0,13631.22,1.01,1.25,0.454
2024-09-06,ZVOL,25.0,13631.22,15.0,3.75,2.72
2024-09-09,PULS,76.368,42244.73,1.01,3.818,1.386
2024-09-09,ZVOL,-76.368,42244.73,15.0,11.455,8.256
2024-09-11,PULS,-36.0,19915.0,1.01,1.8,0.653
2024-09-11,VXZ,35.7,19749.04,3.0,1.785,0.98
2024-09-12,PULS,-16.118,8909.91,1.01,0.806,0.292
2024-09-12,VXZ,16.218,8965.36,3.0,0.811,0.446
2024-09-13,PULS,-0.011,5.89,1.01,0.001,0.063
2024-09-13,VXZ,0.011,5.86,3.0,0.001,0.063
2024-09-16,PULS,0.059,32.95,1.01,0.003,0.063
2024-09-16,VXZ,0.04,22.37,3.0,0.002,0.064
2024-09-17,PULS,0.152,84.35,1.01,0.008,0.064
2024-09-17,VXZ,-0.352,195.48,3.0,0.018,0.068
2024-09-18,PULS,51.796,28648.23,1.01,2.59,0.938
2024-09-18,VXZ,-51.595,28537.17,3.0,2.58,1.418
2024-09-19,PULS,-68.0,37591.81,1.01,3.4,1.231
2024-09-19,VXZ,67.7,37425.96,3.0,3.385,1.884
2024-09-20,PULS,52.203,29075.64,1.01,2.61,0.945
2024-09-20,VXZ,-52.105,29020.72,3.0,2.605,1.442
2024-09-23,PULS,-43.925,24479.6,1.01,2.196,0.795
2024-09-23,VXZ,43.725,24368.09,3.0,2.186,1.207
2024-09-24,PULS,-8.108,4508.67,1.0,0.405,0.147
2024-09-24,VXZ,8.308,4620.24,3.0,0.415,0.23
2024-09-25,PULS,68.161,38061.05,1.0,3.408,1.233
2024-09-25,VXZ,-68.062,38005.48,3.0,3.403,1.876
2024-09-26,PULS,-52.0,29021.28,1.0,2.6,0.941
2024-09-26,VXZ,51.8,28909.66,3.0,2.59,1.428
2024-09-27,PULS,52.563,29691.98,1.0,2.628,0.95
2024-09-27,VXZ,-52.366,29580.42,3.0,2.618,1.429
2024-09-30,PULS,-52.0,29346.19,1.0,2.6,0.94
2024-09-30,VXZ,52.0,29346.19,3.0,2.6,1.424
2024-10-01,PULS,16.727,9587.37,1.01,0.836,0.304
2024-10-01,VXZ,-52.727,30221.34,3.0,2.636,1.425
2024-10-01,ZVOL,36.0,20633.96,15.0,5.4,3.911
2024-10-02,PULS,35.94,20572.88,1.01,1.797,0.652
2024-10-02,ZVOL,-35.94,20572.88,15.0,5.391,3.907
2024-10-03,PULS,-36.0,20599.4,1.01,1.8,0.653
2024-10-03,ZVOL,36.0,20599.4,15.0,5.4,3.936
2024-10-04,PULS,0.591,341.12,1.01,0.03,0.064
2024-10-04,VXZ,35.9,20725.56,3.0,1.795,0.974
2024-10-04,ZVOL,-36.591,21124.41,15.0,5.489,3.969
2024-10-07,PULS,37.053,21745.15,1.01,1.853,0.672
2024-10-07,VXZ,-36.955,21687.44,3.0,1.848,0.982
2024-10-09,PULS,-36.0,21123.61,1.01,1.8,0.653
2024-10-09,VXZ,35.7,20947.58,3.0,1.785,0.968
2024-10-10,PULS,35.99,21119.75,1.01,1.8,0.653
2024-10-10,VXZ,-35.69,20943.78,3.0,1.785,0.968
2024-10-11,PULS,-36.0,21134.63,1.01,1.8,0.652
2024-10-11,VXZ,35.8,21017.22,3.0,1.79,0.973
2024-10-14,PULS,-24.516,14265.35,1.01,1.226,0.444
2024-10-14,VXZ,24.518,14266.36,3.0,1.226,0.674
2024-10-15,PULS,60.1,35051.09,1.01,3.005,1.089
2024-10-15,VXZ,-59.9,34934.79,3.0,2.995,1.642
2024-10-18,PULS,-36.0,21004.9,1.01,1.8,0.652
2024-10-18,VXZ,35.9,20946.55,3.0,1.795,0.995
2024-10-21,PULS,35.908,20913.26,1.01,1.795,0.65
2024-10-21,VXZ,-35.808,20854.94,3.0,1.79,0.994
2024-10-23,PULS,-52.0,30269.45,1.01,2.6,0.941
2024-10-23,ZVOL,52.0,30269.45,15.0,7.8,5.591
2024-10-24,PULS,52.132,30419.45,1.01,2.607,0.944
2024-10-24,ZVOL,-52.132,30419.45,15.0,7.82,5.596
2024-10-29,PULS,-36.0,21015.45,1.0,1.8,0.651
2024-10-29,VXZ,35.8,20898.7,3.0,1.79,0.988
2024-10-30,PULS,36.355,21328.54,1.01,1.818,0.658
2024-10-30,VXZ,-36.156,21211.83,3.0,1.808,0.991
2024-10-31,PULS,-76.0,44552.74,1.01,3.8,1.375
2024-10-31,ZVOL,76.0,44552.74,15.0,11.4,8.347
2024-11-01,PULS,75.902,44302.72,1.01,3.795,1.378
2024-11-01,ZVOL,-75.902,44302.72,15.0,11.385,8.349
2024-11-04,PULS,-60.0,35013.32,1.01,3.0,1.089
2024-11-04,ZVOL,60.0,35013.32,15.0,9.0,6.55
2024-11-05,PULS,60.594,35870.87,1.01,3.03,1.1
2024-11-05,ZVOL,-60.594,35870.87,15.0,9.089,6.564
2024-11-06,PULS,-60.0,35497.29,1.01,3.0,1.089
2024-11-06,VXZ,59.9,35438.13,3.0,2.995,1.677
2024-11-07,PULS,-8.447,4951.86,1.01,0.422,0.153
2024-11-07,VXZ,8.147,4775.99,3.0,0.407,0.23
2024-11-08,PULS,-0.226,131.59,1.01,0.011,0.061
2024-11-08,VXZ,0.328,190.99,3.0,0.016,0.065
2024-11-11,PULS,-0.092,53.16,1.01,0.005,0.061
2024-11-11,VXZ,-0.008,4.57,3.0,0.0,0.06
2024-11-12,PULS,68.202,39817.98,1.01,3.41,1.237
2024-11-12,VXZ,-67.904,39643.9,3.0,3.395,1.92
2024-11-14,PULS,-36.0,21022.63,1.01,1.8,0.652
2024-11-14,ZVOL,36.0,21022.63,15.0,5.4,3.83
2024-11-15,PULS,-16.554,9584.47,1.01,0.828,0.3
2024-11-15,ZVOL,16.554,9584.47,15.0,2.483,1.774
2024-11-18,PULS,52.592,30818.93,1.01,2.63,0.953
2024-11-18,ZVOL,-52.592,30818.93,15.0,7.889,5.595
2024-11-21,PULS,-36.0,21092.33,1.01,1.8,0.652
2024-11-21,VXZ,35.9,21033.74,3.0,1.795,1.013
2024-11-22,PULS,-0.232,135.64,1.01,0.012,0.061
2024-11-22,VXZ,0.033,18.99,3.0,0.002,0.06
2024-11-25,PULS,-16.353,9502.23,1.01,0.818,0.296
2024-11-25,VXZ,16.455,9561.22,3.0,0.823,0.47
2024-11-26,PULS,-8.099,4695.73,1.01,0.405,0.147
2024-11-26,VXZ,7.999,4637.99,3.0,0.4,0.229
2024-11-27,PULS,60.09,34912.37,1.0,3.004,1.087
2024-11-27,VXZ,-59.791,34738.53,3.0,2.99,1.706
2024-11-29,PULS,-52.0,30208.12,1.0,2.6,0.94
2024-11-29,VXZ,51.9,30150.02,3.0,2.595,1.484
2024-12-02,PULS,-7.899,4599.76,1.01,0.395,0.143
2024-12-02,VXZ,7.699,4483.15,3.0,0.385,0.22
2024-12-03,PULS,-0.024,13.83,1.01,0.001,0.06
2024-12-03,VXZ,0.324,188.51,3.0,0.016,0.065
2024-12-04,PULS,-23.757,13912.08,1.01,1.188,0.431
2024-12-04,VXZ,23.557,13794.96,3.0,1.178,0.669
2024-12-05,PULS,84.22,49964.86,1.01,4.211,1.528
2024-12-05,VXZ,-84.023,49847.84,3.0,4.201,2.369
2024-12-06,PULS,-68.0,40338.13,1.01,3.4,1.233
2024-12-06,VXZ,67.7,40160.17,3.0,3.385,1.916
2024-12-09,PULS,68.198,40687.66,1.01,3.41,1.236
2024-12-09,VXZ,-67.9,40509.82,3.0,3.395,1.913
2024-12-10,PULS,-36.0,21469.96,1.01,1.8,0.652
2024-12-10,ZVOL,36.0,21469.96,15.0,5.4,3.867
2024-12-11,PULS,35.926,21397.71,1.01,1.796,0.651
2024-12-11,ZVOL,-35.926,21397.71,15.0,5.389,3.863
2024-12-18,PULS,-84.0,50007.36,1.01,4.2,1.521
2024-12-18,ZVOL,84.0,50007.36,15.0,12.6,9.317
2024-12-19,PULS,83.348,47645.38,1.01,4.167,1.509
2024-12-19,ZVOL,-83.348,47645.38,15.0,12.502,9.39
2024-12-24,PULS,-36.0,20592.23,1.01,1.8,0.651
2024-12-24,VXZ,36.0,20592.23,3.0,1.8,1.022
2024-12-26,PULS,0.17,97.7,1.01,0.009,0.062
2024-12-26,VXZ,-0.37,212.38,3.0,0.019,0.067
2024-12-27,PULS,36.447,21051.0,1.01,1.822,0.662
2024-12-27,VXZ,-36.248,20936.36,3.0,1.812,1.016
2024-12-30,PULS,-52.0,30030.44,1.01,2.6,0.945
2024-12-30,ZVOL,52.0,30030.44,15.0,7.8,5.686
2024-12-31,PULS,0.061,35.19,1.01,0.003,0.061
2024-12-31,ZVOL,-0.061,35.19,15.0,0.009,0.065
2025-01-02,PULS,-7.808,4534.72,1.01,0.39,0.142
2025-01-02,ZVOL,7.808,4534.72,15.0,1.171,0.851
2025-01-03,PULS,59.953,34768.13,1.01,2.998,1.088
2025-01-03,ZVOL,-59.953,34768.13,15.0,8.993,6.538
2025-01-06,PULS,-36.0,20873.88,1.01,1.8,0.653
2025-01-06,VXZ,35.8,20757.92,3.0,1.79,1.008
2025-01-07,PULS,36.634,21445.95,1.01,1.832,0.665
2025-01-07,VXZ,-36.436,21330.03,3.0,1.822,1.013
2025-01-10,PULS,-52.0,30437.34,1.01,2.6,0.943
2025-01-10,ZVOL,52.0,30437.34,15.0,7.8,5.772
2025-01-13,PULS,15.967,9340.16,1.01,0.798,0.29
2025-01-13,ZVOL,-15.967,9340.16,15.0,2.395,1.773
2025-01-14,PULS,36.207,21248.78,1.01,1.81,0.656
2025-01-14,ZVOL,-36.207,21248.78,15.0,5.431,4.008
2025-01-15,PULS,-36.0,21127.95,1.01,1.8,0.652
2025-01-15,VXZ,36.0,21127.95,3.0,1.8,1.002
2025-01-16,PULS,35.854,20982.29,1.01,1.793,0.65
2025-01-16,VXZ,-35.854,20982.29,3.0,1.793,1.001
2025-01-17,PULS,-52.0,30427.35,1.01,2.6,0.942
2025-01-17,VXZ,51.9,30368.83,3.0,2.595,1.449
2025-01-21,PULS,-8.302,4833.79,1.01,0.415,0.15
2025-01-21,VXZ,8.002,4659.12,3.0,0.4,0.224
2025-01-22,PULS,-7.909,4616.16,1.01,0.395,0.143
2025-01-22,VXZ,8.108,4732.46,3.0,0.405,0.227
2025-01-23,PULS,-0.193,111.8,1.01,0.01,0.061
2025-01-23,VXZ,0.293,170.17,3.0,0.015,0.065
2025-01-24,PULS,68.046,39530.84,1.01,3.402,1.231
2025-01-24,VXZ,-68.046,39530.84,3.0,3.402,1.91
2025-01-27,PULS,-36.0,20906.07,1.01,1.8,0.652
2025-01-27,ZVOL,36.0,20906.07,15.0,5.4,3.951
2025-01-28,PULS,36.565,21420.0,1.01,1.828,0.662
2025-01-28,ZVOL,-36.565,21420.0,15.0,5.485,3.982
2025-02-03,PULS,-36.0,21097.91,1.01,1.8,0.653
2025-02-03,ZVOL,36.0,21097.91,15.0,5.4,3.979
2025-02-04,PULS,36.271,21343.54,1.01,1.814,0.658
2025-02-04,ZVOL,-36.271,21343.54,15.0,5.441,3.994
2025-02-06,PULS,-36.0,21180.34,1.01,1.8,0.653
2025-02-06,VXZ,35.9,21121.51,3.0,1.795,1.003
2025-02-07,PULS,36.36,21505.23,1.01,1.818,0.66
2025-02-07,VXZ,-36.261,21446.42,3.0,1.813,1.006
2025-02-13,PULS,-36.0,21310.14,1.01,1.8,0.652
2025-02-13,VXZ,35.8,21191.75,3.0,1.79,0.998
2025-02-14,PULS,0.171,101.48,1.01,0.009,0.06
2025-02-14,VXZ,0.028,16.91,3.0,0.001,0.059
2025-02-18,PULS,-15.934,9467.63,1.01,0.797,0.289
2025-02-18,VXZ,15.734,9348.8,3.0,0.787,0.437
2025-02-19,PULS,-0.001,0.75,1.01,0.0,0.059
2025-02-19,VXZ,0.001,0.71,3.0,0.0,0.059
2025-02-20,PULS,52.019,30915.9,1.01,2.601,0.942
2025-02-20,VXZ,-51.82,30797.09,3.0,2.591,1.437
2025-02-21,PULS,-60.0,35665.56,1.01,3.0,1.086
2025-02-21,ZVOL,60.0,35665.56,15.0,9.0,6.706
2025-02-24,PULS,-7.793,4654.94,1.01,0.39,0.141
2025-02-24,ZVOL,7.793,4654.94,15.0,1.169,0.869
2025-02-25,PULS,-0.031,18.5,1.01,0.002,0.059
2025-02-25,ZVOL,0.031,18.5,15.0,0.005,0.061
2025-02-26,PULS,0.142,84.91,1.01,0.007,0.059
2025-02-26,ZVOL,-0.142,84.91,15.0,0.021,0.069
2025-02-27,PULS,-24.481,14459.42,1.01,1.224,0.443
2025-02-27,ZVOL,24.481,14459.42,15.0,3.672,2.769
2025-02-28,PULS,92.05,54699.64,1.0,4.602,1.664
2025-02-28,ZVOL,-92.05,54699.64,15.0,13.807,10.384
2025-03-04,PULS,-76.0,45128.45,1.01,3.8,1.379
2025-03-04,ZVOL,76.0,45128.45,15.0,11.4,8.692
2025-03-05,PULS,76.277,45775.17,1.01,3.814,1.384
2025-03-05,ZVOL,-76.277,45775.17,15.0,11.442,8.679
2025-03-06,PULS,-52.0,31195.88,1.01,2.6,0.944
2025-03-06,ZVOL,52.0,31195.88,15.0,7.8,6.016
2025-03-07,PULS,52.571,31900.92,1.01,2.629,0.954
2025-03-07,ZVOL,-52.571,31900.92,15.0,7.886,6.034
2025-03-10,PULS,-92.0,55796.48,1.01,4.6,1.669
2025-03-10,ZVOL,92.0,55796.48,15.0,13.8,10.721
2025-03-11,PULS,-7.95,4849.51,1.01,0.398,0.144
2025-03-11,ZVOL,7.95,4849.51,15.0,1.193,0.924
2025-03-12,PULS,100.0,62442.95,1.01,5.0,1.815
2025-03-12,ZVOL,-100.0,62442.95,15.0,15.0,11.527
2025-03-13,PULS,-100.0,62391.51,1.01,5.0,1.814
2025-03-13,ZVOL,100.0,62391.51,15.0,15.0,11.627
2025-03-14,PULS,100.0,64819.46,1.01,5.0,1.814
2025-03-14,ZVOL,-100.0,64819.46,15.0,15.0,11.468
2025-03-24,PULS,-52.0,33708.52,1.01,2.6,0.943
2025-03-24,VXZ,51.8,33578.87,3.0,2.59,1.432
2025-03-25,PULS,0.226,147.13,1.01,0.011,0.055
2025-03-25,VXZ,-0.027,17.49,3.0,0.001,0.054
2025-03-26,PULS,52.476,34522.15,1.01,2.624,0.951
2025-03-26,VXZ,-52.476,34522.15,3.0,2.624,1.432
2025-03-28,PULS,-60.0,39479.45,1.01,3.0,1.086
2025-03-28,ZVOL,60.0,39479.45,15.0,9.0,6.961
2025-03-31,PULS,59.843,39205.89,1.01,2.992,1.083
2025-03-31,ZVOL,-59.843,39205.89,15.0,8.976,6.958
2025-04-03,PULS,-84.0,55016.61,1.01,4.2,1.525
2025-04-03,ZVOL,84.0,55016.61,15.0,12.6,10.132
2025-04-04,PULS,83.144,51613.16,1.01,4.157,1.511
2025-04-04,ZVOL,-83.144,51613.16,15.0,12.472,10.275
2025-04-09,PULS,-36.0,22289.89,1.01,1.8,0.656
2025-04-09,VXZ,35.8,22166.06,3.0,1.79,0.935
2025-04-10,PULS,38.751,25044.32,1.01,1.938,0.706
2025-04-10,VXZ,-38.559,24920.54,3.0,1.928,0.96
2025-04-16,PULS,-36.0,23304.98,1.01,1.8,0.655
2025-04-16,ZVOL,36.0,23304.98,15.0,5.4,4.553
2025-04-17,PULS,36.168,23480.51,1.01,1.808,0.657
2025-04-17,ZVOL,-36.168,23480.51,15.0,5.425,4.559
2025-04-21,PULS,-52.0,33754.45,1.01,2.6,0.945
2025-04-21,ZVOL,52.0,33754.45,15.0,7.8,6.65
2025-04-22,PULS,52.693,34693.79,1.01,2.635,0.957
2025-04-22,ZVOL,-52.693,34693.79,15.0,7.904,6.662
2025-04-24,PULS,-36.0,23722.61,1.01,1.8,0.653
2025-04-24,VXZ,35.9,23656.71,3.0,1.795,0.908
2025-04-25,PULS,-16.391,10740.25,1.01,0.82,0.297
2025-04-25,VXZ,16.392,10740.61,3.0,0.82,0.418
2025-04-28,PULS,0.12,78.93,1.01,0.006,0.054
2025-04-28,VXZ,-0.02,13.41,3.0,0.001,0.054
2025-04-29,PULS,-0.123,80.86,1.01,0.006,0.054
2025-04-29,VXZ,0.023,15.35,3.0,0.001,0.054
2025-04-30,PULS,0.392,259.16,1.01,0.02,0.055
2025-04-30,VXZ,-0.393,259.73,3.0,0.02,0.059
2025-05-01,PULS,-8.349,5476.54,1.01,0.417,0.152
2025-05-01,VXZ,8.15,5345.82,3.0,0.407,0.207
2025-05-02,PULS,-8.623,5572.47,1.01,0.431,0.157
2025-05-02,VXZ,8.828,5704.62,3.0,0.441,0.227
2025-05-05,PULS,68.194,44306.75,1.01,3.41,1.24
2025-05-05,VXZ,-68.094,44242.17,3.0,3.405,1.745
2025-05-12,PULS,-76.0,49409.92,1.01,3.8,1.38
2025-05-12,VXZ,75.7,49214.89,3.0,3.785,2.017
2025-05-13,PULS,-8.007,5205.9,1.01,0.4,0.145
2025-05-13,VXZ,8.007,5205.88,3.0,0.4,0.213
2025-05-14,PULS,0.095,62.42,1.01,0.005,0.054
2025-05-14,VXZ,0.003,1.81,3.0,0.0,0.054
2025-05-15,PULS,-8.095,5266.96,1.01,0.405,0.147
2025-05-15,VXZ,8.096,5267.62,3.0,0.405,0.216
2025-05-16,PULS,0.079,52.09,1.01,0.004,0.054
2025-05-16,VXZ,-0.081,53.42,3.0,0.004,0.054
2025-05-19,PULS,0.055,36.64,1.01,0.003,0.053
2025-05-19,VXZ,0.043,28.62,3.0,0.002,0.054
2025-05-20,PULS,76.083,50240.53,1.01,3.804,1.379
2025-05-20,VXZ,-76.083,50240.41,3.0,3.804,2.012
2025-05-21,PULS,-35.529,23594.95,1.01,1.776,0.644
2025-05-21,VXZ,-16.371,10872.23,3.0,0.819,0.425
2025-05-21,ZVOL,52.0,34533.18,15.0,7.8,6.406
2025-05-22,PULS,15.943,10581.8,1.01,0.797,0.289
2025-05-22,ZVOL,-15.943,10581.8,15.0,2.391,1.965
2025-05-23,PULS,-16.444,10844.09,1.01,0.822,0.298
2025-05-23,ZVOL,16.444,10844.09,15.0,2.467,2.042
2025-05-27,PULS,52.908,35542.2,1.01,2.645,0.958
2025-05-27,ZVOL,-52.908,35542.2,15.0,7.936,6.476
2025-06-02,PULS,-36.0,24199.12,1.01,1.8,0.654
2025-06-02,VXZ,35.8,24064.68,3.0,1.79,0.929
2025-06-03,PULS,-16.227,10869.8,1.01,0.811,0.295
2025-06-03,VXZ,16.128,10803.27,3.0,0.806,0.42
2025-06-04,PULS,0.135,90.83,1.01,0.007,0.053
2025-06-04,VXZ,-0.036,24.27,3.0,0.002,0.053
2025-06-05,PULS,52.256,35278.62,1.01,2.613,0.949
2025-06-05,VXZ,-52.057,35144.29,3.0,2.603,1.347
2025-06-06,PULS,-36.0,24299.93,1.01,1.8,0.653
2025-06-06,VXZ,35.7,24097.43,3.0,1.785,0.93
2025-06-09,PULS,-0.04,27.23,1.01,0.002,0.052
2025-06-09,VXZ,0.34,229.73,3.0,0.017,0.057
2025-06-10,PULS,-24.005,16194.21,1.01,1.2,0.436
2025-06-10,VXZ,23.805,16059.29,3.0,1.19,0.62
2025-06-11,PULS,60.068,40584.41,1.01,3.003,1.09
2025-06-11,VXZ,-59.869,40449.57,3.0,2.993,1.558
2025-06-13,PULS,-36.0,24323.76,1.01,1.8,0.653
2025-06-13,ZVOL,36.0,24323.76,15.0,5.4,4.55
2025-06-16,PULS,36.443,24794.85,1.01,1.822,0.66
2025-06-16,ZVOL,-36.443,24794.85,15.0,5.466,4.569
2025-06-20,PULS,-36.0,24499.33,1.01,1.8,0.652
2025-06-20,ZVOL,36.0,24499.33,15.0,5.4,4.535
2025-06-23,PULS,36.04,24547.69,1.01,1.802,0.652
2025-06-23,ZVOL,-36.04,24547.69,15.0,5.406,4.536
2025-06-24,PULS,-52.0,35399.33,1.01,2.6,0.941
2025-06-24,VXZ,51.7,35195.11,3.0,2.585,1.349
2025-06-25,PULS,-0.119,80.72,1.01,0.006,0.052
2025-06-25,VXZ,0.32,217.04,3.0,0.016,0.056
2025-06-26,PULS,-16.199,10957.35,1.01,0.81,0.293
2025-06-26,VXZ,15.999,10822.32,3.0,0.8,0.42
2025-06-27,PULS,-7.912,5368.47,1.0,0.396,0.143
2025-06-27,VXZ,8.111,5503.53,3.0,0.406,0.212
2025-06-30,PULS,-7.9,5382.17,1.0,0.395,0.143
2025-06-30,VXZ,7.699,5245.63,3.0,0.385,0.201
2025-07-01,PULS,-0.01,6.9,1.01,0.001,0.051
2025-07-01,VXZ,0.01,6.98,3.0,0.001,0.052
2025-07-02,PULS,-7.973,5439.69,1.01,0.399,0.145
2025-07-02,VXZ,8.072,5507.53,3.0,0.404,0.211
2025-07-03,PULS,-8.008,5458.78,1.01,0.4,0.145
2025-07-03,VXZ,8.008,5458.88,3.0,0.4,0.209
2025-07-07,PULS,100.0,68383.6,1.01,5.0,1.815
2025-07-07,VXZ,-99.801,68247.4,3.0,4.99,2.601
2025-07-10,PULS,-36.0,24628.83,1.01,1.8,0.653
2025-07-10,VXZ,35.8,24492.01,3.0,1.79,0.939
2025-07-11,PULS,36.009,24654.4,1.01,1.8,0.653
2025-07-11,VXZ,-35.909,24585.94,3.0,1.795,0.941
2025-07-17,PULS,-36.0,24658.8,1.01,1.8,0.652
2025-07-17,VXZ,35.8,24521.81,3.0,1.79,0.928
2025-07-18,PULS,35.758,24426.47,1.01,1.788,0.648
2025-07-18,VXZ,-35.658,24357.93,3.0,1.783,0.927
2025-07-21,PULS,-36.0,24592.32,1.01,1.8,0.652
2025-07-21,VXZ,35.8,24455.7,3.0,1.79,0.93
2025-07-22,PULS,0.077,52.33,1.01,0.004,0.052
2025-07-22,VXZ,0.023,15.88,3.0,0.001,0.052
2025-07-23,PULS,-48.51,32906.09,1.01,2.426,0.878
2025-07-23,VXZ,48.511,32906.63,3.0,2.426,1.27
2025-07-24,PULS,-0.097,65.54,1.01,0.005,0.052
2025-07-24,VXZ,-0.002,1.45,3.0,0.0,0.052
2025-07-25,PULS,-16.001,10790.24,1.01,0.8,0.289
2025-07-25,VXZ,16.101,10857.61,3.0,0.805,0.423
2025-07-28,PULS,4.0,2666.48,1.01,0.2,0.073
2025-07-28,VXZ,-4.199,2799.03,3.0,0.21,0.115
2025-07-29,PULS,96.069,65116.61,1.0,4.803,1.738
2025-07-29,VXZ,-95.774,64916.82,3.0,4.789,2.508
2025-07-30,PULS,-36.0,24392.13,1.0,1.8,0.651
2025-07-30,ZVOL,36.0,24392.13,15.0,5.4,4.618
2025-07-31,PULS,-16.046,10864.91,1.0,0.802,0.29
2025-07-31,ZVOL,16.046,10864.91,15.0,2.407,2.06
2025-08-01,PULS,-24.46,16419.75,1.01,1.223,0.444
2025-08-01,ZVOL,24.46,16419.75,15.0,3.669,3.163
2025-08-04,PULS,76.208,51573.84,1.01,3.81,1.382
2025-08-04,ZVOL,-76.208,51573.84,15.0,11.431,9.806
2025-08-08,PULS,-36.0,24363.9,1.01,1.8,0.652
2025-08-08,VXZ,36.0,24363.9,3.0,1.8,0.94
2025-08-11,PULS,36.046,24403.99,1.01,1.802,0.653
2025-08-11,VXZ,-36.046,24403.99,3.0,1.802,0.941
2025-08-12,PULS,-52.0,35207.26,1.01,2.6,0.942
2025-08-12,VXZ,51.7,35004.14,3.0,2.585,1.355
2025-08-13,PULS,-7.958,5393.41,1.01,0.398,0.144
2025-08-13,VXZ,8.058,5460.96,3.0,0.403,0.211
2025-08-14,PULS,0.088,59.48,1.01,0.004,0.052
2025-08-14,VXZ,0.012,8.15,3.0,0.001,0.052
2025-08-15,PULS,60.158,41014.14,1.01,3.008,1.089
2025-08-15,VXZ,-60.059,40946.26,3.0,3.003,1.566
2025-08-19,PULS,-36.0,24539.61,1.01,1.8,0.652
2025-08-19,ZVOL,36.0,24539.61,15.0,5.4,4.6
2025-08-20,PULS,-16.056,10937.71,1.01,0.803,0.29
2025-08-20,ZVOL,16.056,10937.71,15.0,2.408,2.053
2025-08-21,PULS,-8.199,5560.64,1.01,0.41,0.148
2025-08-21,ZVOL,8.199,5560.64,15.0,1.23,1.052
2025-08-22,PULS,25.03,17431.25,1.0,1.252,0.452
2025-08-22,VXZ,35.7,24861.57,3.0,1.785,0.949
2025-08-22,ZVOL,-61.03,42501.74,15.0,9.155,7.691
2025-08-25,PULS,36.187,25260.41,1.0,1.809,0.654
2025-08-25,VXZ,-35.888,25051.56,3.0,1.794,0.951
2025-08-27,PULS,-36.0,25120.41,1.0,1.8,0.651
2025-08-27,VXZ,35.9,25050.63,3.0,1.795,0.947
2025-08-28,PULS,-16.11,11224.79,1.0,0.806,0.291
2025-08-28,VXZ,15.91,11085.53,3.0,0.796,0.421
2025-08-29,PULS,52.137,36433.79,1.0,2.607,0.942
2025-08-29,VXZ,-51.838,36224.88,3.0,2.592,1.367
2025-09-02,PULS,-36.0,25142.25,1.01,1.8,0.653
2025-09-02,ZVOL,36.0,25142.25,15.0,5.4,4.673
2025-09-03,PULS,36.025,25175.13,1.01,1.801,0.653
2025-09-03,ZVOL,-36.025,25175.13,15.0,5.404,4.673
2025-09-04,PULS,-36.0,25153.49,1.01,1.8,0.652
2025-09-04,VXZ,36.0,25153.49,3.0,1.8,0.952
2025-09-05,PULS,36.075,25241.22,1.01,1.804,0.653
2025-09-05,VXZ,-36.075,25241.22,3.0,1.804,0.953
2025-09-09,PULS,-36.0,25179.54,1.01,1.8,0.652
2025-09-09,VXZ,35.9,25109.6,3.0,1.795,0.954
2025-09-10,PULS,-15.999,11190.73,1.01,0.8,0.29
2025-09-10,VXZ,15.999,11190.72,3.0,0.8,0.425
2025-09-11,PULS,-16.279,11321.08,1.01,0.814,0.295
2025-09-11,VXZ,16.179,11251.92,3.0,0.809,0.432
2025-09-12,PULS,8.05,5607.98,1.01,0.403,0.146
2025-09-12,VXZ,-8.051,5608.22,3.0,0.403,0.215
2025-09-15,PULS,-15.92,11115.08,1.01,0.796,0.288
2025-09-15,VXZ,15.919,11114.75,3.0,0.796,0.424
2025-09-16,PULS,76.181,53562.8,1.01,3.809,1.378
2025-09-16,VXZ,-75.983,53423.27,3.0,3.799,2.013
2025-09-18,PULS,-60.0,42168.37,1.0,3.0,1.085
2025-09-18,VXZ,59.8,42027.81,3.0,2.99,1.594
2025-09-19,PULS,-24.008,16885.75,1.0,1.2,0.434
2025-09-19,VXZ,23.808,16745.09,3.0,1.19,0.634
2025-09-22,PULS,-11.908,8426.12,1.0,0.595,0.215
2025-09-22,VXZ,12.006,8495.57,3.0,0.6,0.319
2025-09-23,PULS,96.017,68165.71,1.0,4.801,1.736
2025-09-23,VXZ,-95.818,68024.32,3.0,4.791,2.539
2025-09-25,PULS,-36.0,25543.04,1.0,1.8,0.651
2025-09-25,ZVOL,36.0,25543.04,15.0,5.4,4.613
2025-09-26,PULS,36.485,26085.69,1.0,1.824,0.659
2025-09-26,ZVOL,-36.485,26085.69,15.0,5.473,4.713
2025-09-30,PULS,-36.0,25744.88,1.0,1.8,0.65
2025-09-30,VXZ,35.8,25601.86,3.0,1.79,0.957
2025-10-01,PULS,-16.052,11473.87,1.01,0.803,0.291
2025-10-01,VXZ,15.953,11402.44,3.0,0.798,0.427
2025-10-02,PULS,-7.871,5641.75,1.01,0.394,0.143
2025-10-02,VXZ,7.87,5641.12,3.0,0.394,0.21
2025-10-03,PULS,-0.057,40.91,1.01,0.003,0.049
2025-10-03,VXZ,0.258,184.37,3.0,0.013,0.053
2025-10-06,PULS,-15.951,11429.36,1.01,0.798,0.289
2025-10-06,VXZ,15.751,11285.97,3.0,0.788,0.42
2025-10-07,PULS,76.087,54695.49,1.01,3.804,1.378
2025-10-07,VXZ,-75.788,54480.7,3.0,3.789,2.018
2025-10-10,PULS,-76.0,54612.36,1.01,3.8,1.376
2025-10-10,ZVOL,76.0,54612.36,15.0,11.4,9.996
2025-10-13,PULS,76.413,55849.66,1.01,3.821,1.383
2025-10-13,ZVOL,-76.413,55849.66,15.0,11.462,9.951
2025-10-20,PULS,-36.0,26312.8,1.01,1.8,0.651
2025-10-20,VXZ,35.9,26239.71,3.0,1.795,0.955
2025-10-21,PULS,0.089,64.95,1.0,0.004,0.048
2025-10-21,VXZ,-0.289,211.54,3.0,0.014,0.052
2025-10-22,PULS,36.058,26448.5,1.0,1.803,0.652
2025-10-22,VXZ,-35.858,26301.96,3.0,1.793,0.95
2025-10-24,PULS,-52.0,38128.97,1.0,2.6,0.94
2025-10-24,VXZ,51.9,38055.64,3.0,2.595,1.384
2025-10-27,PULS,-16.166,11810.91,1.0,0.808,0.292
2025-10-27,VXZ,16.166,11811.17,3.0,0.808,0.432
2025-10-28,PULS,0.171,125.57,1.0,0.009,0.048
2025-10-28,VXZ,-0.271,199.47,3.0,0.014,0.052
2025-10-29,PULS,0.147,108.57,1.0,0.007,0.048
2025-10-29,VXZ,0.052,38.39,3.0,0.003,0.048
2025-10-30,PULS,32.155,23830.69,1.0,1.608,0.581
2025-10-30,VXZ,-68.155,50511.23,3.0,3.408,1.805
2025-10-30,ZVOL,36.0,26680.54,15.0,5.4,4.786
2025-10-31,PULS,35.739,26385.35,1.0,1.787,0.645
2025-10-31,ZVOL,-35.739,26385.35,15.0,5.361,4.773
2025-11-04,PULS,-52.0,38375.63,1.01,2.6,0.943
2025-11-04,ZVOL,52.0,38375.63,15.0,7.8,7.001
2025-11-05,PULS,52.516,39163.68,1.01,2.626,0.952
2025-11-05,ZVOL,-52.516,39163.68,15.0,7.877,7.006
2025-11-06,PULS,-52.0,38758.22,1.01,2.6,0.943
2025-11-06,ZVOL,52.0,38758.22,15.0,7.8,6.976
2025-11-07,PULS,16.076,12006.07,1.01,0.804,0.291
2025-11-07,ZVOL,-16.076,12006.07,15.0,2.411,2.153
2025-11-10,PULS,0.297,222.66,1.01,0.015,0.048
2025-11-10,VXZ,35.8,26857.05,3.0,1.79,0.946
2025-11-10,ZVOL,-36.297,27229.76,15.0,5.445,4.833
2025-11-11,PULS,0.113,84.66,1.01,0.006,0.047
2025-11-11,VXZ,-0.013,9.77,3.0,0.001,0.047
2025-11-12,PULS,0.042,31.27,1.01,0.002,0.047
2025-11-12,VXZ,0.058,43.88,3.0,0.003,0.047
2025-11-13,PULS,0.643,488.72,1.01,0.032,0.049
2025-11-13,VXZ,-36.643,27831.02,3.0,1.832,0.954
2025-11-13,ZVOL,36.0,27342.3,15.0,5.4,4.869
2025-11-14,PULS,0.225,171.35,1.01,0.011,0.047
2025-11-14,ZVOL,-0.225,171.35,15.0,0.034,0.063
2025-11-17,PULS,-24.186,18379.87,1.01,1.209,0.438
2025-11-17,ZVOL,24.186,18379.87,15.0,3.628,3.268
2025-11-18,PULS,-16.206,12252.64,1.01,0.81,0.293
2025-11-18,ZVOL,16.206,12252.64,15.0,2.431,2.198
2025-11-19,PULS,76.061,57629.96,1.01,3.803,1.376
2025-11-19,ZVOL,-76.061,57629.96,15.0,11.409,10.299
2025-11-20,PULS,-84.0,63590.79,1.01,4.2,1.52
2025-11-20,ZVOL,84.0,63590.79,15.0,12.6,11.488
2025-11-21,PULS,84.1,64047.88,1.0,4.205,1.521
2025-11-21,ZVOL,-84.1,64047.88,15.0,12.615,11.46
2025-11-24,PULS,-36.0,27406.42,1.0,1.8,0.651
2025-11-24,VXZ,35.8,27254.16,3.0,1.79,0.938
2025-11-25,PULS,-0.282,213.75,1.0,0.014,0.048
2025-11-25,VXZ,0.283,214.38,3.0,0.014,0.05
2025-11-26,PULS,-16.193,12239.35,1.0,0.81,0.293
2025-11-26,VXZ,16.393,12390.95,3.0,0.82,0.433
2025-11-28,PULS,-0.248,186.59,1.0,0.012,0.048
2025-11-28,VXZ,-0.052,39.09,3.0,0.003,0.047
2025-12-01,PULS,51.722,38662.62,1.01,2.586,0.938
2025-12-01,VXZ,-51.42,38437.06,3.0,2.571,1.371
2025-12-03,PULS,-36.0,26911.45,1.01,1.8,0.653
2025-12-03,VXZ,35.8,26761.94,3.0,1.79,0.955
2025-12-04,PULS,-16.099,12013.97,1.01,0.805,0.292
2025-12-04,VXZ,16.199,12088.83,3.0,0.81,0.433
2025-12-05,PULS,-0.167,124.39,1.01,0.008,0.048
2025-12-05,VXZ,0.268,199.01,3.0,0.013,0.051
2025-12-08,PULS,52.099,38819.3,1.01,2.605,0.944
2025-12-08,VXZ,-52.099,38819.3,3.0,2.605,1.393
2025-12-10,PULS,-36.0,26819.37,1.01,1.8,0.652
2025-12-10,VXZ,35.9,26744.88,3.0,1.795,0.967
2025-12-11,PULS,-24.129,17963.74,1.01,1.206,0.437
2025-12-11,VXZ,24.129,17963.74,3.0,1.206,0.65
2025-12-12,PULS,23.96,17812.73,1.01,1.198,0.434
2025-12-12,VXZ,-59.96,44576.65,3.0,2.998,1.618
2025-12-12,ZVOL,36.0,26763.92,15.0,5.4,4.795
2025-12-15,PULS,-0.076,56.11,1.01,0.004,0.048
2025-12-15,ZVOL,0.076,56.11,15.0,0.011,0.053
2025-12-16,PULS,-15.961,11859.95,1.01,0.798,0.289
2025-12-16,ZVOL,15.961,11859.95,15.0,2.394,2.169
2025-12-17,PULS,-16.141,11956.16,1.01,0.807,0.292
2025-12-17,ZVOL,16.141,11956.16,15.0,2.421,2.199
2025-12-18,PULS,68.221,50880.19,1.01,3.411,1.234
2025-12-18,ZVOL,-68.221,50880.19,15.0,10.233,9.251
2025-12-22,PULS,-36.0,26839.39,1.01,1.8,0.651
2025-12-22,VXZ,35.8,26690.28,3.0,1.79,0.982
2025-12-23,PULS,-15.978,11914.41,1.01,0.799,0.289
2025-12-23,VXZ,16.078,11988.93,3.0,0.804,0.441
2025-12-24,PULS,0.09,66.98,1.0,0.004,0.047
2025-12-24,VXZ,-0.19,141.88,3.0,0.009,0.05
2025-12-26,PULS,0.08,59.63,1.0,0.004,0.047
2025-12-26,VXZ,-0.08,59.94,3.0,0.004,0.048
2025-12-29,PULS,52.187,39223.45,1.0,2.609,0.943
2025-12-29,VXZ,-51.988,39073.75,3.0,2.599,1.415
2025-12-31,PULS,-52.0,39074.55,1.01,2.6,0.944
2025-12-31,ZVOL,52.0,39074.55,15.0,7.8,7.004
2026-01-02,PULS,52.031,39125.03,1.01,2.602,0.944
2026-01-02,ZVOL,-52.031,39125.03,15.0,7.805,7.002
2026-01-06,PULS,-36.0,27066.05,1.01,1.8,0.653
2026-01-06,VXZ,35.7,26840.5,3.0,1.785,0.973
2026-01-07,PULS,36.116,27225.56,1.01,1.806,0.655
2026-01-07,VXZ,-35.917,27075.1,3.0,1.796,0.975
2026-01-09,PULS,-52.0,39194.08,1.01,2.6,0.942
2026-01-09,VXZ,51.9,39118.71,3.0,2.595,1.422
2026-01-12,PULS,-0.091,68.32,1.01,0.005,0.047
2026-01-12,VXZ,-0.009,7.0,3.0,0.0,0.047
2026-01-13,PULS,52.037,39220.7,1.01,2.602,0.943
2026-01-13,VXZ,-51.938,39145.42,3.0,2.597,1.423
2026-01-14,PULS,-36.0,27123.21,1.01,1.8,0.652
2026-01-14,ZVOL,36.0,27123.21,15.0,5.4,4.829
2026-01-15,PULS,36.209,27359.58,1.01,1.81,0.656
2026-01-15,ZVOL,-36.209,27359.58,15.0,5.431,4.838
2026-01-20,PULS,-76.0,57404.1,1.01,3.8,1.376
2026-01-20,ZVOL,76.0,57404.1,15.0,11.4,10.248
2026-01-21,PULS,76.363,58529.84,1.01,3.818,1.382
2026-01-21,ZVOL,-76.363,58529.84,15.0,11.454,10.414
2026-01-26,PULS,-36.0,27604.75,1.0,1.8,0.651
2026-01-26,VXZ,36.0,27604.75,3.0,1.8,0.986
2026-01-27,PULS,0.143,110.19,1.0,0.007,0.046
2026-01-27,VXZ,-0.343,263.92,3.0,0.017,0.051
2026-01-28,PULS,0.009,6.67,1.0,0.0,0.046
2026-01-28,VXZ,0.091,70.19,3.0,0.005,0.047
2026-01-29,PULS,36.302,28035.97,1.0,1.815,0.656
2026-01-29,VXZ,-36.203,27959.12,3.0,1.81,0.982
2026-01-30,PULS,-36.0,27803.26,1.0,1.8,0.651
2026-01-30,ZVOL,36.0,27803.26,15.0,5.4,4.959
2026-02-02,PULS,36.374,28248.79,1.01,1.819,0.66
2026-02-02,ZVOL,-36.374,28248.79,15.0,5.456,4.973
2026-02-03,PULS,-36.0,27959.26,1.01,1.8,0.653
2026-02-03,ZVOL,36.0,27959.26,15.0,5.4,4.95
2026-02-04,PULS,-16.222,12550.68,1.01,0.811,0.294
2026-02-04,ZVOL,16.222,12550.68,15.0,2.433,2.241
2026-02-05,PULS,-24.298,18685.59,1.01,1.215,0.44
2026-02-05,ZVOL,24.298,18685.59,15.0,3.645,3.374
2026-02-06,PULS,76.363,59603.89,1.01,3.818,1.384
2026-02-06,ZVOL,-76.363,59603.89,15.0,11.454,10.505
2026-02-12,PULS,-52.0,40574.17,1.01,2.6,0.942
2026-02-12,ZVOL,52.0,40574.17,15.0,7.8,7.191
2026-02-13,PULS,-0.191,148.43,1.01,0.01,0.046
2026-02-13,ZVOL,0.191,148.43,15.0,0.029,0.059
2026-02-17,PULS,52.275,40871.69,1.01,2.614,0.946
2026-02-17,ZVOL,-52.275,40871.69,15.0,7.841,7.215
2026-02-20,PULS,-36.0,28153.53,1.01,1.8,0.651
2026-02-20,VXZ,36.0,28153.53,3.0,1.8,0.971
2026-02-23,PULS,36.245,28448.68,1.0,1.812,0.656
2026-02-23,VXZ,-36.245,28448.68,3.0,1.812,0.973
2026-02-25,PULS,-36.0,28246.22,1.0,1.8,0.651
2026-02-25,VXZ,35.7,28010.83,3.0,1.785,0.964
2026-02-26,PULS,36.096,28387.34,1.0,1.805,0.653
2026-02-26,VXZ,-35.896,28230.32,3.0,1.795,0.966
2026-03-03,PULS,-52.0,40869.52,1.01,2.6,0.944
2026-03-03,ZVOL,52.0,40869.52,15.0,7.8,7.45
2026-03-04,PULS,52.292,41319.04,1.01,2.615,0.949
2026-03-04,ZVOL,-52.292,41319.04,15.0,7.844,7.451
2026-03-12,PULS,-68.0,53704.56,1.01,3.4,1.234
2026-03-12,ZVOL,68.0,53704.56,15.0,10.2,10.017
2026-03-13,PULS,-16.199,12715.01,1.01,0.81,0.294
2026-03-13,ZVOL,16.199,12715.01,15.0,2.43,2.397
2026-03-16,PULS,84.34,67589.92,1.01,4.217,1.53
2026-03-16,ZVOL,-84.34,67589.92,15.0,12.651,12.322
2026-03-18,PULS,-36.0,28851.37,1.01,1.8,0.653
2026-03-18,ZVOL,36.0,28851.37,15.0,5.4,5.476
2026-03-19,PULS,-15.909,12760.58,1.01,0.795,0.289
2026-03-19,ZVOL,15.909,12760.58,15.0,2.386,2.415
2026-03-20,PULS,-40.537,32142.38,1.01,2.027,0.735
2026-03-20,ZVOL,40.537,32142.38,15.0,6.081,6.223
2026-03-23,PULS,92.205,74990.09,1.01,4.61,1.672
2026-03-23,ZVOL,-92.205,74990.09,15.0,13.831,13.95
2026-03-26,PULS,-52.0,42260.43,1.01,2.6,0.943
2026-03-26,ZVOL,52.0,42260.43,15.0,7.8,7.967
2026-03-27,PULS,-44.75,35813.63,1.01,2.237,0.811
2026-03-27,ZVOL,44.75,35813.63,15.0,6.712,6.961
2026-03-30,PULS,-4.005,3201.08,1.01,0.2,0.073
2026-03-30,ZVOL,4.005,3201.08,15.0,0.601,0.623
2026-03-31,PULS,100.0,82423.96,1.01,5.0,1.818
2026-03-31,ZVOL,-100.0,82423.96,15.0,15.0,15.313
2026-04-01,PULS,-36.0,29673.65,1.01,1.8,0.654
2026-04-01,VXZ,35.8,29508.8,3.0,1.79,0.93
2026-04-02,PULS,-0.237,194.6,1.01,0.012,0.044
2026-04-02,VXZ,0.237,194.87,3.0,0.012,0.046
2026-04-06,PULS,-0.279,228.23,1.01,0.014,0.044
2026-04-06,VXZ,0.279,228.59,3.0,0.014,0.047
2026-04-07,PULS,0.255,210.01,1.01,0.013,0.044
2026-04-07,VXZ,-0.256,210.36,3.0,0.013,0.046
2026-04-08,PULS,-32.842,26660.87,1.01,1.642,0.596
2026-04-08,VXZ,32.743,26580.71,3.0,1.637,0.867
2026-04-09,PULS,-0.251,201.81,1.01,0.013,0.045
2026-04-09,VXZ,0.252,203.07,3.0,0.013,0.047
2026-04-10,PULS,0.076,61.28,1.01,0.004,0.044
2026-04-10,VXZ,0.024,19.04,3.0,0.001,0.044
2026-04-13,PULS,-8.277,6627.47,1.01,0.414,0.15
2026-04-13,VXZ,8.278,6628.17,3.0,0.414,0.221
2026-04-14,PULS,-8.143,6483.6,1.01,0.407,0.148
2026-04-14,VXZ,8.043,6404.41,3.0,0.402,0.216
2026-04-15,PULS,-7.93,6342.74,1.01,0.397,0.144
2026-04-15,VXZ,8.129,6501.98,3.0,0.406,0.217
2026-04-16,PULS,-0.016,12.75,1.01,0.001,0.044
2026-04-16,VXZ,0.016,12.75,3.0,0.001,0.044
2026-04-17,PULS,-8.03,6389.29,1.01,0.401,0.146
2026-04-17,VXZ,8.03,6389.29,3.0,0.401,0.215
2026-04-20,PULS,4.0,3212.39,1.01,0.2,0.072
2026-04-20,VXZ,-4.2,3373.01,3.0,0.21,0.112
2026-04-21,PULS,96.022,77443.39,1.01,4.801,1.74
2026-04-21,VXZ,-95.823,77282.93,3.0,4.791,2.552
2026-04-27,PULS,-36.0,29053.23,1.01,1.8,0.652
2026-04-27,VXZ,35.9,28972.53,3.0,1.795,0.956
2026-04-28,PULS,35.815,28809.63,1.01,1.791,0.648
2026-04-28,VXZ,-35.714,28728.96,3.0,1.786,0.954
2026-04-30,PULS,-52.0,41820.9,1.01,2.6,0.944
2026-04-30,VXZ,51.9,41740.47,3.0,2.595,1.391
2026-05-01,PULS,-7.951,6403.37,1.01,0.398,0.144
2026-05-01,VXZ,7.951,6403.26,3.0,0.398,0.213
2026-05-04,PULS,60.126,48534.27,1.01,3.006,1.092
2026-05-04,VXZ,-60.026,48453.78,3.0,3.001,1.604
2026-05-05,PULS,-36.0,29048.8,1.01,1.8,0.654
2026-05-05,VXZ,35.9,28968.11,3.0,1.795,0.956
2026-05-06,PULS,-60.232,48416.09,1.01,3.012,1.093
2026-05-06,VXZ,60.232,48416.34,3.0,3.012,1.611
2026-05-07,PULS,95.966,76437.98,1.01,4.798,1.741
2026-05-07,VXZ,-95.865,76357.67,3.0,4.793,2.573
2026-05-08,PULS,-92.0,73225.05,1.01,4.6,1.669
2026-05-08,VXZ,91.8,73065.87,3.0,4.59,2.452
2026-05-11,PULS,-3.94,3159.34,1.01,0.197,0.071
2026-05-11,VXZ,3.938,3158.13,3.0,0.197,0.105
2026-05-12,PULS,95.963,76184.41,1.01,4.798,1.74
2026-05-12,VXZ,-95.761,76024.18,3.0,4.788,2.56
2026-05-13,PULS,-96.0,76123.89,1.01,4.8,1.741
2026-05-13,VXZ,95.8,75965.29,3.0,4.79,2.544
2026-05-14,PULS,-4.012,3172.34,1.01,0.201,0.073
2026-05-14,VXZ,4.013,3172.79,3.0,0.201,0.107
2026-05-15,PULS,100.0,78799.79,1.01,5.0,1.813
2026-05-15,VXZ,-99.8,78641.83,3.0,4.99,2.657
2026-05-19,PULS,-36.0,28363.16,1.01,1.8,0.653
2026-05-19,ZVOL,36.0,28363.16,15.0,5.4,5.446
2026-05-20,PULS,35.799,28123.24,1.01,1.79,0.649
2026-05-20,ZVOL,-35.799,28123.24,15.0,5.37,5.605
2026-05-22,PULS,-36.0,28287.63,1.01,1.8,0.652
2026-05-22,VXZ,35.9,28209.05,3.0,1.795,0.96
2026-05-26,PULS,-16.315,12767.46,1.01,0.816,0.295
2026-05-26,VXZ,16.315,12767.46,3.0,0.816,0.438
2026-05-27,PULS,-0.235,182.74,1.01,0.012,0.046
2026-05-27,VXZ,0.235,182.74,3.0,0.012,0.048
2026-05-28,PULS,-16.027,12474.84,1.01,0.801,0.29
2026-05-28,VXZ,15.927,12397.01,3.0,0.796,0.43
2026-05-29,PULS,-8.161,6323.67,1.01,0.408,0.148
2026-05-29,VXZ,8.062,6246.53,3.0,0.403,0.218
2026-06-01,PULS,-7.786,6086.31,1.01,0.389,0.141
2026-06-01,VXZ,7.884,6163.09,3.0,0.394,0.212
2026-06-02,PULS,-8.052,6275.06,1.01,0.403,0.146
2026-06-02,VXZ,8.052,6275.3,3.0,0.403,0.217
2026-06-03,PULS,56.007,43641.85,1.01,2.8,1.017
2026-06-03,VXZ,-91.907,71616.08,3.0,4.595,2.479
2026-06-03,ZVOL,36.0,28052.08,15.0,5.4,5.56
2026-06-04,PULS,36.217,28312.22,1.01,1.811,0.657
2026-06-04,ZVOL,-36.217,28312.22,15.0,5.433,5.566
2026-06-05,PULS,-60.0,46865.91,1.01,3.0,1.089
2026-06-05,ZVOL,60.0,46865.91,15.0,9.0,9.25
2026-06-08,PULS,8.204,6440.02,1.01,0.41,0.149
2026-06-08,ZVOL,-8.204,6440.02,15.0,1.231,1.259
2026-06-09,PULS,-7.89,6209.93,1.01,0.394,0.143
2026-06-09,ZVOL,7.89,6209.93,15.0,1.183,1.208
2026-06-10,PULS,-24.413,19017.73,1.01,1.221,0.443
2026-06-10,ZVOL,24.413,19017.73,15.0,3.662,3.771
2026-06-11,PULS,84.109,65938.49,1.01,4.205,1.526
2026-06-11,ZVOL,-84.109,65938.49,15.0,12.616,12.935
2026-06-15,PULS,-36.0,28223.75,1.01,1.8,0.653
2026-06-15,VXZ,35.8,28066.95,3.0,1.79,0.979
2026-06-16,PULS,36.113,28357.14,1.01,1.806,0.655
2026-06-16,VXZ,-35.913,28200.4,3.0,1.796,0.98
2026-06-23,PULS,-36.0,28275.35,1.01,1.8,0.652
2026-06-23,ZVOL,36.0,28275.35,15.0,5.4,5.632
2026-06-24,PULS,0.091,71.67,1.01,0.005,0.045
2026-06-24,ZVOL,-0.091,71.67,15.0,0.014,0.051
2026-06-25,PULS,36.617,29076.32,1.01,1.831,0.663
2026-06-25,ZVOL,-36.617,29076.32,15.0,5.493,5.638
2026-06-26,PULS,-52.0,41277.41,1.01,2.6,0.942
2026-06-26,ZVOL,52.0,41277.41,15.0,7.8,8.073
2026-06-29,PULS,52.179,41560.45,1.01,2.609,0.945
2026-06-29,ZVOL,-52.179,41560.45,15.0,7.827,8.07
2026-06-30,PULS,-36.0,28666.07,1.01,1.8,0.654
2026-06-30,VXZ,35.9,28586.45,3.0,1.795,1.001
2026-07-01,PULS,36.023,28683.79,1.01,1.801,0.654
2026-07-01,VXZ,-35.923,28604.19,3.0,1.796,1.001
2026-07-06,PULS,-52.0,41408.99,1.01,2.6,0.944
2026-07-06,VXZ,51.8,41249.72,3.0,2.59,1.448
2026-07-07,PULS,52.03,41444.45,1.01,2.601,0.944
2026-07-07,VXZ,-51.83,41285.27,3.0,2.591,1.448
2026-07-10,PULS,-36.0,28665.38,1.01,1.8,0.653
2026-07-10,VXZ,35.9,28585.76,3.0,1.795,1.001
2026-07-13,PULS,35.982,28637.83,1.01,1.799,0.653
2026-07-13,VXZ,-35.882,28558.24,3.0,1.794,1.001
2026-07-17,PULS,-52.0,41398.08,1.01,2.6,0.943
2026-07-17,ZVOL,52.0,41398.08,15.0,7.8,7.953
2026-07-20,PULS,-0.115,91.3,1.01,0.006,0.045
2026-07-20,ZVOL,0.115,91.3,15.0,0.017,0.053
2026-07-21,PULS,51.718,40820.97,1.01,2.586,0.937
2026-07-21,ZVOL,-51.718,40820.97,15.0,7.758,7.973
2026-07-23,PULS,-52.0,41013.6,1.01,2.6,0.943
2026-07-23,ZVOL,52.0,41013.6,15.0,7.8,8.292
2026-07-24,PULS,15.941,12560.81,1.01,0.797,0.289
2026-07-24,ZVOL,-15.941,12560.81,15.0,2.391,2.545
2026-07-27,PULS,36.179,28576.82,1.01,1.809,0.656
2026-07-27,ZVOL,-36.179,28576.82,15.0,5.427,5.752
