variant,case,nav_usd,vol,dr2,neff_equal_rho,neff_pca_entropy,neff_inv_hhi_prc,neff_min_torsion,btc_risk_share,btc_dollar_share,cash_like_share,cash_like_usd,box_growth_up,box_growth_down,box_inflation_up,box_inflation_down,box_unmapped,balance_score,exp_return_prior,gross
old book,"liquid now (plug $310,876)",2485346.0,0.10397747836371357,4.001648058262962,5.892707273578183,5.107690724694109,5.013045524618531,12.894314777411552,0.4025584018330886,0.11325792062755045,0.47382392632655573,1177616.4000000001,0.44764045112630046,-0.008100708012143082,0.3415227259563837,0.21693755662934755,0.00199997430011134,0.6123404719296797,0.10038122040740301,0.5261760736734442
D,liquid now (loan outstanding),2374469.7,0.10852146902282182,3.9217162514572625,5.892707273578183,5.052429346547192,4.967621938113512,12.751904665378461,0.4045104664168435,0.11854652009246526,0.44925403764891164,1066740.1,0.4451807647200124,-0.008097373640639388,0.34313452298589997,0.21776438259158828,0.002017703343138777,0.6134545467767807,0.10271984645956973,0.5507459623510884
D,liquid post-revert (loan back in BOXX),2374469.7,0.10804177405269873,3.7839922229234073,5.602253622669161,5.034001242866746,4.913136590023437,12.525318865111078,0.4069825996574866,0.11854652009246526,0.44925403764891164,1066740.1,0.4424716314026317,-0.008114072821741753,0.3449372534296392,0.2183210362685136,0.002384151720957184,0.6142791019333993,0.10188845447823884,0.5507459623510884
D,"post-revert, net of commitments $410,200",1964269.7,0.13057542514417686,3.778155277715749,5.602253622669161,5.033411399747992,4.910419843892166,12.513882526191896,0.4071005058693088,0.14330268394406329,0.3342413213419726,656540.1,0.4425815700003125,-0.008124061238264533,0.3450210038537058,0.21837204145503053,0.002149445929215621,0.6142678271264146,0.11479178645295374,0.6657586786580274
D,"post-revert, net of sheet commitments $435,200",1939269.7,0.13225314592574655,3.7770233075303477,5.602253622669161,5.033323775945256,4.909902447095918,12.51169280000625,0.4071229733653801,0.14515006344914275,0.3256587260657969,631540.1,0.442602465074699,-0.008125987238476715,0.3450369148063932,0.21838172435605446,0.002104883001329938,0.614265645805818,0.11575467194604623,0.6743412739342032
P,liquid now (loan outstanding),2303635.7,0.11169202201691923,3.868159904164263,5.892707273578183,5.025709270807987,4.945003760314358,12.669567831841608,0.4054853303442639,0.12219168161007402,0.43231926818984434,995906.1,0.44398397325135286,-0.008089557274227669,0.3439330630209702,0.21814480457228552,0.0020277164296190753,0.6139760602656643,0.1042732129315492,0.5676807318101557
P,liquid post-revert (loan back in BOXX),2303635.7,0.11135041934824862,3.780796596041453,5.602253622669161,5.033650047348094,4.911639064759617,12.519027689214276,0.40704757853213486,0.12219168161007402,0.4323192681898444,995906.1,0.4425322773744528,-0.008119553185933943,0.34498346034478095,0.21834918453884306,0.0022546309278571597,0.614272923559529,0.10378837441111345,0.5676807318101555
P,"post-revert, net of commitments $410,200",1893435.7,0.13544412958076532,3.774945492831123,5.602253622669161,5.033186322439374,4.90896068579542,12.507697455532494,0.4071638794500971,0.14866368052530118,0.30933508859054476,585706.1,0.4426404619694523,-0.00812951324978079,0.3450658424678446,0.21839932272920368,0.002023886083280302,0.6142616462087251,0.11758602868764305,0.6906649114094552
P,"post-revert, net of sheet commitments $435,200",1868435.7,0.13725065183533397,3.773810790316872,5.602253622669161,5.033124267561224,4.908450724547017,12.505528803759507,0.40718603604075726,0.15065282685403625,0.30009386996833776,560706.1,0.4426610173639447,-0.008131433747607764,0.34508148843841263,0.21840883773260134,0.0019800902126492215,0.6142594643959192,0.11862280545078831,0.6999061300316622
