scenario,window,book,cum_return,max_drawdown,max_dd_usd_on_nav,weight_on_proxy_or_replica
gfc,2007-10-09..2009-03-09,current as is,-0.1618385635845324,-0.2046739464407895,-485992.0842030776,0.7184598017822674
gfc,2007-10-09..2009-03-09,"current, cash deployed pro rata",-0.23521992525239643,-0.2872349002352905,-682030.5673912202,0.6844007670066078
gfc,2007-10-09..2009-03-09,UNLEVERED balanced proposal,-0.057309312709658,-0.15818977384918753,-375616.8248547482,0.4437001526158146
gfc,2007-10-09..2009-03-09,"POST-HOC: proposal, metals held",-0.038095890416143474,-0.1786862887408589,-424285.1784206206,0.44047867564461946
gfc,2007-10-09..2009-03-09,SPY,-0.5518944215905263,-0.5518944215905263,-1310456.5816657306,0.0
gfc,2007-10-09..2009-03-09,60/40 SPY/IEF,-0.2505332655075022,-0.25055234986131314,-594928.9630094873,0.0
covid,2020-02-19..2020-03-23,current as is,-0.13753367285128526,-0.15099088301266916,-358523.2766898277,0.39179141346802615
covid,2020-02-19..2020-03-23,"current, cash deployed pro rata",-0.19207387155147837,-0.21077697162420395,-500483.53257943207,0.23035252190774308
covid,2020-02-19..2020-03-23,UNLEVERED balanced proposal,-0.060494257317452504,-0.10143099497065111,-240844.82419866347,0.3289897551700599
covid,2020-02-19..2020-03-23,"POST-HOC: proposal, metals held",-0.06983826521865089,-0.11112871496533738,-263871.7664851302,0.3084673119510322
covid,2020-02-19..2020-03-23,SPY,-0.3371728189633807,-0.3371728189633807,-800606.642292133,0.0
covid,2020-02-19..2020-03-23,60/40 SPY/IEF,-0.17680000087064662,-0.17680000087064662,-419806.24502732407,0.0
inflation_2022,2022-01-03..2022-10-12,current as is,-0.11272174279961866,-0.1309927096000102,-311038.21986612334,0.3570152274421527
inflation_2022,2022-01-03..2022-10-12,"current, cash deployed pro rata",-0.15929950935799697,-0.18189932027694833,-431914.42444820947,0.18196873370709116
inflation_2022,2022-01-03..2022-10-12,UNLEVERED balanced proposal,-0.03177191175899108,-0.07843895688370917,-186250.92641997384,0.2136503046236447
inflation_2022,2022-01-03..2022-10-12,"POST-HOC: proposal, metals held",-0.04124918454564752,-0.09469998044987726,-224862.23416882596,0.20825844059636356
inflation_2022,2022-01-03..2022-10-12,SPY,-0.24059231456591657,-0.24471086238335737,-581058.5279901519,0.0
inflation_2022,2022-01-03..2022-10-12,60/40 SPY/IEF,-0.20904279876810716,-0.20904279876810716,-496365.7916780678,0.0
