film_rate,candidate,p05,p25,p50,p75,p95,p05_usd,p_losing_year
film_20pct_headline,PLAN pre-trigger,-0.07254246381679132,0.0022460943631080754,0.060865267701832426,0.12594429393260154,0.229935751280445,-1305764.3487022438,0.24176
film_20pct_headline,PLAN post-trigger,-0.10660675458611572,-0.010585039690466896,0.06455415200931636,0.14657436239069505,0.2789217394941729,-1918921.582550083,0.28235
film_20pct_headline,ALT-2 UNLEVERED,-0.02256861290950285,0.03421401304309751,0.07464582169438516,0.11654266543410774,0.17936080176844868,-406235.0323710513,0.10469
film_20pct_headline,CASEY ROUTE pre-trigger,-0.06297468328715075,0.027230367842059455,0.097557848649795,0.17294739393277964,0.29223179119943515,-1133544.2991687136,0.16942
film_20pct_headline,CASEY ROUTE post-trigger,-0.09021059027849039,0.01646992337231834,0.09975593980225406,0.19197335915219943,0.3379578105207131,-1623790.625012827,0.20723
film_14.4pct_default_adjusted,PLAN pre-trigger,-0.07254246381679132,0.0022460943631080754,0.060865267701832426,0.12594429393260154,0.229935751280445,-1305764.3487022438,0.24176
film_14.4pct_default_adjusted,PLAN post-trigger,-0.10660675458611572,-0.010585039690466896,0.06455415200931636,0.14657436239069505,0.2789217394941729,-1918921.582550083,0.28235
film_14.4pct_default_adjusted,ALT-2 UNLEVERED,-0.02256861290950285,0.03421401304309751,0.07464582169438516,0.11654266543410774,0.17936080176844868,-406235.0323710513,0.10469
film_14.4pct_default_adjusted,CASEY ROUTE pre-trigger,-0.06994706067818203,0.019589437117517483,0.0893959094635336,0.16422706492694844,0.2826283508895629,-1259047.0922072765,0.19009
film_14.4pct_default_adjusted,CASEY ROUTE post-trigger,-0.09698113925295582,0.008908677356460615,0.09157764226291609,0.1831122355150812,0.3280159078891768,-1745660.5065532047,0.2263
