scenario,start,end,candidate,basket_used,cum_return,max_drawdown,loss_usd,max_dd_usd,notes
tech_2000_02,2000-03-10,2002-10-09,PLAN pre-trigger,QQQ,-0.27763650929526784,-0.3081043004668599,-4997457.167314821,-5545877.408403478,
tech_2000_02,2000-03-10,2002-10-09,PLAN post-trigger,QQQ,-0.3218886204154958,-0.3513861461105666,-5793995.167478925,-6324950.6299902,
tech_2000_02,2000-03-10,2002-10-09,ALT-2 UNLEVERED,QQQ,0.03221281036598467,-0.10686450822625904,579830.586587724,-1923561.1480726628,
tech_2000_02,2000-03-10,2002-10-09,CASEY ROUTE pre-trigger,QQQ,-0.11211150546075388,-0.1751823159355973,-2018007.0982935699,-3153281.686840751,missing returns set to 0% - stream NOT modelled in this window (understates loss if it fell): {'VENT': 54}
tech_2000_02,2000-03-10,2002-10-09,CASEY ROUTE post-trigger,QQQ,-0.1563636165809822,-0.20655511178794805,-2814545.0984576796,-3717992.012183065,missing returns set to 0% - stream NOT modelled in this window (understates loss if it fell): {'VENT': 54}
tech_2000_02,2000-03-10,2002-10-09,SPY 100%,-,-0.4233661520873946,-0.47515853479472425,-7620590.737573102,-8552853.626305036,
gfc_2008,2007-10-09,2009-03-09,PLAN pre-trigger,QQQ,-0.29592874022754523,-0.29688681088867663,-5326717.3240958145,-5343962.59599618,
gfc_2008,2007-10-09,2009-03-09,PLAN post-trigger,QQQ,-0.3270682804999977,-0.32924772699012783,-5887229.048999959,-5926459.085822301,
gfc_2008,2007-10-09,2009-03-09,ALT-2 UNLEVERED,QQQ,-0.12304128169261652,-0.23647744197597254,-2214743.070467097,-4256593.955567505,
gfc_2008,2007-10-09,2009-03-09,CASEY ROUTE pre-trigger,QQQ,-0.2347121036618235,-0.2744287068410013,-4224817.865912823,-4939716.723138023,
gfc_2008,2007-10-09,2009-03-09,CASEY ROUTE post-trigger,QQQ,-0.2658516439342752,-0.2995213269392156,-4785329.590816953,-5391383.884905881,
gfc_2008,2007-10-09,2009-03-09,SPY 100%,-,-0.5518944215905263,-0.5518944215905263,-9934099.588629473,-9934099.588629473,
covid_2020,2020-02-19,2020-03-23,PLAN pre-trigger,EW NVDA/AVGO/TSLA/ISRG,-0.17932892063824624,-0.17932892063824624,-3227920.571488432,-3227920.571488432,
covid_2020,2020-02-19,2020-03-23,PLAN post-trigger,EW NVDA/AVGO/TSLA/ISRG,-0.19733422740145856,-0.19733422740145856,-3552016.093226254,-3552016.093226254,
covid_2020,2020-02-19,2020-03-23,ALT-2 UNLEVERED,EW NVDA/AVGO/TSLA/ISRG,-0.10512266943589021,-0.15553091468607172,-1892208.0498460238,-2799556.464349291,
covid_2020,2020-02-19,2020-03-23,CASEY ROUTE pre-trigger,EW NVDA/AVGO/TSLA/ISRG,-0.1607970987653109,-0.17456099407186731,-2894347.7777755964,-3142097.8932936117,
covid_2020,2020-02-19,2020-03-23,CASEY ROUTE post-trigger,EW NVDA/AVGO/TSLA/ISRG,-0.1788024055285221,-0.19122980136137113,-3218443.299513398,-3442136.4245046806,
covid_2020,2020-02-19,2020-03-23,SPY 100%,-,-0.3371728189633807,-0.3371728189633807,-6069110.741340852,-6069110.741340852,
inflation_2022,2022-01-03,2022-10-12,PLAN pre-trigger,EW NVDA/AVGO/TSLA/ISRG/RKLB,-0.13843067746420867,-0.13843067746420867,-2491752.194355756,-2491752.194355756,
inflation_2022,2022-01-03,2022-10-12,PLAN post-trigger,EW NVDA/AVGO/TSLA/ISRG/RKLB,-0.16050028513211356,-0.16050028513211356,-2889005.132378044,-2889005.132378044,
inflation_2022,2022-01-03,2022-10-12,ALT-2 UNLEVERED,EW NVDA/AVGO/TSLA/ISRG/RKLB,-0.13624553368357295,-0.15919306978997438,-2452419.606304313,-2865475.256219539,
inflation_2022,2022-01-03,2022-10-12,CASEY ROUTE pre-trigger,EW NVDA/AVGO/TSLA/ISRG/RKLB,-0.14751272533381965,-0.1546882356989281,-2655229.056008754,-2784388.242580706,
inflation_2022,2022-01-03,2022-10-12,CASEY ROUTE post-trigger,EW NVDA/AVGO/TSLA/ISRG/RKLB,-0.16958233300172432,-0.17608792249658622,-3052481.9940310377,-3169582.6049385522,
inflation_2022,2022-01-03,2022-10-12,SPY 100%,-,-0.24496383714802172,-0.24496383714802172,-4409349.068664391,-4409349.068664391,
