oo_vol,oo_corr_iwm,oo_risk_share,whole_dr2,whole_vol,neff_inv_hhi_prc
0.4,0.2,0.9174292309514654,1.8996112861389773,0.25849694643703697,
0.4,0.4,0.8962394535912234,1.803182149797616,0.2653187778225082,
0.4,0.6,0.877097041511865,1.716070037531334,0.2719695505257649,
0.6,0.2,0.9551703261860509,1.5994751865796648,0.3781574339763929,
0.6,0.4,0.9387258986801068,1.5416892276977263,0.38517933315995245,
0.6,0.6,0.9234282512266584,1.4879330707007228,0.39207549338804804,
0.8,0.2,0.9706595276476988,1.4472534465479714,0.49894257318662566,
0.8,0.4,0.9575247426537923,1.4068646692356235,0.5060538078445863,
0.8,0.6,0.9451031639640034,1.3686689640297574,0.513066488410537,
1.0,0.2,0.9786880836870887,1.356057979727234,0.6201956229422425,
1.0,0.4,0.9678227403188774,1.3252779455482953,0.6273564115290517,
1.0,0.6,0.9574396964505155,1.2958641999979588,0.6344363825132522,
