move,desc,view,nav_usd,vol,dr2,n_risky_streams,implied_avg_corr,neff_(e) Diversification ratio squared DR^2 [headline Holy Grail N_eff],"neff_(a) Equal-rho closed form N/(1+(N-1)rho_bar), rho_bar=0.139",neff_(c) Meucci 2009 PCA risk entropy,neff_(b) 1/sum(PRC^2) inverse HHI of risk shares,neff_(d) Minimum-torsion bets (Meucci-Santangelo-Deguest 2015),top1,top1_risk,top2,top2_risk,top3,top3_risk,box_growth_up,box_growth_down,box_inflation_up,box_inflation_down,box_unmapped,balance_score,leverage_to_15,cash_share,exp_return_prior,sharpe_prior,exp_return_at_15_prior,btc_risk,composer_momentum_risk,single_names_risk,cash_like_share,L_to_15_cash_first,borrowed_share_at_15,gross_now,gross_at_15,exp_now_base_0.30,exp_at15_base_0.30,exp_now_low_0.25,exp_at15_low_0.25,exp_now_alpha_haircut,exp_at15_alpha_haircut,"neff_(a) Equal-rho closed form N/(1+(N-1)rho_bar), rho_bar=0.147","neff_(a) Equal-rho closed form N/(1+(N-1)rho_bar), rho_bar=0.134","neff_(a) Equal-rho closed form N/(1+(N-1)rho_bar), rho_bar=0.136","neff_(a) Equal-rho closed form N/(1+(N-1)rho_bar), rho_bar=0.150",path,"neff_(a) Equal-rho closed form N/(1+(N-1)rho_bar), rho_bar=0.141","neff_(a) Equal-rho closed form N/(1+(N-1)rho_bar), rho_bar=0.140","neff_(a) Equal-rho closed form N/(1+(N-1)rho_bar), rho_bar=0.142"
current,liquid book now,current,2485346.0,0.10397747836371357,4.001648058262962,28,0.15136661295446668,4.001648058262962,5.892707273578183,5.107690724694109,5.013045524618531,12.894314777411552,BTC,0.4025584018330886,physical_metals,0.10850554321375543,composer_hg,0.09321688992555727,0.44764045112630046,-0.008100708012143082,0.3415227259563837,0.21693755662934755,0.00199997430011134,0.6123404719296797,1.4426200977417387,0.16917962730340164,0.10038122040740301,0.5797526671741269,0.12664674058885256,0.4025584018330886,0.16747393622085888,0.15206739158376673,0.47382392632655573,1.4426200977417387,0.0,0.5261760736734442,0.7590721788321484,0.10038122040740301,0.12683009511569376,0.0903788131896952,0.11240042143763145,0.056462376155648544,0.0634718877285235,,,,,one_at_a_time,,,
M0,16% loans revert to BOXX (+$310.9k BOXX; scheduled),M0,2485346.0,0.10324163933726736,3.788978701655721,27,0.16069412561621754,3.788978701655721,,5.034681344954368,4.915522754309129,12.535278706219103,BTC,0.4068791255228574,physical_metals,0.10943082504905088,composer_hg,0.09378759774344328,0.4423747760236876,-0.008105463378034177,0.34486342305600026,0.21827602360544554,0.0025912406929008425,0.6142887701306026,1.452902152299069,0.16917962730340164,0.09913194684700136,0.5717842841894168,0.12537724355423502,0.4068791255228574,0.16861475395536535,0.15315252988383077,0.47382392632655573,1.452902152299069,0.0,0.5261760736734442,0.7644823499284206,0.09913194684700136,0.12744825063088308,0.08912953962929354,0.11291573165610365,0.055213102595246887,0.06363846729102138,5.602253622669161,,,,one_at_a_time,,,
M1,+$250k long Treasuries (TLT),M1,2485346.0,0.105777863559649,4.358216992626512,29,0.13753134329251707,4.358216992626512,,5.288546604122086,5.358019989764198,13.748039156107678,BTC,0.38677999665556984,physical_metals,0.10763632628925018,composer_hg,0.09276354444810206,0.4359088788561447,0.004154496896849618,0.3325822302101419,0.22633028985689693,0.0010241041799669004,0.6409614255534466,1.4180660768915396,0.16917962730340164,0.10434712023169933,0.607377744923633,0.1309677898113435,0.38677999665556984,0.16415890714356085,0.14780420630945687,0.37323431023286097,1.4180660768915396,0.0,0.6267656897671391,0.8887951628183067,0.10434712023169933,0.13097781921969467,0.09368372970994213,0.11585642685614403,0.06042827597994484,0.06869799604999866,,6.111319748565507,,,one_at_a_time,,,
M2,+$200k TIPS (TIP),M2,2485346.0,0.1045392623534154,4.08592132430548,29,0.14874229735733407,4.08592132430548,,5.120783162102252,5.100050543422743,13.183384274489423,BTC,0.3985642848504361,physical_metals,0.10854217258192467,composer_hg,0.09300850622934098,0.4445528668069454,-0.004966820252309302,0.34301325507984837,0.21587980458360306,0.0015208937819125579,0.6149789989165464,1.4348675954197543,0.16917962730340164,0.10146918365326614,0.5870443532095685,0.1277964689382498,0.3985642848504361,0.16652213042480563,0.15066104111028858,0.3933522334515999,1.4348675954197543,0.0,0.6066477665484001,0.8704592220540673,0.10146918365326614,0.1279250990925839,0.09128544922791448,0.11331278856528619,0.05755033940151165,0.06490737264745425,,,6.027098826030824,,one_at_a_time,,,
M3,+$150k broad commodities (DBC),M3,2485346.0,0.10651821148147711,4.195263906153114,29,0.1463449852060468,4.195263906153114,,5.300861308851378,5.399413048574096,13.85651612794924,BTC,0.38510873608909707,physical_metals,0.1092578945829556,composer_hg,0.08975696958597301,0.4464301601817322,-0.007219892363215856,0.348432837389178,0.21029821489376727,0.0020586798985384736,0.6046630109940121,1.4082099005772746,0.16917962730340164,0.10350510694490234,0.5952513289798159,0.12921999203517087,0.38510873608909707,0.16154465836056167,0.1476895836348633,0.4134701566703389,1.4082099005772746,0.0,0.5865298433296612,0.8259571323608667,0.10350510694490234,0.1291604473832103,0.09298205197094461,0.11434177718456415,0.05958626269314783,0.06731349608597831,,,6.026438214642837,,one_at_a_time,,,
M4,"halve TSLA, FTZFF, SHAZ (-$47.8k)",M4,2485346.0,0.09805436060782932,3.8039215385193748,28,0.15524303651788407,3.8039215385193748,5.892707273578183,5.368414548026515,4.391469621010812,11.978878269053574,BTC,0.4358738371320651,physical_metals,0.11714531522910153,composer_hg,0.09990372296302827,0.44334855455099975,-0.00849268085197789,0.3693542377766743,0.1935890038459096,0.0022008846783942992,0.5806727962929656,1.5297636848597531,0.16917962730340164,0.09533230964315516,0.5632825434868528,0.12354701861406046,0.4358738371320651,0.1808749493531045,0.08540579563732073,0.49305535325866096,1.5297636848597531,0.0,0.506944646741339,0.7755055108189566,0.09533230964315516,0.12434551363683159,0.08617138755282198,0.11033146770321041,0.056462376155648544,0.06488370095472996,,,,,one_at_a_time,,,
M5,cap BTC: sell $139.4k (half the sheet BTC),M5,2485346.0,0.08515067022845771,4.513708541716183,28,0.1499127282544714,4.513708541716183,5.892707273578183,5.057996812521774,9.352556761699914,16.88261258862848,BTC,0.19822288205112126,physical_metals,0.1467360149614031,composer_hg,0.12105387234838215,0.4271095799545357,-0.0068653838090445354,0.2888577742425313,0.2880415769807157,0.0028564526312619964,0.6574865991599557,1.7615833157572653,0.16917962730340175,0.09218947380885953,0.6117329865884134,0.12914077625638437,0.19822288205112126,0.22895337750877287,0.19937571742204502,0.5299126962603999,1.7615833157572653,0.0,0.4700873037396,0.8280979512169973,0.09218947380885953,0.1315756698648997,0.08355235769090896,0.11636067021525984,0.056462376155648544,0.0686394107185727,,,,,one_at_a_time,,,
M6,Composer as one equity-momentum budget: HG+KMLM switcher $184.3k->$120k; +$30k Crash Convexity,M6,2485346.0,0.0979920928833977,4.079565325878251,28,0.14320334200483617,4.079565325878251,5.892707273578183,5.300065066787966,4.440561835734582,12.258069284432928,BTC,0.4391258560250374,physical_metals,0.11849678430223619,composer_hg,0.06002598356528954,0.442804632865356,-0.009219179087670356,0.37280401480188874,0.19135110332417746,0.0022594280962482394,0.5767258268202096,1.5307357521028486,0.16917962730340164,0.09734316105762943,0.5841610212952992,0.12667177166174642,0.4391258560250374,0.10107091524429648,0.1632335974622128,0.4876248216546107,1.5307357521028486,0.0,0.5123751783453894,0.7843110039833608,0.09734316105762943,0.12747712843930378,0.08784709706488389,0.11294116378135163,0.05646237615564855,0.06489944941581528,,,,,one_at_a_time,,,
M7,+$100k KMLM trend,M7,2485346.0,0.1043135279085757,4.155374860484956,28,0.14493114234904442,4.155374860484956,5.892707273578183,5.24642779847951,5.062247116475323,13.054729027554941,BTC,0.40044779423146953,physical_metals,0.10862382948074444,composer_hg,0.09238877958380842,0.44498542783296013,-0.0080268219645326,0.3405896718761007,0.2154801033001366,0.006971618955335268,0.6118796270688167,1.437972648489711,0.16917962730340164,0.10182022355660715,0.5916799555538096,0.1284693898545518,0.40044779423146953,0.1664437591953452,0.1512450099024735,0.4335880798890778,1.437972648489711,0.0,0.5664119201109222,0.8144848488980455,0.10182022355660715,0.1286199383616702,0.09157798248069866,0.11389187583527598,0.057901379304852695,0.06546584157436772,,,,,one_at_a_time,,,
M8,gear balanced core 1.5x (SPY/AV*/QUAL/TLT/TIP/DBC),M8,2485346.0,0.1100638165768606,3.911925587516984,28,0.16456795919564715,3.911925587516984,5.892707273578183,4.957799229274791,5.631192806465096,13.621563771092541,BTC,0.3729702007393956,physical_metals,0.10217167247362155,composer_hg,0.08987938554436688,0.45134273008720466,-0.008651099820381494,0.31856386306056345,0.23717545397564838,0.0015690526969650564,0.6385113125383484,1.3628457077467495,0.16917962730340164,0.10335253300756811,0.574689620756492,0.12646327918490502,0.3729702007393956,0.1596137112897139,0.14392148568657176,0.4186039207418203,1.3628457077467495,0.0,0.5813960792581797,0.7923531511177992,0.10335253300756811,0.12608351186369127,0.09285490702316611,0.11177686734931827,0.059433688755813646,0.06622890348598966,,,,,one_at_a_time,,,
M9,ALT: +$250k ALLW (replica of published exposures),M9,2485346.0,0.11049285721045429,3.9140572432119654,29,0.1656845244327908,3.9140572432119654,,4.990865428144461,5.784700526849924,14.444301103175096,BTC,0.3671140063742372,physical_metals,0.10511157793253027,composer_hg,0.08943406710298264,0.43417225713647617,0.007041729486157529,0.33490511946399354,0.2225029287425348,0.0013779651708378804,0.6398151989746035,1.3575538164815213,0.16917962730340164,0.10483554843466834,0.5858799389300559,0.12818003598864075,0.3671140063742372,0.15883224385225464,0.14307066362555193,0.37323431023286097,1.3575538164815213,0.0,0.6267656897671391,0.8508681541830528,0.10483554843466834,0.12776291357653669,0.09390447968484039,0.11292339947698588,0.06091670418291385,0.06814071894710987,,,,5.588035111695677,one_at_a_time,,,
current,liquid book now,current,2485346.0,0.10397747836371357,4.001648058262962,28,0.15136661295446668,4.001648058262962,5.892707273578183,5.107690724694109,5.013045524618531,12.894314777411552,BTC,0.4025584018330886,physical_metals,0.10850554321375543,composer_hg,0.09321688992555727,0.44764045112630046,-0.008100708012143082,0.3415227259563837,0.21693755662934755,0.00199997430011134,0.6123404719296797,1.4426200977417387,0.16917962730340164,0.10038122040740301,0.5797526671741269,0.12664674058885256,0.4025584018330886,0.16747393622085888,0.15206739158376673,0.47382392632655573,1.4426200977417387,0.0,0.5261760736734442,0.7590721788321484,0.10038122040740301,0.12683009511569376,0.0903788131896952,0.11240042143763145,0.056462376155648544,0.0634718877285235,,,,,cumulative,,,
M0,16% loans revert to BOXX (+$310.9k BOXX; scheduled),cum M0,2485346.0,0.10324163933726736,3.788978701655721,27,0.16069412561621754,3.788978701655721,,5.034681344954368,4.915522754309129,12.535278706219103,BTC,0.4068791255228574,physical_metals,0.10943082504905088,composer_hg,0.09378759774344328,0.4423747760236876,-0.008105463378034177,0.34486342305600026,0.21827602360544554,0.0025912406929008425,0.6142887701306026,1.452902152299069,0.16917962730340164,0.09913194684700136,0.5717842841894168,0.12537724355423502,0.4068791255228574,0.16861475395536535,0.15315252988383077,0.47382392632655573,1.452902152299069,0.0,0.5261760736734442,0.7644823499284206,0.09913194684700136,0.12744825063088308,0.08912953962929354,0.11291573165610365,0.055213102595246887,0.06363846729102138,5.602253622669161,,,,cumulative,,,
M1,+$250k long Treasuries (TLT),cum M1,2485346.0,0.10497473232667266,4.147727118062904,28,0.1449179343399114,4.147727118062904,,5.208051415925803,5.247158910205303,13.355871650668371,BTC,0.39122919675661666,physical_metals,0.1086374454974645,composer_hg,0.09342197409368412,0.43071001459401304,0.003989079341580238,0.3360865997513679,0.2276777428560565,0.0015365634569823872,0.642697787712337,1.4289152891879966,0.16917962730340164,0.10309784667129766,0.6001239086302558,0.12980137972762962,0.39122919675661666,0.16538117948614947,0.14891247601802227,0.37323431023286097,1.4289152891879966,0.0,0.6267656897671391,0.8955950768467257,0.10309784667129766,0.13167309905878,0.09243445614954046,0.11643601730765879,0.059179002419543186,0.06891679102398167,,,,,cumulative,5.828883449336384,,
M2,+$200k TIPS (TIP),cum M2,2485346.0,0.10588303498743123,4.2043529991821655,29,0.14428745086251227,4.2043529991821655,,5.299871806391599,5.397853998501774,13.868860163049986,BTC,0.38493242957867163,physical_metals,0.1080013302027239,composer_hg,0.09263902181703734,0.4250402600170179,0.010090438869505525,0.3370304640358276,0.22676573940317163,0.0010730976744773857,0.6494808281717392,1.4166575411991698,0.16917962730340175,0.10418580991716078,0.6052509726866825,0.13065894403542938,0.38493242957867163,0.1634413623868795,0.14665527974456444,0.29276261735790515,1.4166575411991698,0.0019131715378866154,0.7072373826420949,1.0019131715378866,0.10418580991716078,0.1324112223209062,0.09334109218775974,0.11704797116737388,0.060266965665406305,0.0701932604109064,,,,,cumulative,,5.903429925604918,
M3,+$150k broad commodities (DBC),cum M3,2485346.0,0.10816357668200738,4.415551748728582,30,0.13874772203316224,4.415551748728582,,5.454460131455218,5.755880286393451,14.757193233755658,BTC,0.37028655080143935,physical_metals,0.10915892633078834,composer_hg,0.08967434145449657,0.4254796569702796,0.009246200799071978,0.3442392347857792,0.2198405394597369,0.001194367985132283,0.6391475750848241,1.3867884606015617,0.16917962730340175,0.10730969645466007,0.6213708765590419,0.13329259353759543,0.37028655080143935,0.158480764797624,0.14317712237039332,0.23240884770168824,1.3867884606015617,0.06448655246715473,0.7675911522983118,1.0644865524671547,0.10730969645466007,0.1342210383117809,0.09594433096900915,0.11845968060576094,0.06339085220290559,0.07331489190049056,,,6.056963205451837,,cumulative,,,
M4,"halve TSLA, FTZFF, SHAZ (-$47.8k)",cum M4,2485346.0,0.10239737363408553,4.227191785353361,30,0.14169347570160645,4.227191785353361,,5.813533009834135,5.113600001452272,13.902405876724869,BTC,0.3979454671743657,physical_metals,0.11740245951252161,composer_hg,0.09560137880872428,0.4191145481829198,0.010731683712586659,0.3701210366820182,0.1987206271362097,0.001312104286265825,0.6129699935922512,1.4648813214294076,0.16917962730340175,0.1022607856904122,0.607054492555075,0.1305812815345329,0.3979454671743657,0.17011445939017186,0.08051899637977018,0.25164027463379346,1.4648813214294076,0.09625818339899728,0.7483597253662065,1.0962581833989973,0.1022607856904122,0.1318662387015248,0.09173690533213592,0.11645000293572805,0.06339085220290559,0.0749263991704729,,,6.056963205451837,,cumulative,,,
M5,cap BTC: sell $139.4k (half the sheet BTC),cum M5,2485346.0,0.08427161615715062,4.7382989073676445,30,0.1440525021314113,4.7382989073676445,,5.931260472087791,9.714564796154239,18.45906953097068,BTC,0.1896102195736534,physical_metals,0.15813632799749738,composer_hg,0.12297750988383147,0.3856916990994713,0.02162690499403073,0.3269851985648683,0.26385383146547925,0.001842365876150387,0.6955557642796759,1.7799587434074882,0.16917962730340175,0.09406903909186871,0.640417753365815,0.13331081505050812,0.1896102195736534,0.23023618383662536,0.10239155937537546,0.30772904456763767,1.7799587434074882,0.23221373992888883,0.6922709554323623,1.2322137399288888,0.09406903909186871,0.13596270850898612,0.08491044983334967,0.11966079748100723,0.06339085220290558,0.08135680152408721,,,6.056963205451837,,cumulative,,,
M6,Composer as one equity-momentum budget: HG+KMLM switcher $184.3k->$120k; +$30k Crash Convexity,cum M6,2485346.0,0.07772910501845387,4.974590194657069,30,0.13572824638053063,4.974590194657069,,6.44088135618438,9.423792834607555,18.82436764108483,BTC,0.21165512421820437,physical_metals,0.18011805813015896,composer_hg,0.08093641700074378,0.3692542997153131,0.025848428169245062,0.37043817802138357,0.23229214015256475,0.0021669539414934658,0.678268215765458,1.9297790700714759,0.16917962730340175,0.0910309797420951,0.6552369248301965,0.13445194206902822,0.21165512421820437,0.14176003757313171,0.11227584489525654,0.3215299398956926,1.9297790700714759,0.3092973216594288,0.6784700601043074,1.3092973216594288,0.0910309797420951,0.13763940437195024,0.08237873370853835,0.12094248106728343,0.06339085220290559,0.08430006475271609,,,6.056963205451837,,cumulative,,,
M7,+$100k KMLM trend,cum M7,2485346.0,0.07804617984038023,5.202061377261886,30,0.12873439210506932,5.202061377261886,,6.614776721555759,9.514516931696763,19.04675254897526,BTC,0.21033925026883837,physical_metals,0.1800871055515708,composer_hg,0.08000425807832935,0.3674424082844867,0.024119834597621948,0.3702457110059517,0.22882371399484852,0.009368332117090983,0.6737808232775212,1.9219390405370187,0.16917962730340175,0.09246998289129926,0.6710127644736253,0.1368749254329379,0.21033925026883837,0.1406387586033695,0.11131703350321735,0.2812940934582147,1.9219390405370187,0.3813089404472072,0.7187059065417853,1.3813089404472072,0.09246998289129926,0.13933474428041465,0.08357790299954179,0.12224470878487179,0.06482985535210974,0.08621210407742388,,,6.056963205451837,,cumulative,,,
M8,gear balanced core 1.5x (SPY/AV*/QUAL/TLT/TIP/DBC),cum M8,2485346.0,0.08917204484956988,5.0876455447080104,29,0.13629976982978867,5.0876455447080104,,6.739116852518292,11.118163327259268,19.834704734064065,BTC,0.172151455391873,physical_metals,0.15370410722804184,AVUV,0.09295058099809782,0.3653101078984786,0.041393355345823654,0.33083785200797977,0.2563219407649335,0.0061367439827844095,0.7221985923384839,1.6821415304879994,0.10084067972829558,0.09953017029529371,0.6664663841179187,0.13677482211773506,0.172151455391873,0.12077761029991763,0.09575922367510116,0.10536654856104544,1.6821415304879994,0.5049000832292843,0.8946334514389546,1.5049000832292843,0.09953017029529371,0.1372548737035696,0.08946139250287051,0.12031776441767923,0.0718900427561042,0.0907602672619138,,,,,cumulative,,,5.829161321236303
