date,"proposed v2 (post-hoc, walk-forward)","current liquid mix (constant, hindsight)","proposed v1 (pre-declared, walk-forward)",SPY,"current ex-Composer (diag., post-hoc)","proposed v1 ex-Composer (diag., post-hoc)"
2024-05-31,1.0,1.0,1.0,1.0,1.0,1.0
2024-06-03,1.0019371507301569,1.0027826659106642,0.9976316988770126,1.000815358334081,1.0026557523397526,0.9974504647938327
2024-06-04,0.9976552714863022,1.0020687348377357,0.9938107726258123,1.001934078105919,1.0021636847132602,0.9938933358427748
2024-06-05,1.0095960552285175,1.010330151704581,1.0088632967879216,1.0138421464835392,1.0055628154591063,1.0012705406538849
2024-06-06,1.015009881237199,1.0128039480457578,1.0114110275082728,1.0138232012877013,1.0080381445103344,1.0033881008295544
2024-06-07,0.9908849327338253,1.0062150950659345,0.9903730221668332,1.012590810340836,1.0014348659677996,0.9819412875952623
2024-06-11,0.9975550410957419,1.0059115100330447,0.9972641153040008,1.0181657023085378,0.9983724578542337,0.9846582378421505
2024-06-12,1.008561537622552,1.0134260494032876,1.010138226995736,1.0265276828035652,1.002820497376967,0.992723007669868
2024-06-13,1.0095706077079851,1.0074209065708528,1.009953030826773,1.0285944964325244,0.9967063252917175,0.991764263020838
2024-06-14,1.0124666239103464,1.0099614170445728,1.0155278383144204,1.0292205219604014,0.9956571058216062,0.9895569982255392
2024-06-17,1.0122128142515328,1.013079299507939,1.018211386197497,1.0374119956928873,0.9995225002408696,0.9938154096272354
2024-06-18,1.020315426664696,1.0096966606928661,1.0231665752333898,1.0400478801100348,0.996434044914942,0.9985723781158936
2024-06-20,1.025401202211903,1.0169547697159529,1.0370031256038206,1.0372224245823332,0.9994729010113829,1.0023204035247206
2024-06-21,1.0180023119922523,1.0159300833820573,1.0330779987280092,1.0358319186991352,0.9988275307923479,0.9987269758271088
2024-06-24,1.020684404230838,1.0092857398516162,1.027160539681723,1.032464678231339,0.9939608546107155,0.9957950218643613
2024-06-25,1.0182597631925887,1.0117550649017362,1.0319562534349325,1.03644054800945,0.9956995113071201,0.9990881726489345
2024-06-26,1.0118952376369967,1.0112078974908707,1.0274012074583525,1.0377343023264822,0.9951231262823061,0.9945390133176718
2024-06-27,1.017767769690501,1.0135556926342524,1.0328512429331993,1.0393700233859975,0.997672542572453,1.0004948844298607
2024-06-28,1.0102522751212106,1.0133416438596892,1.0267675065107176,1.0352800058241587,0.9973302754124285,0.9935365414642007
2024-07-01,1.0103801869877618,1.021479504678405,1.0311714343288347,1.0374108041711365,1.004764436759142,0.9971599184330164
2024-07-02,1.0170749810037074,1.024648537915661,1.0417814213152927,1.0443922875656724,1.0063844925542123,1.0027954386529205
2024-07-03,1.0304274286202568,1.0288915206669136,1.056796892344951,1.049053163198326,1.008768318010269,1.013579403271805
2024-07-05,1.037015269043714,1.0264247472798413,1.0629012324380367,1.0551023999750258,1.0059207158790426,1.0190418382935145
2024-07-08,1.0294034853867566,1.0218290328933608,1.0545409896194249,1.0563197777478308,1.0021912756260472,1.01282469968394
2024-07-09,1.0260399769945843,1.028092319482901,1.0554575355674785,1.0573471078013814,1.0082025449352114,1.01288582219693
2024-07-10,1.0325101428280727,1.0314763142492067,1.0641273468683488,1.0678097411430911,1.011393091351561,1.0233210622733626
2024-07-11,1.0445478099152736,1.0318770115234643,1.073827668053922,1.0586027334223875,1.011153538767669,1.02976271860623
2024-07-12,1.0479165270919242,1.0342601680265298,1.0814863479972558,1.0652796638574158,1.0121888983845924,1.0349434877019266
2024-07-15,1.0489819424368751,1.0504617523678421,1.0936845108008006,1.0682092583861382,1.0263591301895012,1.0441172835360528
2024-07-16,1.0650771890556603,1.0596151237911928,1.1133181993911545,1.0745439837743331,1.030865124410638,1.0561086247064533
2024-07-17,1.0602073293343772,1.053866313055258,1.10968629463817,1.0594777869961842,1.0248087595545274,1.0502938274558322
2024-07-18,1.0483690349639336,1.050444216013954,1.0965340959981056,1.051335523112007,1.0217723529406373,1.0379276469235805
2024-07-19,1.0360861085422657,1.05163065208161,1.084898079428499,1.044354039717471,1.0233095422981666,1.0273875272043895
2024-07-22,1.039750538857212,1.0575950687153932,1.089850476579207,1.0551212260186884,1.028621928891932,1.030235035497945
2024-07-23,1.0360323250058603,1.055946301387752,1.0851458133640388,1.0534662023068098,1.0252965981648332,1.0226612029961661
2024-07-24,1.0252035825597576,1.0516060685862496,1.0739375427705629,1.0295920384423045,1.0175497215074998,1.005425442304102
2024-07-25,1.0256243061806116,1.0466063433519897,1.069864926283709,1.0242276883679713,1.0154605035820918,1.0110807663109087
2024-07-26,1.0355330566390728,1.0573959647567608,1.090474784575774,1.0356985874152185,1.023637060846673,1.0250933657422847
2024-07-29,1.0338240408739805,1.057027563527418,1.0889129312087178,1.0363074550298839,1.0235203788283262,1.024153297402455
2024-07-30,1.0354052981506254,1.055047417569134,1.087016492480236,1.0310568952827532,1.0201643731873435,1.019822524944585
2024-07-31,1.063485943847179,1.067168266034898,1.1252311636712014,1.047816601925332,1.02207700807433,1.040140582976929
2024-08-01,1.0524048693408012,1.063000838640489,1.1170359716770533,1.0329782241059382,1.0174589786978403,1.0296728876028205
2024-08-02,1.0447356381236574,1.0518675889171187,1.1022034556018012,1.0137461098304235,1.0055620019949707,1.0139224965306601
2024-08-05,1.0422423417796354,1.0380384002071745,1.1786503992311328,0.9842219285518277,0.9847024147085517,0.9883045901022188
2024-08-06,1.031550858312292,1.0423889697469604,1.167697300585323,0.9932960815973156,0.9871383124903518,0.9752062454576603
2024-08-07,1.026143108621397,1.0373648156585837,1.1562748166794414,0.986656803249613,0.9848188064516685,0.9690340801612981
2024-08-08,1.0460289338159763,1.0649742915317808,1.1961234320108178,1.0094656870928045,1.0035024301465074,0.9892359207053664
2024-08-09,1.0550580303288606,1.0661318004992022,1.20910133248239,1.01391721235384,1.0027811040831855,0.9978930456591386
2024-08-12,1.0642515484558108,1.0655855977490103,1.2166119737640908,1.0144497034242783,1.0019449343223643,1.0044809398608185
2024-08-13,1.0716209782905093,1.0738367759293468,1.2318019248359449,1.0311329143704548,1.0067345679331765,1.01539578140193
2024-08-14,1.0678881777771099,1.0700044045648098,1.2255609946162314,1.0343861262066985,1.002445225166499,1.0105572309380457
2024-08-15,1.0774364406753796,1.0776846671134894,1.2391124584108455,1.0521154932500885,1.0051870478052591,1.0151086754139689
2024-08-16,1.0798115603296297,1.0801154483894009,1.240288962527102,1.0544745871645222,1.0074181990881184,1.0156999368335973
2024-08-19,1.0860973419506088,1.0886983546264861,1.2527903281696315,1.0645568867633726,1.013398053527418,1.0230293456899828
2024-08-20,1.0865174664599968,1.0858489647550384,1.2554678378169914,1.062825724811617,1.0120514568763057,1.02584815805491
2024-08-21,1.0911681980464139,1.092608965897003,1.265397401510995,1.0664782155865578,1.0178040144765574,1.0341929135955743
2024-08-22,1.0822440874196786,1.0905842142192728,1.259168170306157,1.0581076561349245,1.0135218403200474,1.0231707601788156
2024-08-23,1.106134928622281,1.1021482089833494,1.2862729322346529,1.0693507362234165,1.0270160047756784,1.0513832190847034
2024-08-26,1.1074199662231485,1.099328773152041,1.2823488521606663,1.066801475437553,1.0241944476656775,1.0477371771546755
2024-08-27,1.1008864258418156,1.088784218845437,1.26669842024415,1.068266451430177,1.015247888366297,1.0350751748875497
2024-08-28,1.092574200623234,1.0870519655196362,1.261097883699181,1.062064819021548,1.0110296888019716,1.0256475924309
2024-08-29,1.0967769965848284,1.088954099657492,1.2628924474650556,1.0621599024572628,1.0117401986769943,1.025699366139267
2024-08-30,1.0880793033985148,1.0919768587875547,1.2489384866813853,1.072299275947977,1.0126778311508462,1.0173392239752612
2024-09-03,1.0835364052051293,1.0957550131775424,1.2768021640250273,1.0502321739707539,1.0036969808434706,1.0059971618677253
2024-09-04,1.087774768216487,1.1005240754725407,1.2882440223527898,1.0480827878844632,1.006820849005897,1.0143736764748792
2024-09-05,1.0894371693698073,1.096209218665783,1.2873762336662984,1.045533646250775,1.0056146975784381,1.0166099293981443
2024-09-06,1.073597841870611,1.084086701773472,1.2642983917979305,1.0279371338826004,0.9960281986634433,1.0030904751883671
2024-09-09,1.0811049535969979,1.0899771317185978,1.2754497454606843,1.0394460424736984,1.0024900639232346,1.0121122611613766
2024-09-10,1.0805037367211945,1.092164871348799,1.2814897575897497,1.043973705974611,1.004255804005148,1.0165757903316042
2024-09-11,1.0851475919375353,1.0926707231748405,1.2847893086188373,1.0546838183839644,1.004780366148916,1.0194561013770584
2024-09-12,1.0978901652598034,1.0989164627136627,1.294282087203167,1.0635676854058473,1.0107919022456155,1.0276502602980317
2024-09-13,1.1107405683937717,1.109069107010716,1.3117961309961361,1.0691224406559605,1.0198145043912035,1.041124007832599
2024-09-18,1.1109376781148448,1.1116742779770052,1.3116160751824406,1.067961898470669,1.0224098972142612,1.0412889612725804
2024-09-19,1.1332913366337503,1.1268248109252266,1.3432203356851808,1.0861859853449964,1.0315506741695695,1.0587842247558186
2024-09-20,1.1293725628025368,1.1303220910952345,1.3354480268431497,1.0843085045222411,1.03646519213929,1.0545944857487033
2024-09-23,1.1288340573443068,1.1298633258837034,1.3345936043001805,1.0870181441357638,1.0357529946483282,1.0534154781186567
2024-09-24,1.1443884015910475,1.1389680663345079,1.3520658234757843,1.090128492514085,1.0434383395333606,1.0666683950179432
2024-09-25,1.1288719988863152,1.1323192807762559,1.327433277182425,1.0877240016209453,1.0378460552714182,1.0473609633653673
2024-09-26,1.1327974915876762,1.1401946823374647,1.340504616003614,1.092036595445836,1.0429622080720735,1.0547140989368138
2024-09-27,1.1367226994214525,1.1389346765222077,1.3473414594275228,1.090452824734656,1.043865917532659,1.0622765708681732
2024-09-30,1.1308710759971872,1.1338168124915908,1.3365407036741788,1.0948223732992357,1.0392826835223983,1.0539248043950755
2024-10-08,1.123309367685197,1.1354957268487165,1.3217434881718881,1.0936967427012434,1.0356584595878535,1.025975434619439
2024-10-09,1.1147202252235437,1.1301244977528815,1.307103512878087,1.101271842232034,1.029017734339118,1.0118670159935348
2024-10-10,1.1236615737427507,1.1297728904536721,1.3132746216068014,1.0993446749522697,1.0294108579213312,1.0178420496775242
2024-10-11,1.1296437022344068,1.1364752857337672,1.3225374154124545,1.105927951777684,1.0349579114034213,1.024208712304174
2024-10-14,1.126295428642482,1.1463598791863554,1.3269617530527924,1.1149726742359267,1.0420818223486392,1.0258534081326314
2024-10-15,1.1199586225443818,1.145992792883277,1.3219919969621174,1.1063095961944693,1.0459172826589085,1.0279603479363242
2024-10-16,1.1268596799223654,1.1541136490607946,1.335592501877147,1.1111181013720484,1.0514108822844854,1.0355839717042687
2024-10-17,1.1198769018022106,1.1549572294595365,1.3251266340881274,1.1112136614164634,1.0517241697459467,1.0262196236302503
2024-10-18,1.1257113379493455,1.1627455350814073,1.3341426198175477,1.1154878882409782,1.0584132322194393,1.0326721323017085
2024-10-21,1.1095710426398204,1.1594657454858799,1.3061604543307948,1.1136562810056292,1.05607328118775,1.0111383973293024
2024-10-22,1.119532064416021,1.1634226192150856,1.3142991735349334,1.1130644521520006,1.0598740550903287,1.0178234434091014
2024-10-23,1.1053128018956957,1.1540053264735521,1.2937874400317757,1.102893860791415,1.0532386381008951,1.0048184540803768
2024-10-24,1.1119778374069822,1.1636225111055076,1.3079978952939515,1.1052791681843666,1.061352918664809,1.0147207784218164
2024-10-25,1.1091120373275443,1.1608182219896976,1.302861283940515,1.1048977620719318,1.0590875704968328,1.0111060506097325
2024-10-28,1.1017629721145796,1.1709476542525106,1.304987375441526,1.1083132591706357,1.0676456307341378,1.0117337178284624
2024-10-29,1.1053983771677314,1.1784091555007332,1.309615816545161,1.110106856862134,1.0722007177768487,1.0119515726102584
2024-10-30,1.1089924511301097,1.1731333541850535,1.3104410645143734,1.1067484336552937,1.0703240784090082,1.0164564801142313
2024-10-31,1.0994004341919026,1.156832914972325,1.2919474003777327,1.0850528481599742,1.061280070025706,1.011118377234951
2024-11-01,1.0862236784150832,1.1545927306613308,1.2747701958009776,1.0896323428570471,1.0594513292596683,0.9985253994826984
2024-11-04,1.0974065751588096,1.151597849379736,1.2836352138308167,1.0872854024644716,1.0568314819559457,1.0057618748030843
2024-11-05,1.1084923957659372,1.1571887873114908,1.3006231778653399,1.100432415158587,1.0628307704511533,1.0186617372388915
2024-11-06,1.1064616079697214,1.1755168994178533,1.3099233988870573,1.1277954738616462,1.077582849774242,1.0239418276933534
2024-11-07,1.121836702899165,1.1812317105163277,1.328604785894364,1.1365157449471428,1.081581921522886,1.0378084794629636
2024-11-08,1.1195430815873553,1.1822572374527704,1.3291578933048105,1.14143887451715,1.0827895738068978,1.0401471297958926
2024-11-11,1.1152400202986308,1.206767966841071,1.338807693396453,1.1425264955712917,1.105333464013991,1.0482460933019822
2024-11-12,1.0978861992741138,1.199369135390576,1.316273340571854,1.1389771905799713,1.1001467905964641,1.0310879642965403
2024-11-13,1.0895088846886836,1.2004552645149196,1.3093361704963797,1.1395305332810488,1.1020663760791212,1.0266991653661999
2024-11-14,1.0877161525583876,1.191724552227804,1.3091863744150745,1.1322032702744271,1.0940949797724324,1.0251796197434555
2024-11-15,1.0841541626294686,1.1981222677386094,1.3102806354546452,1.1177012590452877,1.0998864926556644,1.0241944654847805
2024-11-18,1.097961577814947,1.2013129679198058,1.3206117269636597,1.1222809920467107,1.1032977686923944,1.0316375433488847
2024-11-19,1.1037998780938765,1.206755146162733,1.3296264840414072,1.1263834014347585,1.1081815335952736,1.0385494280761485
2024-11-20,1.1020849835611914,1.209277669558454,1.328340503915804,1.1267650458515435,1.110964923041807,1.038217211159283
2024-11-21,1.1083634626850598,1.2179550479140175,1.336181388912045,1.1328138060195436,1.1177400618115234,1.0427775222288231
2024-11-22,1.1163592105810862,1.225565539475127,1.3485540088815433,1.1363247440104878,1.1232210360700297,1.0507170868626239
2024-11-25,1.118097659163373,1.210126949647009,1.3447096593999575,1.1401794360265414,1.1077264133701938,1.0465193542342954
2024-11-26,1.1127553866194604,1.2070544373770231,1.3369113487088335,1.1461327553023013,1.1050577005688438,1.040930042206534
2024-11-27,1.1157479994353003,1.2119397521814428,1.3410298870684827,1.1426600651595584,1.111828291701576,1.0485568657131663
2024-11-29,1.126757908469635,1.2216785754620574,1.3569151883223736,1.1497581985334988,1.1185708654528674,1.056676155745593
2024-12-02,1.12353387191676,1.2178437538013576,1.354501325342397,1.151818935401529,1.1139612596834356,1.0535505867270396
2024-12-03,1.1267902801943486,1.218299512825532,1.358161390391196,1.1523533329067683,1.1145152387028852,1.0567449923070524
2024-12-04,1.134431235846497,1.2270796772194106,1.3744734944164825,1.1595087784769227,1.1203338895159434,1.0656775882481817
2024-12-05,1.13074375241729,1.2230804599722818,1.3670306644292733,1.1576007946973468,1.1174658475865527,1.0589975111651095
2024-12-06,1.1305231747706315,1.2303823012000306,1.3779741600398268,1.1597951011536431,1.1230687089923557,1.0652530965350302
2024-12-09,1.130362329966627,1.2296699905032815,1.3732795013563766,1.1538227175298703,1.1215097844616109,1.0586430299068812
2024-12-10,1.1281489151135229,1.2274571099066451,1.3684703793645,1.1502352838425243,1.1199304017281555,1.055601725331698
2024-12-11,1.1349154995057065,1.2389949481131386,1.3816270097926975,1.159127491516663,1.1292106935874853,1.064100932867825
2024-12-12,1.120300755122736,1.2323376790357234,1.3643324367927594,1.153154750436365,1.1235695199333853,1.0513324749238795
2024-12-13,1.114085263242697,1.2359024102281388,1.3637977226218236,1.1529258591080338,1.1243798146195647,1.0476518778397876
2024-12-16,1.1155601553750216,1.2487204931001537,1.3744776531090253,1.157848750373691,1.1327975294880068,1.0515285412733009
2024-12-17,1.1109971222426673,1.2493334508460539,1.3728332007746176,1.153078373892138,1.1326961242532847,1.0494281997766461
2024-12-18,1.086438484767646,1.23748105329712,1.3549246026194477,1.118712622707378,1.1151697238778855,1.0244676847581575
2024-12-19,1.074915968752846,1.230726446356838,1.3326857842085178,1.1183691069866188,1.1107677137836152,1.0148094229528735
2024-12-20,1.0827122868511485,1.2322787954444399,1.3330349019122008,1.131801846596579,1.1103612827773635,1.0137432665858528
2024-12-23,1.0798242518937768,1.2294639945989585,1.3312602676995942,1.1385793414673755,1.1081319563211665,1.0122793401727959
2024-12-24,1.0899272634577462,1.2385302311413935,1.347540812447698,1.1512347322871055,1.116738272968962,1.0246299531047913
2024-12-26,1.0893798575044569,1.2364395972406892,1.344977406500968,1.1513114662878576,1.1149477761945836,1.023004229039492
2024-12-27,1.0821890720504994,1.2311438606814722,1.3373071853171234,1.1391920219516432,1.1092795341743276,1.014892460604817
2024-12-30,1.0853371812035872,1.226767713412201,1.3357819257684294,1.1261919238894031,1.10445635317532,1.012644748586376
2024-12-31,1.086686228435196,1.2299490679443001,1.3403928837761414,1.1220949955014092,1.1060699860038468,1.0145862802585632
2025-01-02,1.095490459302213,1.2362770308620235,1.3548826049592997,1.119337933322204,1.1114441920085305,1.0246670320896656
2025-01-03,1.0943251324401133,1.241800005499073,1.357863394122177,1.1333333095028981,1.1180367327399292,1.0293063205985797
2025-01-06,1.0945890971612635,1.2478737793311196,1.3544417233378236,1.13986189547995,1.1245998074825776,1.0281832519211327
2025-01-07,1.0861033126142845,1.2345944296581428,1.33843926984336,1.1269768984188384,1.1143033959372124,1.0172408755261095
2025-01-08,1.0869384946196496,1.2310569748531108,1.3413101556550762,1.1286235814784613,1.110991538505847,1.0189306580564155
2025-01-10,1.0886687385824725,1.2311491166144035,1.3449286696393488,1.1113923896790858,1.108808268133149,1.0168880955895125
2025-01-13,1.0890794104503907,1.2286947746776622,1.3441244834651394,1.1131153301307606,1.10634764693993,1.016072070606093
2025-01-14,1.0935936124343117,1.235309660646544,1.3506640794785674,1.114647150493605,1.1120911792034875,1.020372622572113
2025-01-15,1.117047093292177,1.2454702722028186,1.37523806864024,1.1349227995184816,1.1233446699052871,1.0419229343326235
2025-01-16,1.1166077950229139,1.2436186313538653,1.3713188836144137,1.132739931670993,1.122136349914049,1.0399643550786728
2025-01-17,1.1187162749051875,1.2509428347272487,1.3818261986690143,1.1441125301737982,1.1281701159768498,1.0471425486963322
2025-01-21,1.126365444642675,1.2597520832649454,1.3855473128832703,1.1545851722982148,1.1338102650023574,1.0476375748592515
2025-01-22,1.123109983719267,1.2584386562897054,1.382068753533704,1.1610756295792408,1.131539497575747,1.0432436517217116
2025-01-23,1.1211858690472687,1.2605160113552736,1.381282285215961,1.1674128571631122,1.132093804131289,1.0416599325357536
2025-01-24,1.1240405501259108,1.261279605534204,1.3816853893353302,1.1640048666514382,1.1336500054893188,1.0430043203052621
2025-01-27,1.1152846912349255,1.2465597715951091,1.3627459470318821,1.1475395850334853,1.1254193920428361,1.036064727879161
2025-02-05,1.1371428189267514,1.2478149046760463,1.3787866236947177,1.1568253523419174,1.1260450313674921,1.044073046772301
2025-02-06,1.1355713550594557,1.2473312173366111,1.3745047069995897,1.1608457850335088,1.1258749550745666,1.0412360487595205
2025-02-07,1.1269576213425307,1.2435711147934119,1.3632647631573063,1.150220032364113,1.124796048274802,1.0350964464275172
2025-02-10,1.1369747040787572,1.250494051152721,1.3804257513888445,1.1580312915059148,1.1297213598593512,1.046404612673552
2025-02-11,1.1361641095790245,1.2450647936487012,1.3780673463864195,1.1589123026884656,1.1251590379965049,1.0450442456040865
2025-02-12,1.1234426575482517,1.2522456348847864,1.365123119550847,1.1551785501301195,1.1322181487625371,1.0360190613100735
2025-02-13,1.1402082835815708,1.2604465359406931,1.3865034884811325,1.1673746093149113,1.1372094386119809,1.0490191273567038
2025-02-14,1.1431060706775402,1.2624982276386882,1.3911596196570604,1.1673172971186971,1.1384201814059214,1.0512763179662448
2025-02-18,1.1465561761379128,1.2636118883341634,1.3974922419098388,1.170744113674034,1.138269435396819,1.054563507734419
2025-02-19,1.1512617891182535,1.2629156859665265,1.4102935356693012,1.173501175853239,1.136700240526131,1.0630256296210487
2025-02-20,1.1527436575990588,1.2635535249656789,1.405684004726251,1.168619153783635,1.137991124577771,1.0605226628276017
2025-02-21,1.1408716373557553,1.2485368246053477,1.3809625978376374,1.1486308998050545,1.129499967127829,1.0485279289734142
2025-02-24,1.1379607528172881,1.238234606347606,1.3748308973516121,1.1434042896451153,1.122323062514576,1.0461444286238626
2025-02-25,1.1372945350710597,1.2286437947020525,1.3689276873321423,1.1377177520893624,1.1135735596874712,1.0416990977628615
2025-02-26,1.1344728084850162,1.2223994568355943,1.3612351609340212,1.1382921847254293,1.1092256488552206,1.0369646698260737
2025-02-27,1.1248800124712541,1.2143234103861478,1.3506853610387997,1.1201229078516393,1.103755329249656,1.0335352362427819
2025-02-28,1.1340253715569029,1.2181818564313467,1.3671113525419083,1.1376028893925842,1.1047446765245974,1.041832624317198
2025-03-03,1.1324740981692658,1.2187665788904685,1.3640252287671555,1.117672305066743,1.1052221416028392,1.0394534669847773
2025-03-04,1.1236767466157465,1.2176223148077803,1.35164176167869,1.1044424816109462,1.1046383433617206,1.0307717637730422
2025-03-05,1.1282327335514042,1.2363110526326122,1.3678358237675854,1.1163127787490656,1.1184245097832142,1.0375643973018542
2025-03-06,1.1214377187800169,1.2360359231259508,1.35461317456544,1.0964970571200028,1.1155333530621707,1.0240474072939372
2025-03-07,1.1256398584984337,1.2355918770254521,1.3648758857748187,1.1026428071585188,1.1128921887275989,1.0274479110842303
2025-03-10,1.1173071669610262,1.2154246577719183,1.349350322447014,1.073273106674916,1.0906023209876856,1.0106524413420208
2025-03-11,1.1177988216812067,1.2241859641581718,1.3518383983906943,1.0643513492613568,1.0992299599501556,1.0127257463988855
2025-03-12,1.1197748724202292,1.2328172004908027,1.3589624486539957,1.0699994006645586,1.1034313538083504,1.0099742147684994
2025-03-13,1.1180995482365699,1.2268255348987884,1.3509342189603053,1.0557355746334065,1.102064823273033,1.0098871310997886
2025-03-14,1.130066056780111,1.2450102462191144,1.3816189283281077,1.0775428057167775,1.1120649740421478,1.0192272263277034
2025-03-17,1.1376883772909743,1.2474111961447716,1.3882149920907487,1.085852120950419,1.1152087092232092,1.0257747092855756
2025-03-18,1.137337950265568,1.2465188928923325,1.3863647873432534,1.0741156317049154,1.1123505915124063,1.021932828960459
2025-03-19,1.1511837888697372,1.256733951484656,1.4113742821500874,1.0858137539500428,1.1234309424549276,1.0434554959266282
2025-03-20,1.1490238050664707,1.2505787320708859,1.4065886466733566,1.0826738558323017,1.1178343921030858,1.0398578109847254
2025-03-21,1.1410818963945668,1.2500274315099547,1.3984416837847817,1.08303095490102,1.1176078016668325,1.0339634382341691
2025-03-24,1.142939951169349,1.2605684300122821,1.40354815311968,1.1024264268085713,1.1298990706148901,1.0414653005619945
2025-03-25,1.1469653293665207,1.26338112908166,1.411048377388992,1.1050763711823783,1.1324620185873355,1.0453432486152066
2025-03-26,1.1413716099966524,1.2614278776954786,1.4066764098908338,1.091883723205207,1.1284531849995578,1.036186708278383
2025-03-27,1.1455344418435773,1.2643022586280805,1.4103202457352515,1.0889839167202546,1.1302524669760345,1.037771189609472
2025-03-28,1.1465922387460699,1.2577600304938628,1.411558646921883,1.0670538397443747,1.1213627253925826,1.0360039681997588
2025-03-31,1.1566920985729532,1.2536197595106064,1.4188508972272835,1.0742166727493843,1.1177543271014374,1.0424607042204879
2025-04-01,1.1612916347678532,1.2582969326112265,1.4262644325194869,1.0772506445834782,1.122727458073471,1.0490126655151346
2025-04-02,1.1657016730408942,1.2589229555697965,1.4322977360338756,1.0840680554329272,1.1203089071684273,1.0496771955292248
2025-04-03,1.1329177389075713,1.2425192830357425,1.3857359345962583,1.0306442713004462,1.1056219122777655,1.0150787300746986
2025-04-07,1.0527580411219428,1.2016739607989788,1.2589557261167923,0.9685789160941098,1.07866547719728,0.9374948023654877
2025-04-08,1.0279873647780895,1.1900109733101325,1.210366281492042,0.9534083420105897,1.073214056101277,0.9106428312481104
2025-04-09,1.0929429741835697,1.2501151985826398,1.3303182384572627,1.0535345956553057,1.1026572997524153,0.968826990177785
2025-04-10,1.0556396950834375,1.2373568124681211,1.2792898741016103,1.0073695620287746,1.093082439346131,0.9173353578776438
2025-04-11,1.0752631083410928,1.2537669669848002,1.308747733628924,1.025344025096307,1.106307024556548,0.9365814598128324
2025-04-14,1.0867354539137914,1.2594958016382143,1.3275698828545566,1.0352914444329655,1.1092921013177384,0.9475217709991947
2025-04-15,1.0869259957371575,1.2593756987962326,1.3256251025441206,1.032391518795838,1.1087633076277963,0.9453386781809068
2025-04-16,1.093012633767082,1.256803173726515,1.3254269941552714,1.0094436439404144,1.1097893738716176,0.9499486531775154
2025-04-17,1.0991823707153476,1.2599638581060524,1.3346344764303462,1.0108837171284462,1.1123274084899413,0.956075309491585
2025-04-21,1.0829616935640616,1.2619340037659275,1.3068923852908776,0.986822126892538,1.115928539619329,0.9383014184222478
2025-04-22,1.0989635948586645,1.275782533119153,1.3395246829604688,1.0124970375790463,1.1262096639191623,0.9577984919507643
2025-04-23,1.1067772156975162,1.2823231418693057,1.353996156000503,1.02818616192852,1.129570153754006,0.9649519519462247
2025-04-24,1.1264971227563123,1.2912023909142274,1.3825063548669883,1.0498283672494033,1.134067893036171,0.9811130924123532
2025-04-25,1.1304915154698874,1.2967532496920455,1.393373472151845,1.057413713867251,1.1372655539120087,0.9875226798452058
2025-04-28,1.1371717646145687,1.300730931465628,1.4078488893027656,1.057816924827726,1.1409759180908725,0.9982975324879879
2025-04-29,1.136966395179265,1.299868970050177,1.4112725270909632,1.0644805102191452,1.1398436034833688,1.0008392592299227
2025-04-30,1.125371190013549,1.2975149725874535,1.3938467429926353,1.0649030238319832,1.1375236546656489,0.9865756743858309
2025-05-06,1.1293894021077533,1.3125841502698445,1.4029265507637474,1.073083654716537,1.148047030033072,0.9876648675007973
2025-05-07,1.1253848805178899,1.312391168616103,1.4022586225270601,1.0775963050433892,1.1461286015944985,0.9861280693303385
2025-05-08,1.1282881571300682,1.3289866789017521,1.4105777912882502,1.0851050368126596,1.1583325795042023,0.9905225567530563
2025-05-09,1.1347471713329507,1.3326011849280064,1.4174791098045432,1.0837221566686668,1.1609014578058943,0.9949600755787891
2025-05-12,1.1356466699606114,1.3494537702356304,1.4211547626506522,1.1195365599980645,1.164304277211466,0.9903914401617048
2025-05-13,1.1473405017724363,1.3599880769893646,1.4360893151157976,1.1269298333096813,1.1695595517540782,0.998404488755254
2025-05-14,1.1398684263078689,1.3591511493780581,1.431897035774227,1.1283702639542386,1.1665279065687004,0.9935389713892888
2025-05-15,1.143167619456776,1.3579910375606499,1.4320473221153114,1.1338815286604467,1.1665305769022407,0.9946966819858116
2025-05-16,1.144687504307482,1.359191138359582,1.4360853872761918,1.1410635451656446,1.1669057749725984,0.996371876894515
2025-05-19,1.1458182798078556,1.36529111699622,1.4409862397329904,1.1423117833517957,1.1713153026747807,0.9987492435732972
2025-05-20,1.1491474477220658,1.3682246440122359,1.443326497638001,1.1384711512924017,1.1751315487477694,1.0014390982427364
2025-05-21,1.1336365422464723,1.3640310006185674,1.4279880749344758,1.1192868170390946,1.175196294962462,0.99082245323798
2025-05-22,1.1362067704878405,1.3678593792640061,1.4355560417436752,1.1197287524564707,1.1787099120169715,0.9962645771425189
2025-05-23,1.1382172472000498,1.3589090253263365,1.4323097667903661,1.1120854978815335,1.1747450910789174,0.9967612051203847
2025-05-27,1.1472364337707432,1.366845897997593,1.445378745948256,1.1352065008473504,1.1806466447831172,1.0040492964940693
2025-05-28,1.138275998794026,1.361661473038649,1.4345861873247738,1.128638952109047,1.177217091552885,0.9971455799620916
2025-05-29,1.143504488900906,1.361095069913142,1.439198178002984,1.133094051935335,1.1763391116572723,1.0001358395105673
2025-05-30,1.1409262534153735,1.3547884577263716,1.4361829652781906,1.1318267494011707,1.172266842618729,0.9989739828329818
2025-06-03,1.1514637309702493,1.3686572269790156,1.446576788455836,1.1446930395707944,1.1817216236291563,1.0050065103390302
2025-06-04,1.1597689865602758,1.3700326073723386,1.4569168182103056,1.1443857461112599,1.1817734115332368,1.0112528107320233
2025-06-05,1.1582837381517246,1.3637913529169003,1.4513465722282093,1.1388551787526886,1.1777756620715694,1.007888666604068
2025-06-06,1.154912042128219,1.3723343322778827,1.44746630019895,1.1505499647369133,1.1829542373835633,1.0038564184603518
2025-06-09,1.163138078261767,1.390427183565384,1.4612724357620515,1.1515868269644705,1.1969650326102523,1.0124674853641153
2025-06-10,1.1659784450174775,1.3929668587234458,1.4644412548547707,1.1581162470067479,1.1972064832873102,1.0135030270029826
2025-06-11,1.173181268450942,1.3917327595710764,1.4699834074566842,1.1548131104091455,1.1962042304119929,1.0173060410546975
2025-06-12,1.1802167434197313,1.3851395587526354,1.4760368077404158,1.1594028521932755,1.1900010278824187,1.0212226571371001
2025-06-13,1.1813218026586634,1.3777955896064074,1.4698742539575387,1.146440406218361,1.1883623366690017,1.0198519716414818
2025-06-16,1.1785207919923641,1.3852100213554013,1.4688368769091817,1.1573480729339993,1.1909171282755315,1.0162626711655829
2025-06-17,1.1909813387251513,1.3754183860578224,1.4729609093377718,1.1474582040979053,1.1853097714150405,1.0209049090265647
2025-06-18,1.1915005205363942,1.3748592496370184,1.4717415611209277,1.1472854334440374,1.184388663286969,1.0198349650638994
2025-06-20,1.1906921320906851,1.3696487947020084,1.469924084324573,1.14459092615675,1.1809972040414054,1.0192393813385603
2025-06-23,1.1842678376997604,1.3804046472894334,1.472385570130329,1.1558966802893347,1.1886150108958244,1.0198886595251904
2025-06-24,1.1813272887618618,1.3838532848832177,1.4743550593030992,1.1686660997406173,1.1874404069576672,1.0187984510429757
2025-06-25,1.182426216544104,1.3868188623759856,1.4772019037483228,1.169320960094864,1.1889327637139735,1.0203539673959436
2025-06-26,1.1942059255481943,1.3937787812482905,1.493945839993652,1.1784694640976023,1.1933924705052632,1.0313414469701798
2025-06-27,1.1871801064203853,1.3923081777634478,1.4875103999523678,1.18432448282892,1.1916772551286134,1.0263426566524243
2025-06-30,1.1962711225316147,1.3969582679969597,1.5010148489352406,1.1899869516453065,1.1940692829619386,1.034446750066425
2025-07-01,1.199935169060397,1.3937199400691604,1.502575117789524,1.189601851815444,1.1927062323377302,1.0364855205824428
2025-07-02,1.2086331732341404,1.4011487227898933,1.5148233241675868,1.1949946792596216,1.1984723491827287,1.0444430945579088
2025-07-03,1.2062992762639668,1.4074716644294663,1.5102462168792392,1.2044129437867441,1.2023394143270045,1.040388151401796
2025-07-07,1.196209751028728,1.4031050513699885,1.4972672207103874,1.1954375678943987,1.1993200077862955,1.0317137921675301
2025-07-08,1.1993669468690156,1.4061308356755051,1.5075291644287423,1.194782707540152,1.2005639109440274,1.0380215829974282
2025-07-09,1.2079038196593483,1.4104110073385228,1.5150490405290211,1.201947566132138,1.2042990239933171,1.0464964962031196
2025-07-10,1.2118935274959355,1.4206614538971183,1.5219304062164358,1.2053373263610245,1.2121908167453144,1.0507798688469512
2025-07-11,1.2119078981550182,1.425211832840261,1.5227027864419365,1.2011001558629602,1.216622878065582,1.0513162083281884
2025-07-14,1.2075033882773147,1.4265053778065475,1.5161479534258249,1.203392047950648,1.2177644693541907,1.046904193022379
2025-07-15,1.197283226706016,1.4220829842789349,1.5092228634944553,1.1982495592263163,1.212476743252716,1.039048581039431
2025-07-16,1.2023027022189312,1.4237972797425242,1.5104213010389047,1.202255693656898,1.2147687980289879,1.041907741998101
2025-07-17,1.2097162031387616,1.4279079967222255,1.5213956667722013,1.2096129830116402,1.217115725313171,1.048754726890537
2025-07-18,1.210672984093067,1.4278837924651426,1.5216085103420527,1.2087272057420861,1.216972381969518,1.0490673145045437
2025-07-21,1.21869110397463,1.43027340644529,1.5298805314479371,1.211019097829774,1.2182300243665263,1.0543039524794684
2025-07-22,1.2255565333050957,1.4358738544102922,1.538228498115291,1.211192225940167,1.2244779960231977,1.0608812947202877
2025-07-23,1.2230397760590859,1.4374581923451362,1.5388753847982723,1.2214966251933688,1.2254876022764012,1.0617892080205193
2025-07-24,1.2180991516086184,1.4319944433422034,1.5300612745943765,1.2219010276755946,1.2210925148919094,1.0564017276613753
2025-07-25,1.2162256048972078,1.4316564873179638,1.530610253748205,1.2270626999001144,1.2203895433892162,1.0564848313245374
2025-07-28,1.2121859071554393,1.4282807747604356,1.5212837594948445,1.226754453223179,1.219556100325657,1.052272230214577
2025-07-29,1.2275533055065595,1.4279560258159454,1.5404875613259716,1.2235189950610228,1.2189922865566416,1.0640311568780576
2025-07-30,1.2135773666098757,1.4233958099197235,1.5218228273491117,1.2219781191328722,1.2146532337436782,1.05093108363424
2025-07-31,1.2034201763855068,1.4131741663908903,1.504157927032759,1.2173943349574963,1.2085307751873613,1.0404581884514583
2025-08-01,1.2045738728863462,1.4022636165159108,1.4985972650093633,1.1974406351096893,1.2037656965839834,1.0401374917526383
2025-08-04,1.2158409806888384,1.416184434301799,1.5164627171200742,1.2156414873098758,1.2116085872037827,1.0493733396953373
2025-08-05,1.212820828962621,1.4118722462129076,1.5095824469895633,1.2094779835972727,1.209359134939768,1.0455552857362878
2025-08-06,1.2114512459864104,1.4169313020778265,1.5090729253969952,1.2187423035141904,1.2129565158558828,1.044733212454881
2025-08-07,1.2160830835639402,1.4238077743272248,1.5170414961897842,1.2177215268302695,1.2177106201643024,1.049576362471898
2025-08-08,1.2158975736124606,1.4270273212850622,1.5178636746751613,1.2272170019668445,1.218228817610084,1.048728446635984
2025-08-11,1.2134292238384872,1.4264914963284034,1.5158197349832208,1.2247899913126143,1.2183769966725686,1.0477372338474835
2025-08-12,1.217660030984715,1.4377198830405185,1.526246553130057,1.237829052136106,1.2239115459565366,1.0524081904848859
2025-08-13,1.2302684830059314,1.4489440182947233,1.5409157966122162,1.2420664609385204,1.2325890482367479,1.0619197610535738
2025-08-14,1.2202432477074376,1.436513339377518,1.5286821765196443,1.242182038548349,1.2239068446449255,1.054563285327082
2025-08-15,1.2135390812775884,1.4350315285428599,1.5217406726912366,1.239273653106791,1.2231322550179964,1.0497622470025405
2025-08-18,1.2116397023130387,1.4345172377134003,1.5194119587436388,1.239004011734582,1.222590942803658,1.0481214180818597
2025-08-19,1.2074095472913098,1.4236666205484623,1.5137334129375688,1.2322820417773732,1.2136729916762827,1.044498957864822
2025-08-20,1.2138598046345452,1.4265969404136671,1.5192709377733855,1.2290079783104906,1.2155148816108896,1.048005928546403
2025-08-21,1.2138590555696138,1.4250434418907458,1.5178585065536767,1.2240774613056282,1.2141498520479042,1.0473999272673793
2025-08-22,1.2393053837947687,1.4450201475081381,1.5543668916447289,1.242875265902972,1.2300358177554804,1.0696250081400427
2025-08-25,1.231955693198179,1.4328885847369195,1.5409624951636007,1.2374054661536922,1.2207761041579304,1.0609219823465124
2025-08-26,1.2335183858895338,1.4362241749102336,1.542814944365131,1.2425864410305751,1.2226497482867857,1.0615932632588605
2025-08-27,1.2368888479146647,1.436794106911435,1.5468326927119296,1.2454176158626808,1.222260498651201,1.0638543136712633
2025-08-28,1.24383867317854,1.4412661259067845,1.5522168038126432,1.2498281527754884,1.2257760686961552,1.0675300375497316
2025-08-29,1.239768628308486,1.437314270350759,1.5438965250548395,1.2423744693111056,1.2255777528397491,1.0634945242548992
2025-09-02,1.2436484817557516,1.4440873010522988,1.5492024763167067,1.2331681765034526,1.2305229706332588,1.0667616011207655
2025-09-03,1.2478829890707985,1.4448747560011812,1.553635017097182,1.239851541155935,1.232037235432158,1.0703047994143076
2025-09-04,1.2502193646592221,1.4421025153415146,1.5542525787095083,1.2502133717575261,1.2294502481581766,1.0706307073398391
2025-09-05,1.2610002334556316,1.4474446057255006,1.5678411902909133,1.246592575461157,1.2328541366832275,1.0791464116141694
2025-09-08,1.2737432915471716,1.450768533138058,1.5828860843312718,1.2496549055129202,1.2364399880643409,1.0900622723542333
2025-09-09,1.267489637169104,1.4474395966185727,1.5750399797234544,1.2525438691499402,1.2347402521416024,1.0854185777577132
2025-09-10,1.2763951424434703,1.4537049332655634,1.5865111997861963,1.2561647845984847,1.2411887664768546,1.0940328116035587
2025-09-11,1.2831394941202,1.4607061338842413,1.5945095995525078,1.2666038258095282,1.2462255088432008,1.0994064440040563
2025-09-12,1.2820887922889377,1.4640528914611282,1.5953428189798473,1.2661800015227642,1.250265325346794,1.1005907534851629
2025-09-15,1.2905536042670378,1.4685735990349453,1.6044976551588215,1.2729210358279859,1.2528436354890713,1.105983108233084
2025-09-16,1.2973912719662701,1.4728535730031227,1.6160361791171605,1.2711685456368909,1.2554971992520076,1.1127853937959034
2025-09-17,1.2884428986808456,1.4678096451268483,1.6062469772799461,1.2695890644040138,1.2534830539015638,1.1075086832669092
2025-09-18,1.2826110109028932,1.4711564450112935,1.599147715204111,1.275521174592609,1.2552726243222971,1.1019758661457313
2025-09-19,1.2787643812545173,1.4731839624295593,1.5916017925223802,1.2818386229154168,1.256234216963024,1.0962280655789673
2025-09-22,1.2784827270519403,1.476020551978541,1.5896413535000042,1.2879031111705272,1.256885949470093,1.09332341451499
2025-09-23,1.2880639610343445,1.4758706111133064,1.6019524824256506,1.2808923163409214,1.2554904214003522,1.1007483679313297
2025-09-24,1.284587088645804,1.4777306927169958,1.5956848111499475,1.2768170736487923,1.257742413335189,1.0968576637558785
2025-09-25,1.2837702997262046,1.4722049969345066,1.5882232028310876,1.2709266667214756,1.2540834991563279,1.0925007803121647
2025-09-26,1.2888742436204792,1.4774922293065167,1.5925979569891047,1.278207817836341,1.257664941609704,1.095837288166264
2025-09-29,1.2943578654109154,1.4883919200587519,1.5974438572419265,1.2818000176106905,1.2670443572056749,1.1009000193912997
2025-09-30,1.292098674829072,1.4901046472510202,1.5938797066676131,1.286628421201508,1.2676913122773148,1.0979678623136493
2025-10-09,1.3041254343006956,1.5159541320299175,1.6100224999110133,1.2962465039262419,1.2870699797451748,1.1071466968673231
2025-10-10,1.2898449782427648,1.4841747082061445,1.58288268080488,1.2612118324305757,1.2709287876289064,1.0954573844617426
2025-10-13,1.310698210542889,1.5020885945971452,1.6095465420609525,1.2805638137942223,1.2832295673621457,1.110700534394712
2025-10-14,1.3074235828066263,1.501223838928901,1.60352840262348,1.2789994648875804,1.2805664108972088,1.105350115179724
2025-10-15,1.3115831867989047,1.5031895701148243,1.603004864169204,1.2846777809432526,1.2810085826878785,1.1042535175722763
2025-10-16,1.313956386471623,1.4960879966772462,1.6006207568234596,1.2759287941835615,1.2775534387497063,1.1041594370909849
2025-10-17,1.3044075296876856,1.4868243516673614,1.5920818466729858,1.2831712208415254,1.2707322741771987,1.098933424730258
2025-10-20,1.3200685309199915,1.5025041709785878,1.6089167761117722,1.2965169793636762,1.2824618639803973,1.109568900578416
2025-10-21,1.3064338554882964,1.4849302972913765,1.602360962940301,1.296497557559138,1.2673834684774063,1.1047874614046027
2025-10-22,1.3123906698707066,1.481781147292822,1.6079798577878843,1.2897572381669666,1.2664117461901196,1.109752285301008
2025-10-23,1.3209147753792823,1.4956266486979777,1.6207129595018066,1.297405258828907,1.276308905014278,1.11729389755918
2025-10-24,1.3236330378798622,1.4993758376370352,1.6268776892646222,1.3080084917372123,1.2777317864332893,1.1204178637920092
2025-10-27,1.3230760513615858,1.5023488063565962,1.6350955328197514,1.3234398899319855,1.2775088777190804,1.1246828812775431
2025-10-28,1.3197709843382364,1.5014127871588097,1.6304224504387426,1.3269549982490576,1.2760087382159027,1.120557271252049
2025-10-29,1.3101393759859234,1.4999528306438332,1.6153977922601757,1.3275925815379175,1.273354320105221,1.1089557547523472
2025-10-30,1.3033701277256506,1.4935568749972017,1.598848366506366,1.3129914356991104,1.2709904363696871,1.0993127569003416
2025-10-31,1.3063901804529459,1.4960438984475943,1.602592947390821,1.3172983102195972,1.2732487032785489,1.103135520757584
2025-11-03,1.3053985886739945,1.4930672644075829,1.6021703404865464,1.3197704795481833,1.2701577204749188,1.0975826324491373
2025-11-04,1.2913924343376872,1.471869894313711,1.5812852277173048,1.30412639472089,1.2578943607816313,1.087004127936928
2025-11-05,1.2895373087672446,1.4855433628825339,1.5788095528478379,1.3086458367217222,1.2664720429479155,1.0824117550501777
2025-11-06,1.292495613808186,1.4772811550350822,1.584018193422616,1.2946049444101473,1.262330994909755,1.0880258035427122
2025-11-07,1.2955247982103637,1.480735427284537,1.5876487895956088,1.2958793960748165,1.2652422302426143,1.090371182280761
2025-11-10,1.3114036774730689,1.4983660050777472,1.6061766891341434,1.3161007117078556,1.2768765994463565,1.1006267935329388
2025-11-11,1.3205394416461287,1.4929716424965964,1.6159956615135327,1.3191137127591352,1.2739311753466125,1.1083233340647853
2025-11-12,1.3186593054818916,1.4963939195517753,1.6064347635003158,1.319847690157636,1.275921240385077,1.1010964943551518
2025-11-13,1.3007777497606672,1.4807504264249596,1.5818200366786408,1.2979462097037757,1.267784938883792,1.0867530421322447
2025-11-14,1.2919369371881853,1.4702465194236969,1.5707392150937067,1.2977336422234307,1.2588160324004567,1.0787696737531267
2025-11-17,1.2834412544383607,1.459711438394515,1.5582005363055578,1.285643390170111,1.2519015614760738,1.0729179662239574
2025-11-18,1.2882442701145167,1.4623911075451168,1.5630032693546978,1.274847130738174,1.253281133924631,1.0768648027775043
2025-11-19,1.2803959246543664,1.4571696736659223,1.5474392675716913,1.2797722858951575,1.2493581558702076,1.0663510227242015
2025-11-20,1.271484507532877,1.4475128217224382,1.5358496377597355,1.2602655258560802,1.2389310513762946,1.0570133950009257
2025-11-21,1.276061787187049,1.4471961070360797,1.5407666429362035,1.272819399022641,1.237780522934724,1.059277848951856
2025-11-24,1.2878475541928098,1.4584740437459973,1.553767132701299,1.291553338054141,1.2501233946225885,1.0700593773546085
2025-11-25,1.2937759287024664,1.459931493741905,1.5614219139304717,1.303701617216725,1.2512939521350643,1.0756545171952312
2025-11-26,1.3096537952491474,1.4704861369647526,1.5812341425511085,1.3127017767614875,1.2602596270379898,1.0894825192249462
2025-11-28,1.3171420587189868,1.4785907291119231,1.583576757907527,1.3198671119621737,1.2668219185044756,1.0912713977843085
2025-12-01,1.306201868444806,1.4720222488439285,1.559603853879617,1.3138412290117896,1.263550977499849,1.076812059942497
2025-12-02,1.3079105228332466,1.481326903974896,1.5639738725602248,1.316274673883474,1.2697632944283985,1.0787228935009932
2025-12-03,1.3193328267264162,1.4911984701224419,1.5832038553947263,1.3208327211890325,1.2766321906456242,1.0909963683970172
2025-12-04,1.3148619704148914,1.4905839531768463,1.5775866098551568,1.321798449568066,1.2746911435690567,1.086402000997208
2025-12-05,1.313104929506417,1.4875850955869812,1.5684084168095063,1.3243091050492029,1.2718159329824024,1.0802203271857997
2025-12-08,1.30484593641906,1.4908220428958605,1.5621881032197578,1.3203306139232398,1.2736518103727408,1.0757561831140918
2025-12-09,1.3094537144132035,1.5017441090191432,1.5728227432095696,1.3191910425207627,1.2821218460785182,1.078756868883975
2025-12-10,1.3229211164439172,1.5071216179081803,1.5861851895933274,1.3279401484326288,1.2840715705873844,1.0877158470675923
2025-12-11,1.3279136400809173,1.5145327415528296,1.5937700392139116,1.3310301217890108,1.2889062420084982,1.09194058300883
2025-12-12,1.3118396570126778,1.5038965568831049,1.5709810738012338,1.3167188731921766,1.2824428694529648,1.078138055429732
2025-12-15,1.3100642136285785,1.5010912216469698,1.5638157772970103,1.31472950847702,1.2794752076209654,1.0726295843487836
2025-12-16,1.3065226633571538,1.5012353921854305,1.5624215557702132,1.3111373087026705,1.2807369338654104,1.0723120261671064
2025-12-17,1.3131677497501166,1.5024311854010752,1.5649299543129547,1.2967101250394821,1.2801313715667944,1.0733344003141172
2025-12-18,1.3149297042888137,1.4995420913472497,1.5719848339447051,1.3065020507876595,1.2791748977847923,1.0785055798860879
2025-12-19,1.3188625970046843,1.5097768869864754,1.5744089287557872,1.3183433939472344,1.2890416475313529,1.0807156564143734
2025-12-22,1.3279333676221086,1.5156936453198018,1.5834196126139193,1.3265564342234102,1.2940120586770145,1.0869202579416113
2025-12-23,1.3361415412567406,1.5170084092969107,1.586599769108707,1.3326194926524197,1.2955334501240936,1.0892901939338615
2025-12-24,1.3416444749105316,1.5193883123924836,1.5938028475909238,1.3373071775244663,1.297079338663685,1.0938108132437072
2025-12-26,1.348834352997316,1.5281597487766485,1.5928894017298343,1.3371714631970488,1.3046999462197244,1.09303273026376
2025-12-29,1.3356151010615598,1.515013254212603,1.5855654320082369,1.3324063294111994,1.2938987635034778,1.0880601888862627
2025-12-30,1.3408269424239985,1.5183416122933104,1.5906256016975076,1.33077918730829,1.2971152079211425,1.091859264477485
2025-12-31,1.3222591200514957,1.5100992027070945,1.5734359466471068,1.3209195831246665,1.2907938169561668,1.0805656495144957
2026-01-05,1.3527819838431516,1.5356222634624828,1.6149073868747066,1.332154560865253,1.3128122394956794,1.1070676335411587
2026-01-06,1.3593057395147081,1.5433605701490345,1.6175024118134715,1.3400772272907555,1.3191197353465995,1.1086676691739914
2026-01-07,1.3512873100335578,1.5324952075585418,1.6054377983139327,1.3357574843353597,1.3109014530321832,1.1008325456599946
2026-01-08,1.3548242831823931,1.5366247002336024,1.6121269052889742,1.335621889160117,1.3136757661463923,1.1050516024447206
2026-01-09,1.3650669812833238,1.543816721253098,1.6211831418272369,1.3444548782032406,1.3202744701581517,1.1139133904591714
2026-01-12,1.3771810042625678,1.5558913008831254,1.6316340593233483,1.3465662547456805,1.330080982326087,1.1209697011726145
2026-01-13,1.385679398034009,1.5660583843089833,1.6438355407329879,1.3438738921975444,1.3387879220714831,1.1293085290704374
2026-01-14,1.3994759791094196,1.579416062088053,1.6575512007740127,1.3372682147632147,1.349056962446153,1.138090805387411
2026-01-15,1.3924804306173586,1.5735414799966705,1.6472967813476895,1.3409101009945732,1.3443336159240085,1.1311956852857752
2026-01-16,1.3838708521143492,1.5721028055970685,1.6365869310933119,1.3397864959835568,1.3428040939114492,1.1237372914263544
2026-01-20,1.3790856563753877,1.5656769560998185,1.6169502268589213,1.3125128014118084,1.33343091605429,1.1068137260793196
2026-01-21,1.3955323544047853,1.569335606167959,1.6301618409019978,1.3276606174298882,1.3392459224109852,1.1207221549737119
2026-01-22,1.4014497553343939,1.5733359996638814,1.6270245310192075,1.3345951548674417,1.3438482003561676,1.1244578379915249
2026-01-23,1.4182023940340729,1.580917951404379,1.645321454775111,1.3350795084591471,1.3498139307955035,1.132243937162244
2026-01-26,1.4296496754291803,1.587720185772737,1.6516293701083395,1.3418591480690953,1.356404374705911,1.1377868656984904
2026-01-27,1.4414915724929842,1.5994091084746125,1.6660393588555582,1.347205506164991,1.3652276745926522,1.1467900224269862
2026-01-28,1.4546726877791536,1.6116902632101477,1.67502966602412,1.3470697918375734,1.375304805343734,1.1528844922930799
2026-01-29,1.458129586844307,1.597688118296229,1.669800532243135,1.3443967319418004,1.364353379979778,1.1508741949190144
2026-01-30,1.395576934176757,1.5479442029945112,1.6275808302186057,1.3403870229459662,1.3239799861667831,1.1230945379746013
2026-02-02,1.372117446857289,1.5318390515056461,1.6072807412456007,1.3470504891852102,1.3083736740003766,1.1075631205783438
2026-02-03,1.394144319451447,1.538616405009461,1.6248843409565799,1.335660613617018,1.3127561477365095,1.1193358276787522
2026-02-04,1.3937431602713408,1.5353074729610563,1.6221322929810345,1.3291908888144561,1.307609827488396,1.112566312859385
2026-02-05,1.3693055914443637,1.4976747157219443,1.6063452984608524,1.3125901311734356,1.2718875067750153,1.093427891028643
2026-02-06,1.3987995127153696,1.5316461124830942,1.649194541530231,1.3377721093116328,1.2991056473596527,1.1198529841985443
2026-02-09,1.4131816738984635,1.537911443082773,1.6578148986415755,1.3442225314618315,1.3067860237331606,1.127363528509009
2026-02-10,1.4155534982149678,1.5342416266893963,1.665308964484614,1.340677635100989,1.3025794206160763,1.1319530908856998
2026-02-11,1.4189850372986557,1.5372730302685302,1.6621710724322403,1.3403677202936028,1.3048429261471368,1.1295638198254065
2026-02-12,1.4036850653362793,1.5214842304478602,1.6550388098132045,1.319660502090582,1.2875618214954259,1.1222666890988409
2026-02-13,1.418241152225714,1.5363200643990909,1.6730046940781966,1.320590365664916,1.2988366794842798,1.1338877343448
2026-02-24,1.4401264651005494,1.5375700282878129,1.6831825581383548,1.3314377413799634,1.30216700706733,1.1417671551431676
2026-02-25,1.4475415815029962,1.548841864477774,1.694020441407948,1.3426728382727247,1.3118560832243487,1.1493145293688083
2026-02-26,1.4522815821847912,1.5458301452470034,1.6998439694901657,1.3352151036343891,1.309702964813162,1.1534291073867393
2026-02-27,1.4651530880248855,1.5478790323504437,1.709525615062864,1.328803405941092,1.310343701393494,1.15932066451289
2026-03-02,1.4674232880194373,1.552174410655504,1.7165288616400989,1.3295589498832823,1.314578979811153,1.1646092302195372
2026-03-03,1.4478771583495393,1.5330642023234047,1.7004304807107058,1.3178396185509906,1.2988128276052293,1.1540116394977178
2026-03-04,1.4558348111676993,1.5479334384187635,1.7159825742113306,1.327137539381281,1.3129043132104739,1.165356664831016
2026-03-05,1.4506143399866454,1.5379616924932165,1.7151549629795604,1.319737951004385,1.304371740260889,1.1602643568704651
2026-03-06,1.4623652361867148,1.5304426689439954,1.7262876453802354,1.3024400339869642,1.298300081133952,1.1671757462922352
2026-03-09,1.4634095126649698,1.5305159882175843,1.7159555275524583,1.3138493313596942,1.3005503586166818,1.1681072155326335
2026-03-10,1.466436088814185,1.5387015974666356,1.7207525268145085,1.3117378356650793,1.3076917299381503,1.1701712401643254
2026-03-11,1.465146025429757,1.5373933736117948,1.7278411038455703,1.3100915100619817,1.3059201571412984,1.1703540434214685
2026-03-12,1.467682317714503,1.5323977352327793,1.7447569560870029,1.2901978629104156,1.298956994447972,1.1737998945329564
2026-03-13,1.45310452477747,1.5265660611874572,1.7331036482420572,1.2828951452518609,1.2932795289865024,1.163260404451961
2026-03-16,1.4630701347348607,1.543315901811879,1.7466637631709359,1.2959510065320388,1.3063865128205574,1.175146649645204
2026-03-17,1.4757520870870198,1.5405729866118563,1.7651341667467824,1.2993600694132885,1.3046506714982962,1.1891769056059982
2026-03-18,1.4684026977555051,1.5281629674656443,1.7667606928837127,1.2812292786920496,1.2922766679557844,1.183004800997948
2026-03-19,1.4536368026147957,1.5151844728533401,1.7451699518893409,1.2780718652045715,1.2817160585894753,1.1718638904128529
2026-03-20,1.4267230852609365,1.509194698256684,1.728779717426293,1.259749596937977,1.2741265492816642,1.1528273837043082
2026-03-23,1.4151354447116877,1.5157853835752773,1.7069154031979916,1.272977037350272,1.277146754829658,1.138259833614443
2026-03-24,1.418623327737052,1.516797801281882,1.7103704787624676,1.268703882895333,1.2789838052135747,1.1412164749226716
2026-03-25,1.432883552795623,1.5241503207740017,1.723948570161166,1.2757741346603044,1.285672622347978,1.1506750530764978
2026-03-26,1.4169401200061527,1.5098708953039586,1.7123030591033253,1.2529904515021428,1.2710010316935045,1.1413046811156913
2026-03-27,1.425881282035056,1.510279283288052,1.727684679033743,1.2316245600752727,1.267649600465407,1.1433852273482776
2026-03-30,1.4389611571032572,1.5046787502947971,1.7442131409364903,1.2275066609044647,1.266537820563897,1.158431148788043
2026-03-31,1.452479761022467,1.5319254139456406,1.7380698718506205,1.2631877329499464,1.282489678843937,1.1624851280225585
2026-04-01,1.451612685104251,1.5360616915834042,1.7320764733600023,1.2727051320867366,1.2881446885719825,1.1613485360431826
2026-04-02,1.462978884616387,1.526367771095853,1.7502460486366054,1.2738512568588432,1.2800700504192073,1.1753338918014549
2026-04-07,1.4703641761288746,1.5402146472512706,1.7645515072814926,1.280435606053833,1.29083921420681,1.1838850869625068
2026-04-08,1.4685349106233025,1.5445649285526466,1.7466945067435011,1.313047794677922,1.293619301629331,1.175512324419654
2026-04-09,1.4745647841069824,1.551917776057623,1.7547341908178367,1.3206228942087126,1.2989874525807286,1.1810250662581525
2026-04-10,1.472892320975408,1.556092866810216,1.7539258126240094,1.3197489130044915,1.3032588363832065,1.180736140847719
2026-04-13,1.4876648381431083,1.5633558707901314,1.7775100944398121,1.3326459444352863,1.307086482720365,1.1957612385722738
2026-04-14,1.5000677101684368,1.5765106568060288,1.7867727098477737,1.3488841220075345,1.3149427859282177,1.2001621818016757
2026-04-15,1.5002803485976652,1.5866005116667636,1.7935074899477925,1.3595282241118931,1.3203212714706443,1.2021028947963157
2026-04-16,1.4983436389806166,1.586952756247011,1.7921821798049098,1.3628690127968213,1.3194885080404357,1.2005484842301721
2026-04-17,1.5039248333675321,1.6016612770390277,1.793398771682713,1.3793402520235283,1.3306825804963536,1.2008796345306967
2026-04-20,1.5048554803270644,1.5958767684646482,1.7982649562228152,1.3765818791703972,1.324393718845308,1.2023815450460702
2026-04-21,1.4997106132361435,1.5886098446618633,1.803317044347067,1.3675695661037766,1.3188048275131778,1.205629046741374
2026-04-22,1.5153267832245054,1.6036367733597392,1.823033068106093,1.3814185042612954,1.3293321275432257,1.2174659987616003
2026-04-23,1.516881802931628,1.5957184032913108,1.8289117268060462,1.3760576096000396,1.324058919630844,1.2223456149494332
2026-04-24,1.5229426566102078,1.6003980381130396,1.836264912174759,1.3867210143567612,1.3233814629846692,1.2239574826498696
2026-04-27,1.5226647332292602,1.5979207919426406,1.8383176136972634,1.3891102537714903,1.323238602925445,1.2269806879831118
2026-04-28,1.519638166756347,1.586459126062905,1.8379081239144854,1.3823508700313059,1.3179338739247926,1.2299721842179934
2026-04-29,1.5190838895805643,1.5836550825338818,1.8420719835341843,1.38213711102921,1.3149342038703362,1.2325706558285692
2026-04-30,1.528165135434582,1.5933323464569278,1.8432634662398364,1.3958889401640375,1.3220845615780548,1.2357247727911087
2026-05-06,1.5399460724965475,1.6266244786675572,1.8555427507681557,1.4253544389964057,1.3423357020464142,1.2400341684238751
2026-05-07,1.534081281413709,1.6223539118901646,1.8436884244560734,1.4209841755187758,1.3404486210721005,1.2341940590613458
2026-05-08,1.5473447407824503,1.627929924270242,1.8586879552565372,1.4327158986772757,1.344515310486137,1.2438741585248023
2026-05-11,1.5615237133461817,1.6422470010103452,1.8744789977144471,1.4359790001440509,1.3539627730231298,1.2520808876404441
2026-05-12,1.5587408290363434,1.6287599184672301,1.8682277301708818,1.4338036388835926,1.3461015271142651,1.2513162328441183
2026-05-13,1.5550332965402756,1.6343322404361298,1.8619068170108852,1.441825559070938,1.348175935915086,1.2453961977123706
2026-05-14,1.5487490884787836,1.6318533409814062,1.8592127934696263,1.45320768974775,1.349471625352838,1.246328608481033
2026-05-15,1.5221805653719678,1.6156269426572132,1.8366426918103564,1.4357266358372291,1.3359163471847257,1.2314683918496907
2026-05-18,1.5210876857880162,1.6068505638649748,1.8344510502267495,1.4347165828490653,1.3298378540675648,1.2265165801213136
2026-05-19,1.50642466429683,1.5964664700287838,1.821463100017798,1.4251601017988487,1.3220339301626487,1.2168555548090285
2026-05-20,1.5144452471743397,1.6099646495838593,1.8173448636670095,1.4397666094855341,1.3289842227655748,1.2191684709258896
2026-05-21,1.5165249500617302,1.616092344295872,1.8199148608936297,1.4426218530570063,1.332596800036703,1.2198192323349697
2026-05-22,1.5152222533663882,1.6111666851334263,1.819561719801987,1.4482936157430488,1.3258456461339756,1.21742420857177
2026-05-26,1.5254016031172832,1.6251779815544376,1.8319223476779936,1.4579082430547052,1.3303618356121942,1.2210596072212363
2026-05-27,1.514048195124078,1.6182734939577057,1.8197864256262732,1.4576556404435332,1.3265583310517597,1.2148621289103818
2026-05-28,1.5259664932894,1.6234324472628658,1.833898759624303,1.4656969824354167,1.327872744542187,1.2221723991772122
2026-05-29,1.5216894703564254,1.6233331103571145,1.8244062335375801,1.4693486391451318,1.3258980840859815,1.2147315532208678
2026-06-01,1.5277060464600305,1.6185229683440505,1.8387792111011203,1.4733497691843602,1.3190003897586335,1.2204406438359683
2026-06-02,1.5292485658540664,1.6094559261609218,1.8376147007228618,1.4753505725083247,1.314056667862847,1.2234278858988858
2026-06-03,1.5195816958107202,1.6000711278569582,1.8266343683897537,1.4649977974720398,1.3066552696876261,1.215296383494911
2026-06-04,1.5171438694751476,1.6011283249991988,1.8184802754995755,1.4705334883741399,1.3100805645070177,1.2118751700953738
2026-06-05,1.4758044839823905,1.575926099471916,1.7679602255276126,1.4325799460455086,1.2916973822999,1.1755420257763693
2026-06-08,1.4835533166423922,1.5908955057524707,1.783074682361483,1.4358236257077457,1.29946573905044,1.181215968220454
2026-06-09,1.4742824180277923,1.5758483243279642,1.7720776430570886,1.4316088558185966,1.2893125056039818,1.174540413540144
2026-06-10,1.4605466547754544,1.5586645801925672,1.7531912317429705,1.4090386933581807,1.2810650205962293,1.1692120092225262
2026-06-11,1.483260234241225,1.5734845107274635,1.7791591598816219,1.4329879230929874,1.2935580249817271,1.18792387440459
2026-06-12,1.4835761135922685,1.5809933789715898,1.7796406842410355,1.4407378188646223,1.2975482927508482,1.185230993479367
2026-06-15,1.4939880512584418,1.6041604810427363,1.7948071601390814,1.4661438030919722,1.3105597934726598,1.1893941745955716
2026-06-16,1.4843710853629377,1.591207528049872,1.7755576672108013,1.457403276136712,1.3046362218634924,1.179844967990095
2026-06-17,1.4636779083847409,1.5801302758383873,1.7507549113478202,1.4392033771539259,1.2965799273271184,1.1621966313156358
2026-06-18,1.474162326271761,1.5856084062374272,1.774107198243386,1.4541667456049798,1.2961087186864426,1.1735974568793521
2026-06-22,1.4633186769131825,1.5866794929609132,1.7595405317373631,1.4495905871688093,1.295495528540066,1.1601818191230455
2026-06-23,1.4419685572081757,1.5659299010008447,1.7300305731418466,1.4285396149406793,1.283452419775604,1.143784636309233
2026-06-24,1.4338679242482166,1.5512659355379617,1.7265647377027782,1.4278774863037527,1.2721597438950205,1.1418151742449045
2026-06-25,1.4467046995557642,1.554435329453386,1.7465818099278774,1.4299416785848604,1.272295773031768,1.1524929218776452
2026-06-26,1.443710675767065,1.5557362730051536,1.7371514214894561,1.419601295374784,1.2768856312340084,1.1495014847169294
2026-06-29,1.449889183600714,1.563604374945456,1.754065475931731,1.4429889609084325,1.2804681326279377,1.1585598009303522
2026-06-30,1.4464014022908822,1.5736599029298437,1.750336537220584,1.4542252493229446,1.2860553260734704,1.152743142615048
2026-07-01,1.4362934734403514,1.5741956441430824,1.7327794464935404,1.4522584043688784,1.2915482661160567,1.1457384004466595
2026-07-02,1.4380198017901773,1.5707298142242054,1.7238950440228438,1.450350063132777,1.291673642032153,1.1430295596436855
2026-07-06,1.4572616377078087,1.587455244208462,1.769967653471401,1.4630078369960084,1.3020182876660422,1.1582201264736112
2026-07-07,1.4459268524038158,1.5781997961356546,1.7593747927312031,1.4560557841887178,1.2941594952099624,1.146945123383415
2026-07-08,1.4487054629414455,1.572494589008315,1.7949403889074393,1.4515574321228752,1.2878396893587625,1.1496836930291425
2026-07-09,1.4512504898297,1.5784437110023928,1.790711296505899,1.4638452384824798,1.2945432259626075,1.1521827073823054
2026-07-10,1.4540570501460222,1.5834658403762083,1.8018663578347167,1.4701545844573822,1.298537229151454,1.155729595861755
2026-07-13,1.4549227068455992,1.5746210227514053,1.8211981520263867,1.4588988742383318,1.2894486346748664,1.159416990346964
2026-07-14,1.467312157527345,1.5855717922924717,1.8367096393462325,1.4640788958978141,1.2994449928135858,1.1731195323516503
2026-07-15,1.4700165109358152,1.582903105069513,1.8388228511159694,1.4698819642807963,1.2971273634337186,1.1766680742475926
2026-07-16,1.4596606385208308,1.574602688647625,1.8291447036413835,1.46191723713749,1.2887900254149103,1.1673653966908613
2026-07-17,1.47016036977171,1.5758199632000132,1.8445920553290518,1.4474483502130233,1.2880332748306045,1.1765908002612826
2026-07-20,1.4658885972249394,1.5768681380684473,1.8389573352062107,1.4451116569075049,1.2891757907077268,1.17183141578901
2026-07-21,1.4776216756403118,1.5865076308989683,1.839341704164318,1.457165805851775,1.2999776202112099,1.1836864209195919
2026-07-22,1.4821940476022426,1.5892176572768466,1.8499077028537867,1.4554714619221194,1.3012194787452944,1.184052747187229
2026-07-23,1.4760830026077982,1.5777007667342222,1.8475787176909202,1.4374974754632877,1.2900521246846226,1.1792362294894716
2026-07-24,1.4740896257886607,1.5766793809874242,1.8463458036682516,1.4389579236732586,1.2876929888605033,1.1725422968311365
2026-07-27,1.4605999394695188,1.5770254587149035,1.8228214163593779,1.439269625763271,1.2876610405392168,1.1564846724430642
2026-07-28,1.4584886638938581,1.5759328776180666,1.8262777805909876,1.4427163407318466,1.2857589901945201,1.1575147767147296
2026-07-29,1.4589885700320953,1.571982620693364,1.8232990872281347,1.4205166223837582,1.2817889588845073,1.1549580749251502
2026-07-30,1.4708378281126295,1.5917535049564862,1.830473908244738,1.444332639986824,1.2896765630112195,1.15713285661212
2026-07-31,1.4646206044690204,1.5832549806481528,1.8340409067377623,1.4547316460670403,1.2830777540971516,1.1506573276417662
2026-08-03,1.4611721471646373,1.5877473837981237,1.823374994493449,1.4754513752484448,1.289342270102458,1.147715399105873
2026-08-04,1.4717462448617917,1.6026038014395814,1.8408881170755236,1.5020522174875095,1.2951016780661957,1.1514969664690118
2026-08-05,1.478492466403821,1.608023512762474,1.839331753794496,1.4990532763928892,1.3008940074731548,1.1535514266804392
2026-08-06,1.4773108423029233,1.606098949960392,1.837163836758782,1.496658079369406,1.300588805562285,1.1535759155107927
2026-08-07,1.4895980408105607,1.6192972154906076,1.8505158680084997,1.5058106345460973,1.3088470063619178,1.160063354615584
2026-08-10,1.4985415612635151,1.61937646322628,1.8578436474812048,1.5053627415199669,1.3109787388244625,1.1671356746258839
2026-08-11,1.4993103195442918,1.6193500652796806,1.862115892526628,1.5005528065162868,1.3109680914522857,1.1705540503058034
2026-08-12,1.5057532270010792,1.6256814390479564,1.8718444734137973,1.5043111044226993,1.3136021028496758,1.1743764510135655
2026-08-13,1.5074048069238646,1.6272337054535375,1.8813329962455307,1.5148074578299573,1.3131713358955,1.1789912961449602
2026-08-14,1.5073419643585728,1.6287674731242299,1.8805093748101782,1.5118085167353374,1.3149592753017587,1.1790549782238569
2026-08-17,1.51286733309572,1.6392899611988188,1.887217505448359,1.5046616501217889,1.3228858344340229,1.1832676066177077
2026-08-18,1.5022472830115479,1.6209527354861448,1.8723587422364705,1.494496539761257,1.313842395329404,1.179627634475571
2026-08-19,1.529094060916532,1.6421002800014737,1.9038183197211611,1.497631671791995,1.3313402035193858,1.205581375481385
2026-08-20,1.5339905649130228,1.6536242333765632,1.9081710092487416,1.4850518234512666,1.3417026072238327,1.210032380851344
2026-08-21,1.541333328340918,1.6743729502460505,1.9178621243083824,1.4911275120108347,1.3583723112133694,1.2158490896874903
2026-08-24,1.5400202659630189,1.6753884363078748,1.916229643744852,1.4867459290765717,1.3583258402199796,1.2136343950436705
2026-08-25,1.5439169340207954,1.675677021458445,1.9227828487375624,1.4914974795144618,1.3588433985560497,1.2184480248043659
2026-08-26,1.5412784292170896,1.6745759386907884,1.9239816566585364,1.4918286034090125,1.3582644901954415,1.2196137638827094
2026-08-27,1.549661632902301,1.6819662367954655,1.9358849645109795,1.5016043244613788,1.3638922896874413,1.2274221733580466
2026-08-28,1.5294094455897056,1.6617662230168537,1.9112198353104008,1.4981964531018799,1.3503337395486374,1.2133278719502418
2026-08-31,1.5326146693090028,1.6649721890643385,1.9182574797650602,1.4937175228405755,1.3531034752159814,1.2174789707596418
2026-09-01,1.5301251676962815,1.6534877365677172,1.9225960883932591,1.4834550651530025,1.3425128895211995,1.2199393059727401
2026-09-02,1.5362875839597743,1.6579392333435243,1.9247212230817856,1.4900370313044908,1.346510475116146,1.223662384246043
2026-09-03,1.547246800164702,1.673345070063128,1.9369345467766979,1.5056353616965528,1.3602318533520443,1.2325890770227494
2026-09-04,1.5441779172569579,1.6663878929852758,1.9323184170329184,1.4998322933135704,1.3544190516852568,1.2293056609095767
2026-09-08,1.5469465826224493,1.663686103536298,1.9445395311918918,1.4915949459936784,1.3518570500496838,1.2346921267687896
2026-09-09,1.5486538699449504,1.6660202692665933,1.951497485923164,1.484662434143101,1.3533723352482816,1.2336123831132504
2026-09-10,1.5409540580887748,1.6581275272706484,1.9585163405704342,1.475762958186282,1.3448571593178216,1.2292286703503796
2026-09-11,1.5341375251839338,1.6613971485144732,1.9477951410502965,1.4883428065270106,1.3482272809144418,1.2199466315256067
2026-09-14,1.527695801856306,1.6580543953132838,1.937521359725743,1.4817023366575572,1.3448677656665857,1.2142830066714683
2026-09-15,1.5329163768505334,1.6546443518197245,1.9521582048463189,1.4749061348952728,1.3404961272752647,1.2164685365537402
2026-09-16,1.5197838485491646,1.6525758809175732,1.9330566566304475,1.4684019751141124,1.3389018940105064,1.2032634082382458
2026-09-17,1.5312233716020789,1.6571915813431872,1.9335121978063952,1.4850518234512662,1.3460773571729823,1.2168096023889243
2026-09-18,1.5270327874041851,1.6716889360103353,1.9313415917747077,1.4869630243395693,1.3567297219516599,1.2092079873828814
2026-09-21,1.538058374803812,1.6911941847077372,1.9509166557261586,1.5100183744569164,1.3689586159112546,1.2238426293956737
2026-09-22,1.53599568982558,1.693293407724323,1.9346138103022668,1.5097841212807066,1.36856892551686,1.2180616478259367
2026-09-23,1.5164802616042168,1.6808823632937473,1.9283249472883288,1.4989104129349666,1.3590981773971622,1.1983542101504716
2026-09-24,1.5064813115282787,1.6814217184821785,1.9140132198187167,1.497680524183778,1.359496683631076,1.1858739250110217
2026-09-28,1.479696311652864,1.6671255321697478,1.8764211002114506,1.494615572784163,1.3495260988916191,1.1615498158561017
2026-09-29,1.4708316935435721,1.668574116569825,1.8617893790787812,1.491863038387611,1.3495281069916236,1.149073037469384
2026-09-30,1.4683142952367578,1.6664763341695388,1.8565376336131845,1.488798086987996,1.3479309798592096,1.1485355893750293
