stream,label,usd,dollar_share,risk_share
core_equity,equity beta core,662183.8632498826,0.2664352823509816,0.2169636533561018
DBC,commodities (DBC),757007.6876519844,0.30458845072355495,0.2006085961308652
TIP,TIPS (TIP),1961641.3397434035,0.7892829971132403,0.16801681656723508
TLT,long Treasuries (TLT),767219.1704389192,0.3086971272566955,0.1601866042867173
gold_silver,gold & silver (phys+PHYS+PSLV),247859.8,0.0997284885082399,0.13546427159460353
composer_momentum,Composer HG symphony + KMLM switcher,91351.92255634366,0.03675621927745419,0.04607331994267996
BTC,BTC,91892.49092908236,0.036973721537798904,0.04471119064261208
single_names,single names,48540.306971539845,0.01953060337334916,0.026515822013357455
composer_crash,Composer Crash Convexity,60261.19847670057,0.024246603280469025,-0.005212438795405248
KMLM,KMLM trend ETF,187629.8881967877,0.07549447368567101,0.003815086197264303
composer_vixhyg,Composer VIX Harvester,64994.33178535599,0.02615101953022074,0.0026439332060690366
eth_carry,HL ETH carry,30110.0,0.012115013362324602,0.0002131448578994683
usdc_idle,HL USDC (idle),67322.59,0.027087813930132865,0.0
margin_loan,margin_loan,-2552668.59,-1.0270878139301327,-0.0
