scenario,window,book,cum_return,max_drawdown,worst_day,weight_on_proxy_or_replica,top_contrib
gfc,2007-10-09..2009-03-09,liquid now,-0.15400691107984554,-0.19568092967969064,-0.03048630547866027,0.6059361674390609,"[('BTC', -0.044944676259733154), ('AVUV', -0.025644458896536597), ('composer_hg', -0.02109700128157918)]"
gfc,2007-10-09..2009-03-09,liquid post-revert,-0.1534104198446674,-0.195158074599176,-0.030068591761905128,0.7310198781175741,"[('BTC', -0.044944676259733154), ('AVUV', -0.025644458896536597), ('composer_hg', -0.02109700128157918)]"
gfc,2007-10-09..2009-03-09,current @15% (diag.),-0.23476443476780307,-0.2867331442926193,-0.048910640728120236,0.6933567106845269,"[('BTC', -0.06530021687215118), ('AVUV', -0.03725888952532303), ('composer_hg', -0.030651878569062607)]"
gfc,2007-10-09..2009-03-09,proposed v1 @15%,-0.19649999756809455,-0.39813414091495347,-0.04998794465096479,1.0509030777446633,"[('core_equity', -0.13534631839915962), ('DBC', -0.07720565135713037), ('composer_momentum', -0.04094400270519607)]"
gfc,2007-10-09..2009-03-09,proposed v2 @15%,-0.18647440221847755,-0.4004368062294096,-0.05133915015288382,0.4826327412066655,"[('core_equity', -0.15498452110250402), ('DBC', -0.08336596474161576), ('composer_momentum', -0.02033144163563333)]"
gfc,2007-10-09..2009-03-09,SPY,-0.5518944215905263,-0.5518944215905263,-0.09844766160456397,0.0,"[('SPY', -0.5518944215905263)]"
covid,2020-02-19..2020-03-23,liquid now,-0.1315197360699335,-0.14438615399936594,-0.0594187717331105,0.29384111508015387,"[('BTC', -0.037822509429872565), ('AVUV', -0.020442637765268806), ('physical_metals', -0.011531071088591265)]"
covid,2020-02-19..2020-03-23,liquid post-revert,-0.13128236916947456,-0.14413433033907286,-0.05939410348683738,0.41892482575866696,"[('BTC', -0.037822509429872565), ('AVUV', -0.020442637765268806), ('physical_metals', -0.011531071088591265)]"
covid,2020-02-19..2020-03-23,current @15% (diag.),-0.19175869321583872,-0.21047154657980582,-0.08978614391644535,0.23991313739038023,"[('BTC', -0.05495240535601368), ('AVUV', -0.02970115240782928), ('physical_metals', -0.01675351800292782)]"
covid,2020-02-19..2020-03-23,proposed v1 @15%,-0.17928535402573076,-0.3014973091790498,-0.06476586288550445,0.6963248266759162,"[('core_equity', -0.09427970955084557), ('DBC', -0.07250805161437697), ('BTC', -0.029262217368581363)]"
covid,2020-02-19..2020-03-23,proposed v2 @15%,-0.19177257208825427,-0.30785179341158486,-0.06925870343316853,0.1520460796950301,"[('core_equity', -0.10795931361300849), ('DBC', -0.07829353898468398), ('gold_silver', -0.01665784208070215)]"
covid,2020-02-19..2020-03-23,SPY,-0.3371728189633807,-0.3371728189633807,-0.10942371626692793,0.0,"[('SPY', -0.3371728189633807)]"
inflation_2022,2022-01-03..2022-10-12,liquid now,-0.1067753069166435,-0.12486319999126971,-0.030828462300689696,0.2606163648844064,"[('BTC', -0.066401972044426), ('FTZFF', -0.009874529347438583), ('physical_metals', -0.009186103113167799)]"
inflation_2022,2022-01-03..2022-10-12,liquid post-revert,-0.10742541729541588,-0.12515514370875092,-0.03083714255293879,0.38570007556291963,"[('BTC', -0.066401972044426), ('FTZFF', -0.009874529347438583), ('physical_metals', -0.009186103113167799)]"
inflation_2022,2022-01-03..2022-10-12,current @15% (diag.),-0.15922186121387105,-0.1817655279963758,-0.046333828644051556,0.1916408263213799,"[('BTC', -0.09647556810024914), ('FTZFF', -0.014346724941833838), ('physical_metals', -0.013346508984362673)]"
inflation_2022,2022-01-03..2022-10-12,proposed v1 @15%,-0.10000230615505079,-0.2276689163881367,-0.049835638886930766,0.3404945481710406,"[('TIP', -0.12041376606149837), ('TLT', -0.11578366579151447), ('BTC', -0.05137334801301689)]"
inflation_2022,2022-01-03..2022-10-12,proposed v2 @15%,-0.19876740264280168,-0.29225407342834997,-0.0434133753001722,0.06982277613474858,"[('TIP', -0.10451226857428055), ('TLT', -0.09628193299913594), ('core_equity', -0.05377643829812249)]"
inflation_2022,2022-01-03..2022-10-12,SPY,-0.24059231456591657,-0.24471086238335737,-0.0403115304118028,0.0,"[('SPY', -0.24059231456591657)]"
